-2.458417654504403693e-02,-9.180054265757289431e-03,-1.919342521553641734e-03,3.165645441155947454e-02,7.596689141607519333e-03,-1.087633641690418373e-01,-2.456426799632065866e-02,-1.013229718287991625e-02,-2.277153488421396199e-02,-3.029605940764398472e-02
-2.458462062162245984e-02,-9.170127973252126599e-03,-1.917206111531480957e-03,3.162064769560551242e-02,7.605914337198645819e-03,-1.086406589198549849e-01,-2.452464819540625326e-02,-1.014073205696761418e-02,-2.284613346850474652e-02,-3.022669256321292020e-02
-2.458587757991811951e-02,-9.141598139228804612e-03,-1.910669310995380746e-03,3.151870579861754812e-02,7.634399419543579611e-03,-1.082996820721640330e-01,-2.440941666056028678e-02,-1.015775089424983922e-02,-2.306782690549054674e-02,-3.003324620818083324e-02
-2.458795718757952192e-02,-9.094208556039021576e-03,-1.899691890824200440e-03,3.135012533434028414e-02,7.682167778670100783e-03,-1.077395492887250755e-01,-2.421918174028496115e-02,-1.018270339270032840e-02,-2.343591514693143044e-02,-2.971422092416709654e-02
-2.459086663958203259e-02,-9.027726214499418034e-03,-1.884128888288196142e-03,3.111420775850290421e-02,7.749236524432090260e-03,-1.069611289269174204e-01,-2.395349840818952400e-02,-1.021481821380436188e-02,-2.395352353123231248e-02,-2.926661853592155138e-02
-2.459461404466037684e-02,-8.941901195039606356e-03,-1.863914692971508236e-03,3.081038281174288199e-02,7.835474921644294127e-03,-1.059636354794055019e-01,-2.361377029872961317e-02,-1.025402802835622372e-02,-2.462101602625534069e-02,-2.869062530430933206e-02
-2.459920710920460510e-02,-8.836481650168105315e-03,-1.838904107195779743e-03,3.043797419297595078e-02,7.940743494573354599e-03,-1.047483502171397546e-01,-2.319996973558379610e-02,-1.029931351149599231e-02,-2.544087095012317543e-02,-2.798335811624721656e-02
-2.460465465824270698e-02,-8.711183741022133359e-03,-1.809006286829087764e-03,2.999636984061717845e-02,8.064788599607825015e-03,-1.033152329819491122e-01,-2.271374474032165913e-02,-1.035048306380885810e-02,-2.641339094693233996e-02,-2.714461247980084341e-02
-2.461096557630315998e-02,-8.565706486840185541e-03,-1.774056303328250955e-03,2.948483182815305609e-02,8.207312652054554042e-03,-1.016660316282703563e-01,-2.215567633992881688e-02,-1.040639502337361612e-02,-2.754072552614840810e-02,-2.617163962563762852e-02
-2.461815007875048714e-02,-8.399708082254311522e-03,-1.733928158265586866e-03,2.890265265164517622e-02,8.367906873437552795e-03,-9.980148467853761085e-02,-2.152779734088709762e-02,-1.046663540303973371e-02,-2.882318868918362642e-02,-2.506390022421722819e-02
-2.462621878708342801e-02,-8.212818546142697240e-03,-1.688426379405490348e-03,2.824898868933746129e-02,8.546087761315419515e-03,-9.772394758934993542e-02,-2.083133581611680551e-02,-1.052987251115166181e-02,-3.026267087184477192e-02,-2.381864825363094046e-02
-2.463518382080028685e-02,-8.004619722810588436e-03,-1.637382718043610191e-03,2.752300237494867408e-02,8.741253634898972849e-03,-9.543501923608367632e-02,-2.006882840317449762e-02,-1.059542140555829945e-02,-3.185945574454276952e-02,-2.243500923743019584e-02
-2.464505799453469564e-02,-7.774655719530721570e-03,-1.580562256803055583e-03,2.672371189657318097e-02,8.952696752945974237e-03,-9.293780701628462371e-02,-1.924221214882948852e-02,-1.066170275660584081e-02,-3.361516316755464723e-02,-2.091018849922695808e-02
-2.465585578101823702e-02,-7.522415093349379620e-03,-1.517747381301229369e-03,2.585012144059557065e-02,9.179572261708091388e-03,-9.023489588681997409e-02,-1.835464349262723102e-02,-1.072770834729326259e-02,-3.552994336609392040e-02,-1.924301096661979946e-02
-2.466759262312678141e-02,-7.247339054756243154e-03,-1.448655028657196923e-03,2.490108369447729258e-02,9.420892173213962426e-03,-8.733032718978119002e-02,-1.740886147208900447e-02,-1.079155269082252185e-02,-3.760504656312621541e-02,-1.743063770227117754e-02
-2.468028580183113940e-02,-6.948804830684561333e-03,-1.373010179050191803e-03,2.387541919344924463e-02,9.675498888217606494e-03,-8.422785348615871581e-02,-1.640877644943643243e-02,-1.085184429362151190e-02,-3.984031370011764661e-02,-1.547166970369338347e-02
-2.469395385879577867e-02,-6.626131539891727193e-03,-1.290471902101002471e-03,2.277178922009501574e-02,9.942043332371893263e-03,-8.093268887880640527e-02,-1.535805666616416043e-02,-1.090632162324883456e-02,-4.223642886141665276e-02,-1.336328858837650645e-02
-2.470861739707465310e-02,-6.278563968263727903e-03,-1.200698058669247888e-03,2.158880473642481312e-02,1.021895825250840849e-02,-7.745000847888686146e-02,-1.426153554188617882e-02,-1.095313595774664167e-02,-4.479264864314679018e-02,-1.110400159642515282e-02
-2.472429861279537219e-02,-5.905275932109111878e-03,-1.103278248852369988e-03,2.032490827595776969e-02,1.050441906848952923e-02,-7.378651312733197631e-02,-1.312397750469985677e-02,-1.098956330917662434e-02,-4.750877431556566055e-02,-8.691153237230759415e-03
-2.474102205374791724e-02,-5.505353701992439161e-03,-9.977910117950012162e-04,1.897847298810947242e-02,1.079631202155995236e-02,-6.994914712337958751e-02,-1.195135023761591080e-02,-1.101320347887781159e-02,-5.038306288896118174e-02,-6.123373866079317301e-03
-2.475881426602425869e-02,-5.077796559954890487e-03,-8.837421379202625282e-04,1.754769117694066072e-02,1.109217634470482765e-02,-6.594651096691485359e-02,-1.074973389645740574e-02,-1.102075782806732733e-02,-5.341395008210035600e-02,-3.398419354394195159e-03
-2.477770453516599594e-02,-4.621499024291919437e-03,-7.606152788743231240e-04,1.603066474871296665e-02,1.138915873962527067e-02,-6.178777986586386772e-02,-9.526490364565591562e-03,-1.100915259976346060e-02,-5.659808122770272620e-02,-5.153942258630820001e-04
-2.479772466310289220e-02,-4.135248065058511752e-03,-6.278143156811661881e-04,1.442529782323690411e-02,1.168393371496065022e-02,-5.748399315130934412e-02,-8.289290726022162034e-03,-1.097436869856792223e-02,-5.993180186101759732e-02,2.527112578595179342e-03
-2.481890972276587157e-02,-3.617703145024206077e-03,-4.847080073205077338e-04,1.272937860677208870e-02,1.197263603865024624e-02,-5.304716122647712417e-02,-7.047206541474909484e-03,-1.091249505434980192e-02,-6.340925110871033221e-02,5.728965530493345358e-03
-2.484129799447826886e-02,-3.067389125769207341e-03,-3.305752375982347595e-04,1.094047386777387276e-02,1.225074958717360663e-02,-4.849145652314758304e-02,-5.809828807302760620e-03,-1.081860160494810957e-02,-6.702361048612717753e-02,9.090043469292440753e-03
-2.486493178047374450e-02,-2.482672759864552794e-03,-1.646439774263260632e-04,9.056000642071078410e-03,1.251300675250105639e-02,-4.383250216957756268e-02,-4.588296495346241843e-03,-1.068772047011909421e-02,-7.076520115373673148e-02,1.260827751272054244e-02
-2.488985755435182967e-02,-1.861749791829632027e-03,1.396156060241357347e-05,7.073118959385469272e-03,1.275323309078788339e-02,-3.908847670181008621e-02,-3.394479287764468663e-03,-1.051375680466619562e-02,-7.462246452436374633e-02,1.628087355137915540e-02
-2.491612691388447182e-02,-1.202615716552760681e-03,2.061878118929703983e-04,4.988789011575180468e-03,1.296419633477623179e-02,-3.427957961317164293e-02,-2.241937740515793052e-03,-1.029039427482323667e-02,-7.857999723191198826e-02,2.010236387057668522e-02
-2.494379704885192964e-02,-5.030444682251984309e-04,4.131037324051652212e-04,2.799655269283730583e-03,1.313738784141323980e-02,-2.942904598474741645e-02,-1.145126600219929748e-03,-1.001003929091044166e-02,-8.261921295831529954e-02,2.406541463829960092e-02
-2.497293197945038568e-02,2.394502723463222719e-04,6.358741507462453788e-04,5.020780446450385202e-04,1.326279700394899716e-02,-2.456276408225478713e-02,-1.202402983604868437e-04,-9.664645841856875363e-03,-8.671625693371420862e-02,2.815877746146404001e-02
-2.500360356206983437e-02,1.027649897989630842e-03,8.758118030791036453e-04,-1.908007954844217991e-03,1.332860390447593475e-02,-1.971015748552626054e-02,8.156469744737088147e-04,-9.244699918350269413e-03,-9.084230344074813168e-02,3.236755029001895517e-02
-2.503589332875948148e-02,1.864686493255959679e-03,1.134358784524735347e-03,-4.435114578574296529e-03,1.332084917428483749e-02,-1.490388099732465298e-02,1.643975735683628593e-03,-8.739960225424449683e-03,-9.496132355156303162e-02,3.667087426099242820e-02
-2.506989452528514059e-02,2.754102560780330618e-03,1.413141052150248015e-03,-7.084410209158308915e-03,1.322300720769188989e-02,-1.018043329785917397e-02,2.345809063137330348e-03,-8.138510026788139257e-03,-9.903005117758806319e-02,4.104146672313157412e-02
-2.510571531299194206e-02,3.699941847676827163e-03,1.713962675764126378e-03,-9.861865011954658658e-03,1.301552328425017828e-02,-5.579731672162202734e-03,2.901743376591753906e-03,-7.427426833792488171e-03,-1.029957640802921098e-01,4.544291461461004433e-02
-2.514348308534983603e-02,4.706864682780087517e-03,2.038870910255194055e-03,-1.277464529626712482e-02,1.267524673312921471e-02,-1.145134940672846166e-03,3.293634676073165912e-03,-6.591956823672900229e-03,-1.067962547517923855e-01,4.982835124513865233e-02
-2.518335108785629828e-02,5.780328112817808422e-03,2.390180600000821592e-03,-1.583158075174756485e-02,1.217482617943054478e-02,3.077525131560425974e-03,3.505528616100012530e-03,-5.616136709299078544e-03,-1.103583471481141137e-01,5.413740480029929913e-02
-2.522550856199614819e-02,6.926856308050091844e-03,2.770584521102605058e-03,-1.904407565587074025e-02,1.148199698715623475e-02,7.041034260254305788e-03,3.526569263049384589e-03,-4.482102254951231095e-03,-1.135991278389364006e-01,5.829437081896007150e-02
-2.527019704089089602e-02,8.154500171627656821e-03,3.183282683879590496e-03,-2.242747483813248288e-02,1.055878126079947202e-02,1.069866530803317665e-02,3.353431774943407221e-03,-3.170455182803937327e-03,-1.164272891363447165e-01,6.220576991696346453e-02
-2.531773777123508956e-02,9.473639577611143656e-03,3.632296748278101943e-03,-2.600349767872782089e-02,9.360323784046399240e-03,1.400586854322376229e-02,2.994286301903457612e-03,-1.658996018910858378e-03,-1.187486242480133014e-01,6.575977033084083601e-02
-2.536857924734376921e-02,1.089849402681331708e-02,4.123046470103091006e-03,-2.980429107730368093e-02,7.832683533277496821e-03,1.691950432440009547e-02,2.470723880451191744e-03,7.931094101808018799e-05,-1.204735004421105260e-01,6.882683582300887226e-02
-2.542338397776051223e-02,1.245008666278801801e-02,4.663594568729023150e-03,-3.387960539554061429e-02,5.907173979672353595e-03,1.938815566558394626e-02,1.815631485696408065e-03,2.083630265041869906e-03,-1.215269005194514196e-01,7.126155100345331339e-02
-2.548319302790157809e-02,1.416234394283377024e-02,5.267133108917402239e-03,-3.830944454253735337e-02,3.484622912008203052e-03,2.131637338548043881e-02,1.053949509849850912e-03,4.421586290064174855e-03,-1.218479415474111038e-01,7.289828484336066672e-02
-2.554976200834842281e-02,1.609496856487290656e-02,5.956599881622640265e-03,-4.322720726098986527e-02,3.932418247316914260e-04,2.247671061352313551e-02,1.383162401303778303e-04,7.217383669345866018e-03,-1.213441055960861326e-01,7.351541336356354206e-02
-2.562634811979548274e-02,1.835969142127461332e-02,6.770234732050052495e-03,-4.886278911587389751e-02,-3.696575340045958526e-03,2.241007338799132220e-02,-1.215446853707041926e-03,1.061597300905004100e-02,-1.196955495032180211e-01,7.270614045118457824e-02
-2.572001933094118786e-02,2.115413139106185267e-02,7.753761182337035734e-03,-5.559911546596461862e-02,-9.199287615564993512e-03,2.099828302201963565e-02,-3.477605234140245319e-03,1.410618578250011010e-02,-1.156443274328625009e-01,6.950545395526008807e-02
-2.584558780774246986e-02,2.457833485526301001e-02,8.900190308298479291e-03,-6.352807757201280048e-02,-1.459789315472600178e-02,2.162100047085490501e-02,-2.617048949337892876e-03,1.423711294207771066e-02,-1.033990577202594657e-01,6.105850079888158755e-02
-2.590541831038756584e-02,2.672703096608683437e-02,9.900755556802556118e-03,-6.713661978396126551e-02,-2.240571004804992744e-02,4.647264119601221197e-03,-7.245216375042932977e-03,1.809704149213857069e-02,-8.748704734917323034e-02,4.487259252462010017e-02
-2.593394452003894637e-02,2.798972981758825196e-02,1.056225692879706954e-02,-6.849922585678439035e-02,-3.014007455745280548e-02,-1.354958105831457343e-02,-1.127462126902930781e-02,2.046036116380967051e-02,-6.922497306841318698e-02,2.515059885997855682e-02
-2.594878597081682128e-02,2.873707584024190811e-02,1.096950828099221321e-02,-6.897533995200123835e-02,-3.650781868228362287e-02,-2.760365098860360217e-02,-1.306550955560065175e-02,2.099610960486853958e-02,-5.278359566658036295e-02,6.483664089150999177e-03
-2.595709885446924672e-02,2.918634050020580892e-02,1.121662186117758711e-02,-6.911657221562508835e-02,-4.129854801221978511e-02,-3.737790074441853932e-02,-1.331678732459003027e-02,2.035422106188521443e-02,-3.976612232117997248e-02,-8.901443290930921917e-03
-2.596203474270041001e-02,2.946015499042934846e-02,1.136655888056656467e-02,-6.913270276805301429e-02,-4.473649078287760678e-02,-4.389198320354460031e-02,-1.290039247368882785e-02,1.912379090158625172e-02,-3.003742720552621953e-02,-2.055080471640808454e-02
-2.596512223920615162e-02,2.962878807559468641e-02,1.145767408390234963e-02,-6.910470630622959909e-02,-4.714192217570915833e-02,-4.814461827168548674e-02,-1.235306971515297107e-02,1.767730632329432561e-02,-2.290417769763516617e-02,-2.885338816400600040e-02
-2.596715809079206197e-02,2.973336776107512319e-02,1.151293016722720886e-02,-6.906436101273184802e-02,-4.880434954349192195e-02,-5.088639680808772908e-02,-1.192182713981932221e-02,1.621056937200101786e-02,-1.764662095764936781e-02,-3.446389323451557601e-02
-2.596857911938809521e-02,2.979843568565479495e-02,1.154612646241844585e-02,-6.902388413190049810e-02,-4.994980491052931210e-02,-5.263491443957322297e-02,-1.168588564884047963e-02,1.480921001020448283e-02,-1.367988221906457115e-02,-3.803249372720166055e-02
-2.596963363055080840e-02,2.983887523183593321e-02,1.156563792400965365e-02,-6.898747766994067776e-02,-5.074297667691800295e-02,-5.373417145349713986e-02,-1.164474693940445449e-02,1.349974825436607746e-02,-1.057186933513285139e-02,-4.010576435313090160e-02
-2.597046657571580597e-02,2.986383312926105607e-02,1.157660264817527221e-02,-6.895607068081652247e-02,-5.129935032732307887e-02,-5.440875870317347929e-02,-1.176740041624794141e-02,1.228099237712826537e-02,-8.017936412051644354e-03,-4.110742942991270354e-02
-2.597116427746468809e-02,2.987899141006258863e-02,1.158220362992807423e-02,-6.892933268552318971e-02,-5.169806449870784776e-02,-5.480400029384908944e-02,-1.201614406008478554e-02,1.114110968348442504e-02,-5.808721045583712349e-03,-4.135092864525145850e-02
-2.597177893547256838e-02,2.988791078563032833e-02,1.158442781908375872e-02,-6.890653744338788578e-02,-5.199256140381087327e-02,-5.501351938361660060e-02,-1.235657709972064026e-02,1.006597447884619544e-02,-3.802473605777833502e-03,-4.106129531664449994e-02
-2.597234250051165538e-02,2.989283883059297431e-02,1.158452212187433342e-02,-6.888691920040207473e-02,-5.221857984579299228e-02,-5.509754246360296093e-02,-1.276082095630865984e-02,9.042735578928465592e-03,-1.904015063425068153e-03,-4.039689718121120682e-02
-2.597287471647593757e-02,2.989520127997612187e-02,1.158326958445139720e-02,-6.886979849770329121e-02,-5.239986603720865610e-02,-5.509475129036635332e-02,-1.320762139350019175e-02,8.060921294371506743e-03,-4.966438903128554981e-05,-3.946779381750808308e-02
-2.597338793725142980e-02,2.989590768684042416e-02,1.158116033088905754e-02,-6.885461935768795450e-02,-5.255214370320458045e-02,-5.502999740671078721e-02,-1.368151267952362991e-02,7.112567411242984305e-03,1.803192948846849084e-03,-3.834963530440391177e-02
-2.597389001107115389e-02,2.989553983369082693e-02,1.157849680932752402e-02,-6.884093735393212454e-02,-5.268580737954252358e-02,-5.491919292854705731e-02,-1.417157101266240150e-02,6.191815049843689758e-03,3.683305703218950518e-03,-3.709421451481820231e-02
-2.597438609695501902e-02,2.989447141730927973e-02,1.157545981250564758e-02,-6.882840016781591186e-02,-5.280775983053798139e-02,-5.477244333885202682e-02,-1.467027095869967088e-02,5.294412855332874916e-03,5.610429581691090371e-03,-3.573705901799705681e-02
-2.597487968502382172e-02,2.989293376418996478e-02,1.157214398337608544e-02,-6.881673761415767199e-02,-5.292243321025748293e-02,-5.459576332172808716e-02,-1.517289704777495356e-02,4.417476739498781696e-03,7.598096541326099761e-03,-3.430154435037318511e-02
-2.597537362588988111e-02,2.989108449473806134e-02,1.156859441878760157e-02,-6.880572145723408417e-02,-5.303305282579284102e-02,-5.439283297892874569e-02,-1.567611899293466782e-02,3.558649042192717736e-03,9.656988159699455079e-03,-3.280518309924363579e-02
-2.597587042918664962e-02,2.988901879966059452e-02,1.156481021772516604e-02,-6.879518275614539269e-02,-5.314177686082561386e-02,-5.416517092923286286e-02,-1.617809116816008169e-02,2.716238644606176755e-03,1.179534636054289931e-02,-3.125978761457006566e-02
-2.597637278279368508e-02,2.988679556872543552e-02,1.156075544958404255e-02,-6.878500682089373763e-02,-5.325020632503047607e-02,-5.391263784146572979e-02,-1.667779816744722685e-02,1.888853014019174076e-03,1.402034030553647899e-02,-2.967405415226155238e-02
-2.597688400014756122e-02,2.988445047533983337e-02,1.155636022959597060e-02,-6.877515946049091167e-02,-5.335964672487807092e-02,-5.363342692123433675e-02,-1.717461124617787604e-02,1.075225065614862901e-03,1.633859583590840242e-02,-2.805470738410026366e-02
-2.597740845908731722e-02,2.988200440988060883e-02,1.155151858365474453e-02,-6.876571744947558573e-02,-5.347127926343637344e-02,-5.332387127448393743e-02,-1.766790510496358060e-02,2.740263255439730401e-04,1.875660629545310848e-02,-2.640754177702352157e-02
-2.597795245457527880e-02,2.987948131858294415e-02,1.154608525488757739e-02,-6.875698265042286261e-02,-5.358632979826516429e-02,-5.297817881244416827e-02,-1.815703884065807822e-02,-5.157706667741477529e-04,2.128056882148295428e-02,-2.473677766955324417e-02
-2.597852484336198378e-02,2.987690157210368819e-02,1.153985550164840501e-02,-6.874956724239300598e-02,-5.370613273413984284e-02,-5.258704467707345925e-02,-1.863963345499002403e-02,-1.296021017823486242e-03,2.391592073022892270e-02,-2.304750245679096365e-02
-2.597913882275697250e-02,2.987431372637577853e-02,1.153255553935821943e-02,-6.874467900460316805e-02,-5.383224251775493158e-02,-5.213681590394003695e-02,-1.911141423016506427e-02,-2.068870243008958006e-03,2.666611486828322775e-02,-2.134392629346161183e-02
-2.597981438322430336e-02,2.987182956138892745e-02,1.152382160200836163e-02,-6.874453726032375700e-02,-5.396648987544262754e-02,-5.160769533945937237e-02,-1.956490760542676025e-02,-2.837003610145754501e-03,2.953037061741927219e-02,-1.962880864646446288e-02
-2.598058251471482838e-02,2.986969924195889345e-02,1.151317895433727652e-02,-6.875310137630800955e-02,-5.411102548049569194e-02,-5.097147477812268707e-02,-1.998785265271492417e-02,-3.603798345921045351e-03,3.249985884512225642e-02,-1.790169252966870503e-02
-2.598149250168808877e-02,2.986847146170374181e-02,1.150003009017532517e-02,-6.877733580742984021e-02,-5.426841275703845474e-02,-5.018903377779167924e-02,-2.036164567977470294e-02,-4.373086788895658855e-03,3.555165351288150366e-02,-1.615526714980185935e-02
-2.598262491420340325e-02,2.986933484200162553e-02,1.148367043147068695e-02,-6.882940255125698237e-02,-5.444199770266874849e-02,-4.920852590493130646e-02,-2.066066233907116328e-02,-5.148026363098580707e-03,3.864002761511544509e-02,-1.436904570666892172e-02
-2.598411548696355836e-02,2.987484859898472192e-02,1.146333493272909398e-02,-6.893045794468394272e-02,-5.463733035932431814e-02,-4.796622431397325192e-02,-2.085512134027360173e-02,-5.928247866662350596e-03,4.168565317634995160e-02,-1.249927289211161079e-02
-2.598620212864662105e-02,2.989048241863231925e-02,1.143807345698614163e-02,-6.911711411366606994e-02,-5.486677362015977832e-02,-4.639132296117869092e-02,-2.092595652011114415e-02,-6.707647363087617873e-03,4.456886053319188135e-02,-1.046712780626822721e-02
-2.598933950086645267e-02,2.992747437708724936e-02,1.140489944688223740e-02,-6.945194622041424293e-02,-5.516320536214046333e-02,-4.439216422893526443e-02,-2.091621552141205431e-02,-7.503949038863160295e-03,4.715288894356053223e-02,-8.159214406182833598e-03
-2.599462289102587309e-02,3.000411374102162146e-02,1.134815569288682470e-02,-7.003488567975946211e-02,-5.561272617589149009e-02,-4.167909760793263307e-02,-2.102398680442389006e-02,-8.626608939133665818e-03,4.948208853596879064e-02,-5.542850925345617179e-03
-2.600496836379619092e-02,3.010586918778439952e-02,1.122199273081594430e-02,-7.089131439936872947e-02,-5.630273599450195260e-02,-3.757816551286717599e-02,-2.097587360823051014e-02,-1.154869929095136624e-02,5.293143959029268653e-02,-3.344153113698638928e-03
-2.600095701201423845e-02,3.001865342963874056e-02,1.124719396767117664e-02,-7.027824589458255000e-02,-5.586441097134765832e-02,-3.881860987495573678e-02,-2.161453524497351439e-02,-1.228507710220402491e-02,5.763020917254395303e-02,-2.186281210200645073e-03
-2.599149268247066824e-02,2.980048608715398992e-02,1.126402025509797532e-02,-6.893882842600998484e-02,-5.495184323499383711e-02,-4.044313686340936936e-02,-2.228789197742053751e-02,-1.319721222855008841e-02,6.326275333612985108e-02,-1.482843149154018094e-03
-2.597981680736503873e-02,2.950347455984037373e-02,1.125276647389163859e-02,-6.731338883420927288e-02,-5.367954427343723384e-02,-4.110197600403582563e-02,-2.256900281648217127e-02,-1.443065151186432964e-02,6.864691856780685830e-02,-4.426153127930574499e-04
-2.596707153858254097e-02,2.915827944523593021e-02,1.121835498151289162e-02,-6.557837386386999867e-02,-5.210588352400517126e-02,-4.079347844024801967e-02,-2.253663955148821688e-02,-1.584164096610915853e-02,7.335576173777443032e-02,1.286622215304204439e-03
-2.595372974927076873e-02,2.878237861949199672e-02,1.116711873383426611e-02,-6.380246071562151178e-02,-5.029505991796182074e-02,-3.974674131208777439e-02,-2.234125733817179590e-02,-1.730434273493685476e-02,7.739288671661595509e-02,3.745448724215969492e-03
-2.594001437004608834e-02,2.838588275157763116e-02,1.110363184666069564e-02,-6.201313576020896223e-02,-4.830726050353238016e-02,-3.816399154915928876e-02,-2.208227069811738441e-02,-1.874104750847108147e-02,8.087965977960803743e-02,6.839812175476541085e-03
-2.592604047614467319e-02,2.797476870730030568e-02,1.103086523164905838e-02,-6.022184054765704342e-02,-4.619143294202602418e-02,-3.618766005423837417e-02,-2.180805314839160194e-02,-2.010996221398216044e-02,8.393766204190368507e-02,1.044076746170492787e-02
-2.591187167005114950e-02,2.755266097666444688e-02,1.095069463862321721e-02,-5.843355901276395259e-02,-4.398445973496824951e-02,-3.391220632784636840e-02,-2.153691207807237676e-02,-2.139098022708908406e-02,8.666115627146436795e-02,1.442505006456872192e-02
-2.589754501322550154e-02,2.712182141061420665e-02,1.086431478507079128e-02,-5.665063996489155124e-02,-4.171307764736115892e-02,-3.139993225752177319e-02,-2.127281623311193942e-02,-2.257494487973059349e-02,8.911644162023267535e-02,1.868822960348384341e-02
-2.588308345793164517e-02,2.668371445827850269e-02,1.077250053206759567e-02,-5.487432768509665354e-02,-3.939651766209268519e-02,-2.869292821639798582e-02,-2.101409586933672760e-02,-2.365771230989862847e-02,9.134884191217251814e-02,2.314511531317503534e-02
-2.586850195761768167e-02,2.623933033234305753e-02,1.067577692315791783e-02,-5.310541160491295126e-02,-3.704878684646401715e-02,-2.582099640368228435e-02,-2.075752055706676230e-02,-2.463685129312288835e-02,9.338880940802302133e-02,2.772660209986886268e-02
-2.585381070472327417e-02,2.578936788418626294e-02,1.057451013805214314e-02,-5.134447874706745546e-02,-3.468036666058621487e-02,-2.280631306878149953e-02,-2.050010614800320055e-02,-2.551040492996602127e-02,9.525711343347435800e-02,3.237563099343751527e-02
-2.583901653115123348e-02,2.533432740085910656e-02,1.046896111322501328e-02,-4.959200372897395320e-02,-3.229933250449995574e-02,-1.966622416682277039e-02,-2.023958946606066109e-02,-2.627616532177328573e-02,9.696775853368436171e-02,3.704432262219916477e-02
-2.582412325091200736e-02,2.487453742349859248e-02,1.035929564483287386e-02,-4.784836797306241812e-02,-2.991185892291439372e-02,-1.641423357638685174e-02,-1.997460376651641681e-02,-2.693143575852355309e-02,9.852950342004884732e-02,4.169251266014546015e-02
-2.580913002082101809e-02,2.441010608555210099e-02,1.024557833485983602e-02,-4.611376663849611063e-02,-2.752203229018344507e-02,-1.306081484580214058e-02,-1.970460515665066123e-02,-2.747295796681695212e-02,9.994568745168179447e-02,4.629069324782484479e-02
-2.579402851003926439e-02,2.394076975253080566e-02,1.012769100056383140e-02,-4.438800733096139040e-02,-2.513064775800182352e-02,-9.609897628795813218e-03,-1.943020163666891661e-02,-2.789679823897952063e-02,1.012120331331521350e-01,5.082224956411807160e-02
-2.577878866546746972e-02,2.346543191358320055e-02,1.000524202899863609e-02,-4.266873048775173677e-02,-2.273444132665552661e-02,-6.060753426971850558e-03,-1.915293871532539743e-02,-2.819237378644659162e-02,1.023190646490353128e-01,5.527942082263705842e-02
-2.576331733192457896e-02,2.298450149792925085e-02,9.878453005037663576e-03,-4.095073213503263448e-02,-2.039363183931922757e-02,-2.511662741111930081e-03,-1.893323473236853058e-02,-2.827637050234272503e-02,1.033167033150879655e-01,5.963029932550639040e-02
-2.574878249407411279e-02,2.253234066811155359e-02,9.761980539481384875e-03,-3.932966647400776283e-02,-1.811616546079740375e-02,9.038870507914012779e-04,-1.861215069902654590e-02,-2.844725984247238951e-02,1.044309493628100549e-01,6.306444550629956847e-02
-2.573361250589720553e-02,2.205868711435612570e-02,9.635061524766360894e-03,-3.766694607443513143e-02,-1.579415284032689368e-02,4.499801387133054234e-03,-1.829713064571841449e-02,-2.849483908353390299e-02,1.053429721024131960e-01,6.640340025598658047e-02
-2.571782113337042416e-02,2.156735295233553479e-02,9.501672208598313171e-03,-3.598409590553993537e-02,-1.345289041962250375e-02,7.910262715234905526e-03,-1.796744824748151836e-02,-2.853668006754212991e-02,1.063356750442506354e-01,6.910848033076852359e-02
-2.570354981295638191e-02,2.112240441434264440e-02,9.379280249425058988e-03,-3.441201196253185907e-02,-1.135380689935745410e-02,1.176146888703509877e-02,-1.779864111610431412e-02,-2.781514305789846431e-02,1.065360769931249924e-01,7.312917957835626814e-02
-2.568855759801732044e-02,2.065764999767124091e-02,9.251074503493801962e-03,-3.280697051659614560e-02,-9.221548169078731469e-03,1.532259148126967514e-02,-1.762275756861308301e-02,-2.716739543531396933e-02,1.069647273982930885e-01,7.623377276364823318e-02
-2.567326720110985061e-02,2.018159281863547705e-02,9.115917854027662248e-03,-3.120162822077405043e-02,-7.075868592005234679e-03,1.893745709294062871e-02,-1.740880377188170486e-02,-2.647829463531628166e-02,1.073080592968737035e-01,7.884133733150955337e-02
-2.565784065061425465e-02,1.969960810549917576e-02,8.975817536718853906e-03,-2.960833832278603889e-02,-4.935902664741907177e-03,2.261552693760182295e-02,-1.717549327715898674e-02,-2.568142181709483218e-02,1.074858590352727045e-01,8.108464723587066603e-02
-2.564234140170888396e-02,1.921448436614428198e-02,8.832170958809268391e-03,-2.803103852892973105e-02,-2.816306090929950826e-03,2.632494092940099867e-02,-1.694316486787240950e-02,-2.475040106322808423e-02,1.074969715619510935e-01,8.297933720228282961e-02
-2.562679854808797356e-02,1.872771836834564649e-02,8.685789551709982570e-03,-2.647126707172550025e-02,-7.280481720494418789e-04,3.003695640185389745e-02,-1.672311949197567704e-02,-2.367329174614046100e-02,1.073548632285920290e-01,8.450470000838718188e-02
-2.561122796207202998e-02,1.824017456353928951e-02,8.537130930864373843e-03,-2.492987117075280354e-02,1.321008285673865024e-03,3.373193227546986139e-02,-1.652091361939538386e-02,-2.244451470816159755e-02,1.070708353288532672e-01,8.563150814301492830e-02
-2.559563939624691017e-02,1.775240176218194355e-02,8.386479463222266603e-03,-2.340743832085281917e-02,3.325286678033739611e-03,3.739553183207998399e-02,-1.633971219761021221e-02,-2.106142948600287640e-02,1.066522403410160302e-01,8.633373164172027103e-02
-2.558003968924371305e-02,1.726478997525734971e-02,8.234030333080843977e-03,-2.190448044072753828e-02,5.280654168979264686e-03,4.101658943766088583e-02,-1.618188269603183099e-02,-1.952274842717579770e-02,1.061034032776854014e-01,8.658943110752474748e-02
-2.556443428507945703e-02,1.677764748946778892e-02,8.079931749143794140e-03,-2.042146188489286224e-02,7.183902464511437817e-03,4.458582741292559104e-02,-1.604965888654624404e-02,-1.782806013873036721e-02,1.054267951200140441e-01,8.638075164588843169e-02
-2.554882796312180418e-02,1.629123739927299322e-02,7.924308350747697946e-03,-1.895881751542605881e-02,9.032424050215150449e-03,4.809502020210641715e-02,-1.594519858066445819e-02,-1.597739913599264747e-02,1.046237386117738893e-01,8.569351142942781274e-02
-2.553322505528910283e-02,1.580579614935763433e-02,7.767269473239218035e-03,-1.751694856963950317e-02,1.082401394112718004e-02,5.153665508700878278e-02,-1.587071389548535064e-02,-1.397147193114420954e-02,1.036950231978211873e-01,8.451673509575517718e-02
-2.551762957800447762e-02,1.532154312914425082e-02,7.608916146486063153e-03,-1.609623165616567292e-02,1.255677743251491958e-02,5.490372818501972063e-02,-1.582842302194520379e-02,-1.181160628593795961e-02,1.026410913895083876e-01,8.284238313493409722e-02
-2.550204531295860444e-02,1.483868455577317530e-02,7.449342444542379760e-03,-1.469700836338999270e-02,1.422906542099093390e-02,5.818957998065332760e-02,-1.582052915906392854e-02,-9.499848766794251331e-03,1.014623122643478342e-01,8.066539849936930906e-02
-2.548647585787004038e-02,1.435741558576154875e-02,7.288638836671692926e-03,-1.331958868125422690e-02,1.583944503401273421e-02,6.138780680304607718e-02,-1.584907548381223399e-02,-7.038888485326855182e-03,1.001589705294585325e-01,7.798366617088138553e-02
-2.547092458375327037e-02,1.387792161659098973e-02,7.126891251806185927e-03,-1.196424514315330180e-02,1.738668722093848762e-02,6.449224947473690406e-02,-1.591603469675176297e-02,-4.432264905753597120e-03,9.873143040558836347e-02,7.479810558301244749e-02
-2.545539466745595780e-02,1.340037996258878344e-02,6.964184125432369352e-03,-1.063121729862292857e-02,1.886974475729035622e-02,6.749691699739356066e-02,-1.602316390154800291e-02,-1.684326571659182327e-03,9.718011624899440537e-02,7.111255710392734575e-02
-2.543988905198557235e-02,1.292495857198549918e-02,6.800598649970993406e-03,-9.320703583692680622e-03,2.028776580357588566e-02,7.039598864149779200e-02,-1.617207368803734446e-02,1.199668921023877913e-03,9.550556964048247111e-02,6.693412529913707332e-02
-2.542441052550360042e-02,1.245181636278174485e-02,6.636215922141320764e-03,-8.032862332317650816e-03,2.164007402187082679e-02,7.318368525512014555e-02,-1.636401303048665851e-02,4.213709838607660255e-03,9.370839425024476976e-02,6.227319816878067182e-02
-2.540896162415746604e-02,1.198110414764031774e-02,6.471115534318992203e-03,-6.767808849634799305e-03,2.292617217652758582e-02,7.585431758309117700e-02,-1.660000999799347843e-02,7.350767878488565117e-03,9.178938780804384023e-02,5.714345249740291482e-02
-2.539354461051676615e-02,1.151296562388707916e-02,6.305377848275203582e-03,-5.525622034547491603e-03,2.414574436605990485e-02,7.840225956652738248e-02,-1.688084759553716563e-02,1.060284599481144986e-02,8.974945230289532727e-02,5.156186954555049690e-02
-2.537816147139139791e-02,1.104753629605943581e-02,6.139083136571505013e-03,-4.306333640170543174e-03,2.529864919227911221e-02,8.082189826175981140e-02,-1.720701751300399845e-02,1.396089650065525378e-02,8.758970520570799612e-02,4.554882495841726386e-02
-2.536281393616191329e-02,1.058494378051747821e-02,5.972314082007497416e-03,-3.109931609311176407e-03,2.638491673928126946e-02,8.310756023923024371e-02,-1.757864007473801740e-02,1.741495489045463696e-02,8.531138673566647512e-02,3.912813860821905826e-02
-2.534750343364675432e-02,1.012530793276287047e-02,5.805155045540176008e-03,-1.936353367401159441e-03,2.740474463159065649e-02,8.525349092683780217e-02,-1.799553515680121091e-02,2.095403069249300934e-02,8.291597840545081310e-02,3.232712340846839727e-02
-2.533223106665718691e-02,9.668741238458804579e-03,5.637694138184825947e-03,-7.854897466205299416e-04,2.835850042635010976e-02,8.725382822350843948e-02,-1.845718613171418512e-02,2.456616649173697792e-02,8.040512366186199078e-02,2.517647058170042335e-02
-2.531699758322517382e-02,9.215348356887651318e-03,5.470022621340372981e-03,3.428247562995352421e-04,2.924671408322367799e-02,8.910256128523276475e-02,-1.896279661679283260e-02,2.823841463948899982e-02,7.778073528943220405e-02,1.771033200608713651e-02
-2.530180336305174957e-02,8.765227170130791834e-03,5.302237389310408139e-03,1.448809401508229996e-03,3.007006819149143917e-02,9.079347437212266503e-02,-1.951127005534819894e-02,3.195692630998691469e-02,7.504496349709159631e-02,9.966111583696176182e-03
-2.528664836434055263e-02,8.318467348902555680e-03,5.134439851565561312e-03,2.532747935613404149e-03,3.082940438096026456e-02,9.232014144795815114e-02,-2.010129617350316436e-02,3.570694885824188952e-02,7.220026687904093632e-02,1.984539492008924495e-03
-2.527153209601399816e-02,7.875151263020879755e-03,4.966738251644374665e-03,3.594988695394576474e-03,3.152571021216994673e-02,9.367587632266619058e-02,-2.073137225652967389e-02,3.947294962290459619e-02,6.924939369359521535e-02,-6.190576639359243218e-03
-2.525645357426561932e-02,7.435353518088115392e-03,4.799247177831284829e-03,4.635956984427085092e-03,3.216010868898509789e-02,9.485369521674685833e-02,-2.139991354441198382e-02,4.323865251915841312e-02,6.619551406096331470e-02,-1.451241158424989783e-02
-2.524141126797509183e-02,6.999141059956461193e-03,4.632089306962464820e-03,5.656158663210776767e-03,3.273384984471633397e-02,9.584629534058160261e-02,-2.210532237964257449e-02,4.698719715710500400e-02,6.304218981821563261e-02,-2.293138444863507264e-02
-2.522640303251802787e-02,6.566572693620145382e-03,4.465394818917433999e-03,6.656195584142537459e-03,3.324829499892501677e-02,9.664603099277049858e-02,-2.284614781207692027e-02,5.070120463991350385e-02,5.979352724354655702e-02,-3.139530610454022846e-02
-2.521142604964687201e-02,6.137699203881043925e-03,4.299303127411007938e-03,7.636773340818953267e-03,3.370489930812682611e-02,9.724488074535296567e-02,-2.362121048807338392e-02,5.436300971623295175e-02,5.645417188369182548e-02,-3.984965919064155371e-02
-2.519647674870924975e-02,5.712562098008423447e-03,4.133962192915745584e-03,8.598723866224483592e-03,3.410518565663248070e-02,9.763441947002371446e-02,-2.442975975243049519e-02,5.795478469179508874e-02,5.302947605899255290e-02,-4.823779473919025812e-02
-2.518155070499200621e-02,5.291193675532813306e-03,3.969529595368682592e-03,9.543015994967663992e-03,3.445071607437746181e-02,9.780580931430035707e-02,-2.527169248755422454e-02,6.145880306149559963e-02,4.952553530278306498e-02,-5.650134366461444929e-02
-2.516664253009461005e-02,4.873616356199818658e-03,3.806172323602518507e-03,1.047079037165078198e-02,3.474305847406754244e-02,9.774982816861907398e-02,-2.614779017000457353e-02,6.485760132019578739e-02,4.594932412658733756e-02,-6.458036410307350927e-02
-2.515174573152155826e-02,4.459841169396925285e-03,3.644066739042362956e-03,1.138337125603266359e-02,3.498372579499138546e-02,9.745679143535504463e-02,-2.705995514316799147e-02,6.813432736321925476e-02,4.230881878122524226e-02,-7.241383027564526897e-02
-2.513685257691519043e-02,4.049866839479123425e-03,3.483398111285206274e-03,1.228231076351502665e-02,3.517411629615681268e-02,9.691658750777946973e-02,-2.801149058126354771e-02,7.127297964829582000e-02,3.861316148001529835e-02,-7.993986362636576470e-02
-2.512195390187610053e-02,3.643677908268435402e-03,3.324360557976070458e-03,1.316942051608530929e-02,3.531544425601572390e-02,9.611870438386961590e-02,-2.900739054089531560e-02,7.425877795825081007e-02,3.487269933639596670e-02,-8.709610195673987698e-02
-2.510703889845952025e-02,3.241242508054744623e-03,3.167155303732941633e-03,1.404682091707426181e-02,3.540863562553953070e-02,9.505224149222053776e-02,-3.005466438732345286e-02,7.707846384581985844e-02,3.109920569276314675e-02,-9.382000020508354798e-02
-2.509209486741260584e-02,2.842509714017971059e-03,3.011990066775243734e-03,1.491698861363619823e-02,3.545421087774760366e-02,9.370595274473457470e-02,-3.116263240004674487e-02,7.972072111049377519e-02,2.730593341959749315e-02,-1.000492088555779840e-01
-2.507710692158438698e-02,2.447405350793423976e-03,2.859076040168666462e-03,1.578282193748186193e-02,3.545213611793038982e-02,9.206830507485022630e-02,-3.234324069244016303e-02,8.217651909186664272e-02,2.350780054695202764e-02,-1.057218232247298939e-01
-2.506205763946169410e-02,2.055827320295793882e-03,2.708625777661251028e-03,1.664770651908683077e-02,3.540164512194288182e-02,9.012756809212818521e-02,-3.361132901310446425e-02,8.443955538764105762e-02,1.972141362475424500e-02,-1.107767203213721741e-01
-2.504692666502316908e-02,1.667638687590630850e-03,2.560848370204455316e-03,1.751559946192141060e-02,3.530103012274836416e-02,8.787192836943576169e-02,-3.498488131441772342e-02,8.650663115036297257e-02,1.596523614510253833e-02,-1.151537626351333138e-01
-2.503169016229901678e-02,1.282660320465214615e-03,2.415944431602174737e-03,1.839111310016578252e-02,3.514738676315874027e-02,8.528971273288002419e-02,-3.648526978112175828e-02,8.837795066856359016e-02,1.225952433758119298e-02,-1.187941812660638363e-01
-2.501632041701539258e-02,9.006569216609500378e-04,2.274099021792742436e-03,1.927963166632242972e-02,3.493630477162057435e-02,8.236942941988441291e-02,-3.813709746762663361e-02,9.005774606031657914e-02,8.626390891324579521e-03,-1.216404657335899003e-01
-2.500078505529689313e-02,5.213246491964675100e-04,2.135472229199165094e-03,2.018741463123712582e-02,3.466153205812988469e-02,7.910016911163172959e-02,-3.996830425714151258e-02,9.155439687065831944e-02,5.089704104721371782e-03,-1.236368683060248136e-01
-2.498504616210835833e-02,1.442730085955174380e-04,2.000185123683520267e-03,2.112172046476390452e-02,3.431459458950469193e-02,7.547205969435563655e-02,-4.201011100443391433e-02,9.288045744748045507e-02,1.675027356193555059e-03,-1.247297107247646170e-01
-2.496905952956290572e-02,-2.310015013401412419e-04,1.868305289260054286e-03,2.209094936977525764e-02,3.388433290319479291e-02,7.147653481584702317e-02,-4.429631680938702493e-02,9.405310864822696848e-02,-1.590658670348647470e-03,-1.248674599925701373e-01
-2.495277350263039665e-02,-6.051461217115589996e-04,1.739824482545735849e-03,2.310478641027813307e-02,3.335642267550906204e-02,6.710695388227898295e-02,-4.686274130240276892e-02,9.509398464003247786e-02,-4.679175427932559007e-03,-1.240011354964429408e-01
-2.493612769716710073e-02,-9.789916296384100058e-04,1.614632143450066889e-03,2.417434660114378339e-02,3.271284784735499496e-02,6.235929017659794932e-02,-4.974623445292775809e-02,9.602899586585866842e-02,-7.561581220883102118e-03,-1.220848818524396806e-01
-2.491905154370879436e-02,-1.353604243643682708e-03,1.492480216744141320e-03,2.531232705700325186e-02,3.193134282372724064e-02,5.723288148362688788e-02,-5.298331397030463241e-02,9.688797149185292279e-02,-1.020860307648671986e-02,-1.190764843279845109e-01
-2.490146254212772733e-02,-1.730349462359464900e-03,1.372940229830839267e-03,2.653314541864013054e-02,3.098483379050361031e-02,5.173141255770206948e-02,-5.660844108497188609e-02,9.770402638804485951e-02,-1.259130500057545343e-02,-1.149383188322494198e-01
-2.488326418308075064e-02,-2.110972975041337622e-03,1.255346849777184233e-03,2.785305549131266573e-02,2.984088855111460825e-02,4.586399485573898482e-02,-6.065196416087351161e-02,9.851256360095270170e-02,-1.468169477420666613e-02,-1.096385429944700673e-01
-2.486434361062618212e-02,-2.497700474610255444e-03,1.138730441808388826e-03,2.929023503019774835e-02,2.846121907863720726e-02,3.964640753869429213e-02,-6.513751080081858769e-02,9.935010474264542590e-02,-1.645361573857492474e-02,-1.031526164951721419e-01
-2.484456876301461767e-02,-2.893359422796300436e-03,1.021730856905775711e-03,3.086481576946390262e-02,2.680128461440227025e-02,3.310256865730346054e-02,-7.007919793929265340e-02,1.002524948520946424e-01,-1.788357921640589335e-02,-9.546536499129404385e-02
-2.482378522379784930e-02,-3.301528619076296491e-03,9.024945684770502600e-04,3.259884225212211079e-02,2.481002236573367700e-02,2.626599200064153039e-02,-7.547824053803015021e-02,1.012530538556453974e-01,-1.895180569019111819e-02,-8.657337622857987081e-02
-2.480181263401400049e-02,-3.726718846705582774e-03,7.785487978392756575e-04,3.451613754923939931e-02,2.242977703110226456e-02,1.918126745999704230e-02,-8.131924448148043771e-02,1.023803799548554661e-01,-1.964322459462608528e-02,-7.648771032634833766e-02
-2.477844052979314218e-02,-4.174585645062770314e-03,6.466518695857521870e-04,3.664202736275785910e-02,1.959650660323677962e-02,1.190564045941661965e-02,-8.756639134495516896e-02,1.036557580831043018e-01,-1.994858162210417021e-02,-6.523732541018878450e-02
-2.475342367042190558e-02,-4.652179570303466120e-03,5.026150226262300841e-04,3.900290483908092770e-02,1.624033316605701799e-02,4.510478005297553251e-03,-9.415960102527931586e-02,1.050902947481290456e-01,-1.986542162305532377e-02,-5.287278315307161747e-02
-2.472647686589187627e-02,-5.168234939761603454e-03,3.410963577328071238e-04,4.162558821524232899e-02,1.228650758019522032e-02,-2.917464213626954055e-03,-1.010108021486279817e-01,1.066819880064073939e-01,-1.939909309731942255e-02,-3.947036027958486515e-02
-2.469726930417566121e-02,-5.733498736508317942e-03,1.553628454014610561e-04,4.453644245676031954e-02,7.656878223071371913e-03,-1.027511604526503732e-02,-1.080006438003267427e-01,1.084127055493225439e-01,-1.856349966482356492e-02,-2.513625727155739328e-02
-2.466541848029232820e-02,-6.361097718245239778e-03,-6.297658892085648656e-05,4.776022041738097607e-02,2.271922116007520434e-03,-1.744267152183773262e-02,-1.149758536809644127e-01,1.102454370845753900e-01,-1.738173549348268065e-02,-1.001079939378738196e-02
-2.463048377167960032e-02,-7.066940414927715304e-03,-3.242682308295958952e-04,5.131859778567605945e-02,-3.946588785485058946e-03,-2.428381929225995398e-02,-1.217476842888611382e-01,1.121217780397004565e-01,-1.588630449180962467e-02,5.727672958455103103e-03
-2.459195987388226867e-02,-7.870146611839025363e-03,-6.411339543633318540e-04,5.522837123665344516e-02,-1.107224895580402949e-02,-3.064680729629312012e-02,-1.280916992632685492e-01,1.139600806759458185e-01,-1.411905525628247456e-02,2.185946361864644569e-02
-2.454927029551613737e-02,-8.793494582982468513e-03,-1.028811118787037633e-03,5.949931470152130392e-02,-1.916997726410192213e-02,-3.636653116216320009e-02,-1.337493367985738424e-01,1.156543493782692528e-01,-1.213055579877035661e-02,3.812124242462785334e-02
-2.450176123503869027e-02,-9.863870344760834741e-03,-1.505499267865718308e-03,6.413169245581051836e-02,-2.829129831181063232e-02,-4.126778531575239078e-02,-1.384315263082881997e-01,1.170743161624277495e-01,-9.979055197959597195e-03,5.420512330154937664e-02
-2.444869623542448092e-02,-1.111270066311061469e-02,-2.092702929433863310e-03,6.911346145204273761e-02,-3.846896107827705441e-02,-4.516984266571996004e-02,-1.418247054826220488e-01,1.180668146226357268e-01,-7.728788979964696521e-03,6.975970338604647880e-02
-2.438925201539942494e-02,-1.257634442369686897e-02,-2.815551307768373625e-03,7.441720890814700062e-02,-4.971100578902728356e-02,-4.789232097540625788e-02,-1.435994825301086519e-01,1.184587556799227004e-01,-5.447865334252832530e-03,8.439337815455803804e-02
-2.432251607024983261e-02,-1.429641347305717243e-02,-3.703076267948524937e-03,7.999690017593047431e-02,-6.199437649986902499e-02,-4.926246566647622671e-02,-1.434222091747076322e-01,1.180618465013701518e-01,-3.205546204403361080e-03,9.768060087289141824e-02
-2.424748665773407072e-02,-1.631998932052014170e-02,-4.788420961218542958e-03,8.578455954645107517e-02,-7.525827065446527575e-02,-4.912363522758296519e-02,-1.409693697105247889e-01,1.166793424793150236e-01,-1.069304180103122824e-03,1.091715291128496773e-01
-2.416307585114004994e-02,-1.869969749285468538e-02,-6.108954019080183387e-03,9.168701125227722570e-02,-8.939742178715893994e-02,-4.734492530474979782e-02,-1.359448823307291554e-01,1.141147718901844577e-01,8.984093220510061669e-04,1.184055717351973763e-01
-2.406811643448168378e-02,-2.149359530782002370e-02,-7.706253478000130511e-03,9.758286149786742081e-02,-1.042556138405555527e-01,-4.383160450687791782e-02,-1.281000471434906862e-01,1.101828374138538458e-01,2.643278065236878607e-03,1.249292026034245912e-01
-2.396137342770260706e-02,-2.476482885112324048e-02,-9.625929085518359837e-03,1.033199344356869886e-01,-1.196197082877977075e-01,-3.853593474681580450e-02,-1.172557956716926836e-01,1.047222148144636850e-01,4.121889308925243134e-03,1.283184984601685452e-01
-2.384156116449848151e-02,-2.858100346493724908e-02,-1.191723945840149172e-02,1.087133848643644513e-01,-1.352146757312257253e-01,-3.146813530034917039e-02,-1.033267118330542522e-01,9.761031223980515259e-02,5.303988781936833791e-03,1.282062000004045577e-01
-2.370736698466981845e-02,-3.301320793726290892e-02,-1.463245975424620933e-02,1.135448090721830616e-01,-1.507001257201988631e-01,-2.270682963609620825e-02,-8.634567519795925683e-02,8.877918621869408666e-02,6.174123858504884481e-03,1.243125769700297589e-01
-2.355748605594033818e-02,-3.813435169016652498e-02,-1.782579277389282485e-02,1.175629606627413004e-01,-1.656747190805667735e-01,-1.241620076427720105e-02,-6.647982901083271390e-02,7.822684223023179673e-02,6.747637607727108994e-03,1.164470796192530466e-01
-2.339068559922976090e-02,-4.401556656481379198e-02,-2.155110868841924113e-02,1.204867826749624199e-01,-1.797075425631090850e-01,-9.008996385972206037e-04,-4.402712226323286793e-02,6.602187990471812540e-02,7.146860891335504208e-03,1.044159060181802379e-01
-2.320583934808359908e-02,-5.072574224214652233e-02,-2.586104646374810453e-02,1.220128586351896666e-01,-1.922823437018999493e-01,1.150115454345384571e-02,-1.950738567026137626e-02,5.236661460622482611e-02,7.406588446475044843e-03,8.842377024291574183e-02
-2.300199415044206983e-02,-5.832791652065406202e-02,-3.080456645893423287e-02,1.218226340217224563e-01,-2.028254309577602332e-01,2.439370935281332323e-02,6.376176107705238717e-03,3.756398509930435059e-02,7.541764483568206591e-03,6.890927239784540304e-02
-2.277842173565659128e-02,-6.687609481459368121e-02,-3.642499667224927823e-02,1.195852563595409812e-01,-2.107408530971588700e-01,3.726322798777501749e-02,3.273410682179075937e-02,2.203693481747447461e-02,7.618858348467532661e-03,4.649317436177013985e-02
-2.253471511140476419e-02,-7.641055351889428082e-02,-4.275639862964146498e-02,1.149758314248502666e-01,-2.154210753758495633e-01,4.952927374224005974e-02,5.850512087837276415e-02,6.324122008008890156e-03,7.702276953805336883e-03,2.204943125131655565e-02
-2.227088497604650871e-02,-8.695278756037783108e-02,-4.981987980109440356e-02,1.076914313482428415e-01,-2.162729831994585072e-01,6.055926496454027558e-02,8.247556767824656965e-02,-8.924291878097404679e-03,7.849188728511693677e-03,-3.290608870733797986e-03
-2.198746526020764827e-02,-9.849986514760371292e-02,-5.761940548199159101e-02,9.747173818360764519e-02,-2.127520993362742030e-01,6.969487706201370203e-02,1.033256040224647260e-01,-2.296726629825509083e-02,8.104187924170653742e-03,-2.816528059598518222e-02
-2.168562652315854378e-02,-1.110182759634848609e-01,-6.613719145127446020e-02,8.412333975250968487e-02,-2.044034938033221227e-01,7.628736297490816554e-02,1.196964946658898854e-01,-3.500706638537665755e-02,8.494426400744626085e-03,-5.103725763133063614e-02
-2.136729228802886765e-02,-1.244375122510005954e-01,-7.532884954608358441e-02,6.754716814127950664e-02,-1.909088416348485862e-01,7.974152083998638230e-02,1.302808748486573853e-01,-4.423893359189825375e-02,9.026727729081827911e-03,-7.028169345358631359e-02
-2.103525077717011485e-02,-1.386437794858982886e-01,-8.511857069616290961e-02,4.776784200761523963e-02,-1.721375416537772596e-01,7.956721464194867199e-02,1.339346306481540849e-01,-4.991604725001151655e-02,9.687388905361518296e-03,-8.430931377471319321e-02
-2.069325135173913019e-02,-1.534743979701271577e-01,-9.539476213255954073e-02,2.496296197256672039e-02,-1.481984873400591096e-01,7.543632219204264577e-02,1.298055644309849821e-01,-5.142769780506353805e-02,1.044446113049734594e-02,-9.172046012653198299e-02
-2.034607124394855263e-02,-1.687136625261376199e-01,-1.060067090312492577e-01,-5.106751267208391567e-04,-1.194873540770594877e-01,6.724018487424988921e-02,1.174686477799090634e-01,-4.838488494713472088e-02,1.125320856402946962e-02,-9.148063140185909436e-02
-1.999953530297616730e-02,-1.840910898421770081e-01,-1.167629666691180346e-01,-2.809777278671818368e-02,-8.672280180127261984e-02,5.514177678758643703e-02,9.705370054130239843e-02,-4.070475103721213350e-02,1.206329945605287730e-02,-8.309907551419795646e-02
-1.966046949832985641e-02,-1.992830926086462950e-01,-1.274322712015700521e-01,-5.703680184001450049e-02,-5.096356195905351466e-02,3.961391102942294490e-02,6.934498417530698955e-02,-2.868102507074732008e-02,1.282726035307781356e-02,-6.678523868421454290e-02
-1.933656963409888935e-02,-2.139190825137662899e-01,-1.377477507079803432e-01,-8.636863795747681816e-02,-1.359840146018620813e-02,2.145420855017395392e-02,3.583029643984742690e-02,-1.302621564691255375e-02,1.350775385909776423e-02,-4.355159386077064876e-02
-1.903617149908101366e-02,-2.275927836663006187e-01,-1.474150501626821375e-01,-1.149658639465363091e-01,2.369827286606731448e-02,1.767108477308189591e-03,-1.323523950198689323e-03,5.131010713456284587e-03,1.408359997775848228e-02,-1.523042272399218952e-02
-1.876792016615522196e-02,-2.398789590823786899e-01,-1.561246144909790579e-01,-1.415866291671996069e-01,5.905218074111633769e-02,-1.809912509599411953e-02,-3.940193511577561036e-02,2.431383501063700062e-02,1.454954938181869488e-02,1.564342906311127351e-02
-1.854033822688209293e-02,-2.503554515935373370e-01,-1.635679531396940500e-01,-1.649491337655388523e-01,9.050843938307046033e-02,-3.664874136829100043e-02,-7.534666992253756523e-02,4.281233468693620287e-02,1.491358823201738640e-02,4.604386708885008228e-02
-1.836131115715635559e-02,-2.586294467121638130e-01,-1.694569489732609679e-01,-1.838181357695548301e-01,1.161697018664861469e-01,-5.234632016294691464e-02,-1.059807666472050991e-01,5.881575414265147878e-02,1.519009440082032258e-02,7.270615912969137506e-02
-1.823760803559904345e-02,-2.643627546837715725e-01,-1.735428789469261601e-01,-1.971064298220513711e-01,1.343769270238497626e-01,-6.376742726220017976e-02,-1.284505515366782535e-01,7.069811207390047647e-02,1.531869593082798783e-02,9.279351474133860911e-02
-1.817431908619098271e-02,-2.672999096615515380e-01,-1.756373854345497920e-01,-2.039710720229844787e-01,1.438151372864105160e-01,-6.978301458171869143e-02,-1.402965837417286810e-01,7.699243626029875220e-02,1.538475567818709845e-02,1.034808423410106398e-01
-2.475669203778506702e-02,-9.544853075244873544e-03,2.077776143808459427e-03,2.131958169087690494e-02,6.250047143105886410e-03,-3.771008755349262304e-02,-9.322159785890455144e-03,-1.096394488679196255e-02,1.751520320394961416e-02,-2.102683815527869177e-02
-2.475698957799540509e-02,-9.537718597212110211e-03,2.079026231304888315e-03,2.129439319720571183e-02,6.252212198927924527e-03,-3.763347601278533433e-02,-9.300104715829728835e-03,-1.096243595359366364e-02,1.746187148990394067e-02,-2.097895680953827668e-02
-2.475768613617285174e-02,-9.521379817089467221e-03,2.082560956982723328e-03,2.123433045594533275e-02,6.254889948285134033e-03,-3.744950722962429174e-02,-9.251059951514652505e-03,-1.096085157670632394e-02,1.732442909107434134e-02,-2.087736150576978075e-02
-2.475877506150633151e-02,-9.495647836283290302e-03,2.087764381889449083e-03,2.114093072309040575e-02,6.260360736821474897e-03,-3.716269931925946651e-02,-9.173804253858722918e-03,-1.095700395335377254e-02,1.711596306252504904e-02,-2.071710555860830846e-02
-2.476026235961124172e-02,-9.460576715634792799e-03,2.095059272109055151e-03,2.101314636369693359e-02,6.267291775218136567e-03,-3.677223233833547961e-02,-9.067810727782359484e-03,-1.095280569160734206e-02,1.682875921045386830e-02,-2.049558585069868183e-02
-2.476214568824820078e-02,-9.416039191635841923e-03,2.104154621734623861e-03,2.085158378052595282e-02,6.276525551492530275e-03,-3.627865032211820273e-02,-8.934559636548702541e-03,-1.094669130796590596e-02,1.646831362970500520e-02,-2.021635716640279856e-02
-2.476443061851152719e-02,-9.362035234165764358e-03,2.115379801026723381e-03,2.065539610281606070e-02,6.287001202349712034e-03,-3.568194144099010728e-02,-8.773347485777589078e-03,-1.093932587804248568e-02,1.602911371822369688e-02,-1.987616772930888426e-02
-2.476711597102066245e-02,-9.298415470258851803e-03,2.128503349282373763e-03,2.042503900974824288e-02,6.299421237655361029e-03,-3.498310974616429536e-02,-8.585464632512475672e-03,-1.092951487314965629e-02,1.551588949353865585e-02,-1.947750111180974325e-02
-2.477020782416056166e-02,-9.225136358090992722e-03,2.143824206195368842e-03,2.015968797640474430e-02,6.312749227909149330e-03,-3.418237522199860795e-02,-8.370737093691326888e-03,-1.091764379430741269e-02,1.492394051293007874e-02,-1.901750536373086192e-02
-2.477370620263076584e-02,-9.142023623259967063e-03,2.161166182149816452e-03,1.985964703852481639e-02,6.327513018625565387e-03,-3.328100857362196324e-02,-8.130317995032530082e-03,-1.090248193502933380e-02,1.425722202671674162e-02,-1.849814876744971387e-02
-2.477761786171666161e-02,-9.048989848845499437e-03,2.180812268780338986e-03,1.952409135604427776e-02,6.342688913303254176e-03,-3.227943539403201056e-02,-7.864488116787889463e-03,-1.088413931722821172e-02,1.351158485574252902e-02,-1.791672419165771940e-02
-2.478194406121480772e-02,-8.945829937650943628e-03,2.202633173689268111e-03,1.915318016533045994e-02,6.358649472895692295e-03,-3.117927707240781415e-02,-7.574392921451139453e-03,-1.086139765217626271e-02,1.269046144089667517e-02,-1.727494791485455206e-02
-2.478669231918036175e-02,-8.832411398400595581e-03,2.226905235482144578e-03,1.874607060468437211e-02,6.374327772292234448e-03,-2.998126152238360376e-02,-7.260688668186127473e-03,-1.083408327121439946e-02,1.179023483910604519e-02,-1.657035720771907888e-02
-2.479186518129867026e-02,-8.708493435908581243e-03,2.253541870805179231e-03,1.830278739135243055e-02,6.389927989901272171e-03,-2.868735879774615347e-02,-6.924594214751058144e-03,-1.080089480049498292e-02,1.081389195957485790e-02,-1.580430151489034540e-02
-2.479747106190912515e-02,-8.573894484025198701e-03,2.282820327642167812e-03,1.782245465560108877e-02,6.404300413451943612e-03,-2.729868618798817273e-02,-6.567152089402478188e-03,-1.076137037395588462e-02,9.758299574938423052e-03,-1.497456239781596102e-02
-2.480351388346151500e-02,-8.428331038231099553e-03,2.314696009103710608e-03,1.730495951868763968e-02,6.417479534518229396e-03,-2.581767978039222616e-02,-6.189793418287581513e-03,-1.071405793319503766e-02,8.626160117918545492e-03,-1.408215890681347067e-02
-2.481000313899989207e-02,-8.271567590286355021e-03,2.349453557946262587e-03,1.674937253117713548e-02,6.428197364518878701e-03,-2.424591163962907386e-02,-5.793891684860589912e-03,-1.065826308100213844e-02,7.414781896781508924e-03,-1.312521493517078593e-02
-2.481694421907866197e-02,-8.103269583086551014e-03,2.387091608675583065e-03,1.615545621839789212e-02,6.436257177829807219e-03,-2.258640927877116761e-02,-5.381135489992654522e-03,-1.059232933184933376e-02,6.126838397653679852e-03,-1.210468124861997959e-02
-2.482434791806162680e-02,-7.923139840690342911e-03,2.427909521401636940e-03,1.552220322488040427e-02,6.440237714443890031e-03,-2.084133877740640753e-02,-4.953373164328206055e-03,-1.051522807722933724e-02,4.760078615038267763e-03,-1.101885295270718483e-02
-2.483222125899997232e-02,-7.730783176365836618e-03,2.471951007798281561e-03,1.484924223937043354e-02,6.439667081221657485e-03,-1.901445742263404778e-02,-4.512579871931659756e-03,-1.042507597990632168e-02,3.317228288689398098e-03,-9.868684997225636232e-03
-2.484057656584825677e-02,-7.525830392818203159e-03,2.519539055719993616e-03,1.413548005413288282e-02,6.432882387871988010e-03,-1.710871801048157240e-02,-4.061103627179586846e-03,-1.032048196984021275e-02,1.796676821579800375e-03,-8.652904837489762760e-03
-2.484942273401170160e-02,-7.307813045925244319e-03,2.570766555502601320e-03,1.338039680552339725e-02,6.419089703351605475e-03,-1.512880635749686183e-02,-3.601365576015651444e-03,-1.019924603107171673e-02,2.013740787354208119e-04,-7.372542195614200343e-03
-2.485877392780436179e-02,-7.076275870042689729e-03,2.625989981700120948e-03,1.258279459292922786e-02,6.396283859469773132e-03,-1.307870747484313374e-02,-3.136274336922843017e-03,-1.005957218954697807e-02,-1.469460183696423431e-03,-6.026996232051271170e-03
-2.486864122763851256e-02,-6.830659533627638814e-03,2.685359302687148793e-03,1.174199590188754368e-02,6.363219418286295177e-03,-1.096435933679911975e-02,-2.668785190102314440e-03,-9.898851543312534029e-03,-3.212312067955219730e-03,-4.617648641024646797e-03
-2.487904102725476546e-02,-6.570404868991558574e-03,2.749275644584463739e-03,1.085667243767157210e-02,6.317440053409196024e-03,-8.791083623270632905e-03,-2.202517442957912727e-03,-9.714766868383684084e-03,-5.026938710044353935e-03,-3.144687318913212855e-03
-2.488998699658606997e-02,-6.294839900715497837e-03,2.817956690263259244e-03,9.925970812814257846e-03,6.257109771387659759e-03,-6.566459679036550263e-03,-1.741106905690049077e-03,-9.504210033217014991e-03,-6.908872387624107221e-03,-1.610220023249281287e-03
-2.490149827791728401e-02,-6.003275749578824115e-03,2.891863653203939882e-03,8.948409209114617166e-03,6.179127559543615839e-03,-4.297655031933449860e-03,-1.289037133785240954e-03,-9.264250392489875585e-03,-8.856374255492667144e-03,-1.570779552563039363e-05
-2.491359168346255967e-02,-5.694898084244008792e-03,2.971297509507442227e-03,7.922934934785540173e-03,6.080840673674966189e-03,-1.994430966326853332e-03,-8.507564804288091868e-04,-8.991111644948222847e-03,-1.086345661199980550e-02,1.635481021299082550e-03
-2.492628978635271983e-02,-5.368853411086410392e-03,3.056798500121581628e-03,6.847877590384958413e-03,5.958231736817895356e-03,3.335583306986615094e-04,-4.317993156247867947e-04,-8.681122447541097381e-03,-1.292628169244122716e-02,3.340006423739846127e-03
-2.493961331566542372e-02,-5.024143812141286525e-03,3.148774162263934945e-03,5.721952286852727103e-03,5.807521552321011360e-03,2.673519600958606732e-03,-3.765793475735703083e-05,-8.329653165359917830e-03,-1.503652323972356868e-02,5.092395910006181081e-03
-2.495358916079062558e-02,-4.659702855845097857e-03,3.247870757655564947e-03,4.543271519246449425e-03,5.623369735372832530e-03,5.012330651561609091e-03,3.248504649863562851e-04,-7.932091400411461421e-03,-1.718716689648261756e-02,6.886291765024040758e-03
-2.496824305383763681e-02,-4.274290899672244723e-03,3.354634398839176530e-03,3.310270769149853756e-03,5.400366761197278147e-03,7.333017010687705763e-03,6.489676980173087438e-04,-7.482720569753171722e-03,-1.936633860775457960e-02,8.712848546144536313e-03
-2.498360746403490568e-02,-3.866558760287699091e-03,3.469855306016394938e-03,2.020798431719171995e-03,5.131238915822386448e-03,9.617536784060099278e-03,9.263204917876926084e-04,-6.975757466382458659e-03,-2.156230195799460278e-02,1.056097131263271545e-02
-2.499971464214212347e-02,-3.434941168014970809e-03,3.594266077833420305e-03,6.729579784824878119e-04,4.808182464759806415e-03,1.184293291321544643e-02,1.148606834160976770e-03,-6.404093309482999583e-03,-2.375760118869780710e-02,1.241615358558649518e-02
-2.501660445034811428e-02,-2.977703659022224326e-03,3.728856656588500594e-03,-7.357244178930136963e-04,4.421016663168828714e-03,1.398404329838462239e-02,1.305616614886623717e-03,-5.760477187276102570e-03,-2.593328507024686425e-02,1.425963222297659677e-02
-2.503431785756071726e-02,-2.492829632878073957e-03,3.874616652024338165e-03,-2.207545377688645543e-03,3.958294282130234328e-03,1.600916278432741591e-02,1.387286960164293504e-03,-5.035990816076509058e-03,-2.806310227833399423e-02,1.606757272283469359e-02
-2.505290473102920329e-02,-1.978042628844061193e-03,4.032819609386266262e-03,-3.745366801469214319e-03,3.405355235289184504e-03,1.788247373166718113e-02,1.381398510062472338e-03,-4.221413320371843018e-03,-3.011666391688308866e-02,1.780841108619334034e-02
-2.507241777722173798e-02,-1.430675742476998679e-03,4.204812008489581913e-03,-5.351951802221524210e-03,2.745108701776098614e-03,1.955889911226561459e-02,1.276491748430971535e-03,-3.305031321907014007e-03,-3.205338492314291354e-02,1.944249584793336302e-02
-2.509291957569364379e-02,-8.476437112037115123e-04,4.392240900615716932e-03,-7.030541027119354899e-03,1.956002289618657703e-03,2.098540441390436828e-02,1.060347494118322976e-03,-2.272993335724342052e-03,-3.382370650599594158e-02,2.091757836139451765e-02
-2.511447355845942628e-02,-2.252134501277178007e-04,4.596754989235529200e-03,-8.784018418139222240e-03,1.012942843284476068e-03,2.209265116940610854e-02,7.283783874968716241e-04,-1.100921351024073021e-03,-3.536067654323485354e-02,2.217055509029231333e-02
-2.513713513847001119e-02,4.414203441988682314e-04,4.819485542209560325e-03,-1.061421891270845214e-02,-1.126227037363778538e-04,2.278676364946479252e-02,2.998860858489695025e-04,2.674326688947526939e-04,-3.657310200886790263e-02,2.313026429403631720e-02
-2.516087950951295324e-02,1.160144284502083456e-03,5.057307822063742200e-03,-1.251688340820639872e-02,-1.444349974467895202e-03,2.291013667073635643e-02,-1.112972708637253446e-04,2.009839172906188742e-03,-3.731376104086461115e-02,2.375543283406531328e-02
-2.518536907500431438e-02,1.951281512504022099e-03,5.285783351111505816e-03,-1.446840468640830761e-02,-2.982741225305747708e-03,2.215009451164824325e-02,-1.060180084105597382e-04,4.700797265476572631e-03,-3.730312756027674009e-02,2.415013233601266684e-02
-2.520936326879940487e-02,2.894110377797728516e-03,5.382022574942107139e-03,-1.641211450812665382e-02,-4.691073239183630832e-03,1.993723512810337273e-02,1.338450647142250738e-03,9.881158546923365232e-03,-3.596451926372636054e-02,2.483285343998240316e-02
-2.523160987366901420e-02,4.327870530006120743e-03,4.842007486946047455e-03,-1.845604086204472374e-02,-6.603259138791024892e-03,1.675108856852208089e-02,5.020610962593056482e-03,1.853929968977507600e-02,-3.264549724590110752e-02,2.621860584413980219e-02
-2.527022164376669516e-02,7.172540240544984791e-03,2.535740345695256578e-03,-2.207041900775753157e-02,-8.223458882558310618e-03,2.408756295556938043e-02,4.273624782740085594e-03,1.077148238136443892e-02,-2.944934999774835929e-02,1.982544351111814249e-02
-2.528643441795554170e-02,7.919527056937759185e-03,2.583533465921546840e-03,-2.320353935883983851e-02,-1.050929635997289481e-02,1.978008024940272613e-02,3.279335123301036891e-03,1.144157665025763784e-02,-2.483152357989596576e-02,1.416578560483450558e-02
-2.529399735518806855e-02,8.273587084922682383e-03,2.746742244788062150e-03,-2.360177906743076912e-02,-1.270088668100783497e-02,1.471938545797423122e-02,2.422774071188964380e-03,1.227810980616690639e-02,-1.981880386227729759e-02,8.107651706744479353e-03
-2.529788403366213870e-02,8.477326457122789580e-03,2.856433196274848173e-03,-2.374296795885971409e-02,-1.446214862062262206e-02,1.082875680473869943e-02,2.135228389031747654e-03,1.264457510597130976e-02,-1.545488349299623844e-02,2.539614578972501386e-03
-2.530001381416212280e-02,8.599608018178842017e-03,2.924112036447230629e-03,-2.378840450112231636e-02,-1.576621252351305749e-02,8.135879298083325759e-03,2.241398103412236154e-03,1.269499855626073613e-02,-1.210729812874872767e-02,-2.037897187062497756e-03
-2.530123230468818429e-02,8.674340521739843171e-03,2.965660232856977795e-03,-2.379780061267490476e-02,-1.668989733483217455e-02,6.343064229522204882e-03,2.514429407663948055e-03,1.258899905058855594e-02,-9.705174965088766287e-03,-5.554837730306494935e-03
-2.530195031319730156e-02,8.720587875980788037e-03,2.991290377047459408e-03,-2.379418404181355556e-02,-1.732695659463551544e-02,5.168495097690784662e-03,2.813934810194305015e-03,1.242661766840471270e-02,-8.043944541607143603e-03,-8.143444473948874621e-03
-2.530238237924689951e-02,8.749486893460358544e-03,3.007174537011473095e-03,-2.378660428150292452e-02,-1.775906029485375265e-02,4.403315037842720804e-03,3.076016844207573632e-03,1.225948090273481193e-02,-6.920029903362810188e-03,-9.995987882682296627e-03
-2.530264635419364472e-02,8.767682588876715352e-03,3.017034156297479768e-03,-2.377854550701646169e-02,-1.804900941943836379e-02,3.904723290312527191e-03,3.280875601520028169e-03,1.210959793671010851e-02,-6.170697075316579523e-03,-1.129648096259956887e-02
-2.530280945729902753e-02,8.779206933357056042e-03,3.023133661146733611e-03,-2.377123434047375555e-02,-1.824215887463776983e-02,3.578307454061768842e-03,3.429448370383245213e-03,1.198321907121243507e-02,-5.676770947759982727e-03,-1.219725682993345189e-02
-2.530291102377642959e-02,8.786538025424358786e-03,3.026865492202191008e-03,-2.376495050345286963e-02,-1.837022913073699595e-02,3.362671654763721343e-03,3.530591747163627434e-03,1.187934451247756734e-02,-5.354651717363347746e-03,-1.281530521760595141e-02
-2.530297458798264065e-02,8.791215947622469870e-03,3.029094776034038216e-03,-2.375962379576540551e-02,-1.845489733328681270e-02,3.218194694913167984e-03,3.594720829506067600e-03,1.179424095055134868e-02,-5.147108811005183214e-03,-1.323670607971850349e-02
-2.530301445340824018e-02,8.794205936224479270e-03,3.030363623829588141e-03,-2.375507236123024224e-02,-1.851078815372586214e-02,3.119413664343945007e-03,3.631244872991236210e-03,1.172366847258402879e-02,-5.015522815176159770e-03,-1.352300027729917871e-02
-2.530303935582424446e-02,8.796113744259904943e-03,3.031012832551589764e-03,-2.375109138335086689e-02,-1.854766477969877619e-02,3.050079983150748558e-03,3.647958346339106022e-03,1.166360967359577304e-02,-4.934024809788709574e-03,-1.371782623863923058e-02
-2.530305492060507325e-02,8.797333984492733058e-03,3.031263774216181369e-03,-2.374753859197685502e-02,-1.857204204979648679e-02,2.999457950427317221e-03,3.650164068557250601e-03,1.161141241774904173e-02,-4.885446262328553731e-03,-1.385006401126794712e-02
-2.530306451602634676e-02,8.798109552250665474e-03,3.031253362363860084e-03,-2.374427050491292532e-02,-1.858821045176720782e-02,2.960933165364213436e-03,3.642312286018367391e-03,1.156449571491219470e-02,-4.858393727407054642e-03,-1.394062463683080899e-02
-2.530307031006732987e-02,8.798598418542512636e-03,3.031070687720171901e-03,-2.374118776469604647e-02,-1.859900581995866178e-02,2.930172208642739789e-03,3.627405345611984123e-03,1.152113115196262173e-02,-4.845341455515304700e-03,-1.400339072002798092e-02
-2.530307365268887401e-02,8.798899774424171275e-03,3.030771673053791766e-03,-2.373822093570305755e-02,-1.860624489372025847e-02,2.904445424503691604e-03,3.607467578099560462e-03,1.148010908248786252e-02,-4.841433354812687932e-03,-1.404742683363196035e-02
-2.530307546617075257e-02,8.799081919084544845e-03,3.030394719524675574e-03,-2.373531592647408830e-02,-1.861122151275907896e-02,2.881893130820926095e-03,3.584056488529191020e-03,1.144049844306404065e-02,-4.843226732774993416e-03,-1.407939311662458753e-02
-2.530307632538787710e-02,8.799187877469775640e-03,3.029964226770335591e-03,-2.373243531657375990e-02,-1.861475944617096284e-02,2.861332202748830596e-03,3.558197787160038029e-03,1.140166787362388925e-02,-4.848506340679938076e-03,-1.410362485479091030e-02
-2.530307657974712951e-02,8.799243681618391932e-03,3.029494853295130498e-03,-2.372955600980680702e-02,-1.861736237731678387e-02,2.842055303081900304e-03,3.530528716149732623e-03,1.136322818587406219e-02,-4.855911170857727353e-03,-1.412278822032188991e-02
-2.530307647336103166e-02,8.799267009909773896e-03,3.028996258553473282e-03,-2.372666312944020361e-02,-1.861938202953599200e-02,2.823603581427794849e-03,3.501525725594502141e-03,1.132489822372283877e-02,-4.864523718083305429e-03,-1.413873288600899988e-02
-2.530307614535902763e-02,8.799269187434727649e-03,3.028475344073961687e-03,-2.372374091586097744e-02,-1.862103886000662095e-02,2.805643325230218650e-03,3.471461076120473544e-03,1.128648873064092874e-02,-4.873653462338186325e-03,-1.415277331158206267e-02
-2.530307574072410137e-02,8.799259558125308370e-03,3.027936887905692282e-03,-2.372079001737568971e-02,-1.862248945775957579e-02,2.787940073851167405e-03,3.440441727270838849e-03,1.124798543381011658e-02,-4.882917236278238801e-03,-1.416546774376435149e-02
-2.530307527956431393e-02,8.799240446631179796e-03,3.027382236971400738e-03,-2.371779768025982990e-02,-1.862382301186625913e-02,2.770451085793931584e-03,3.408749729135045290e-03,1.120918123006660327e-02,-4.892027050142834510e-03,-1.417766815094230817e-02
-2.530307480042372908e-02,8.799215152905284776e-03,3.026812821068542401e-03,-2.371476077835338661e-02,-1.862509962621867327e-02,2.753096519139724713e-03,3.376465213207001468e-03,1.117005736142679881e-02,-4.900791071588693135e-03,-1.418968091223132139e-02
-2.530307430157539839e-02,8.799186014179390808e-03,3.026228548287387445e-03,-2.371167556017935579e-02,-1.862634663481291600e-02,2.735814986647987310e-03,3.343701602650415820e-03,1.113065343323877202e-02,-4.909065548704601503e-03,-1.420168512695248186e-02
-2.530307364461988756e-02,8.799156223005944258e-03,3.025625112778356201e-03,-2.370853033356297088e-02,-1.862754599504671052e-02,2.718492629087898831e-03,3.310694614358805892e-03,1.109123210281175165e-02,-4.916690211584496054e-03,-1.421362159588599253e-02
-2.530307216529032940e-02,8.799134863213490393e-03,3.024980351026035526e-03,-2.370527577228007110e-02,-1.862854777313893359e-02,2.700750558629323381e-03,3.278348473052755327e-03,1.105280732282954044e-02,-4.923313149993329731e-03,-1.422489122977581982e-02
-2.530306697622656045e-02,8.799160354628956723e-03,3.024190898595376011e-03,-2.370169730062488336e-02,-1.862870871464667247e-02,2.681093584460908768e-03,3.250129249469271234e-03,1.101932607694841755e-02,-4.927764047654187296e-03,-1.423294155167556529e-02
-2.530304573880464564e-02,8.799406445187403503e-03,3.022774133191850118e-03,-2.369686476918728482e-02,-1.862547136223631494e-02,2.653736880835054490e-03,3.239053644866028616e-03,1.100589966675018239e-02,-4.925732601661023460e-03,-1.422817870499823792e-02
-2.530295632666564043e-02,8.800675501082173141e-03,3.018448437531433791e-03,-2.368688163489129916e-02,-1.860923228572263638e-02,2.597967127916692067e-03,3.292022387521770666e-03,1.106811841168264983e-02,-4.901932936557375393e-03,-1.417609260402293535e-02
-2.530258263955151646e-02,8.806645168748390359e-03,3.000345550824977826e-03,-2.365631032760867267e-02,-1.854615380394446927e-02,2.451150039343421346e-03,3.562159294541433416e-03,1.139482312298885185e-02,-4.809177714861777829e-03,-1.395845301225994567e-02
-2.530108389585465634e-02,8.833870353880134141e-03,2.917569992999384607e-03,-2.355102220118106271e-02,-1.833797312415266084e-02,2.094819071596700291e-03,4.449510845086840187e-03,1.248991981175668654e-02,-4.531580856044771857e-03,-1.325968852957210183e-02
-2.529577355021482912e-02,8.946860646492396998e-03,2.553360935112489356e-03,-2.323433829487139141e-02,-1.783768958903541799e-02,1.810716376534428611e-03,6.274583524393462924e-03,1.458648691230050691e-02,-3.987377694587998511e-03,-1.180882095765092843e-02
-2.528361697599103286e-02,9.262574198576359330e-03,1.348836100893392991e-03,-2.267559984349974689e-02,-1.768275757368566875e-02,4.740059565090901615e-03,5.052075080736264517e-03,1.006067246620169844e-02,-3.849244137452857185e-03,-1.316056527984774474e-02
-2.528034944548493423e-02,9.212765455785473095e-03,1.321946749519822134e-03,-2.225296708837795970e-02,-1.735803547441155600e-02,3.869306734696173131e-03,4.859593716901847507e-03,9.667753003148031599e-03,-2.987062267048842638e-03,-1.368309729020875283e-02
-2.527607878992393572e-02,9.118624676635293455e-03,1.331066175178669854e-03,-2.166122201037865014e-02,-1.689478099586141924e-02,2.814318315600238332e-03,4.738921957213175148e-03,9.403329947730271199e-03,-1.970382382476473359e-03,-1.433316741194826625e-02
-2.527124454170992518e-02,9.003421300605890173e-03,1.333652151051197216e-03,-2.099605233258498502e-02,-1.633146070527154159e-02,2.015027662089622241e-03,4.720403963432406522e-03,9.049171104193893048e-03,-1.052157556196899914e-03,-1.487619129617860983e-02
-2.526612755541558786e-02,8.875161956850893125e-03,1.329737498072503703e-03,-2.030208715875045714e-02,-1.568747319681165764e-02,1.477778799975066129e-03,4.779506157314108994e-03,8.633755635933781231e-03,-3.346189839184126333e-04,-1.520747137520458113e-02
-2.526084786707916488e-02,8.738269472946052011e-03,1.320866169379132865e-03,-1.959713068450874215e-02,-1.498088910463309456e-02,1.145627318772462827e-03,4.879148357323758074e-03,8.189620881033409308e-03,1.828512610033665041e-04,-1.531360100157077783e-02
-2.525546205167392491e-02,8.595312059766895343e-03,1.308150566617841300e-03,-1.888826753612839887e-02,-1.422758517283360426e-02,9.669329130676972877e-04,4.994593515017998163e-03,7.735698514643535306e-03,5.333751338161768843e-04,-1.521610037728846933e-02
-2.524999990894768315e-02,8.447812625871325976e-03,1.292361593469616233e-03,-1.817856132252459317e-02,-1.344046707470810363e-02,9.049888385220020669e-04,5.114285588798298844e-03,7.282115008457671658e-03,7.496295837184663866e-04,-1.494645010335540758e-02
-2.524447778084178140e-02,8.296692439780522371e-03,1.273946489378357909e-03,-1.746935976655657544e-02,-1.262881085141807046e-02,9.355862883020844324e-04,5.233288835430022039e-03,6.833310949689308522e-03,8.576847394385042926e-04,-1.453188881461617461e-02
-2.523890551399126866e-02,8.142544464749641372e-03,1.253233800593005166e-03,-1.676142659373763139e-02,-1.179979694425897785e-02,1.042528604790947605e-03,5.350951170776396988e-03,6.390602844440525752e-03,8.768478543925801658e-04,-1.399754361522272117e-02
-2.523328952129492986e-02,7.985761733226020773e-03,1.230407848811434970e-03,-1.605515154338438624e-02,-1.095844825074474872e-02,1.214443294821171762e-03,5.467697282960887022e-03,5.954113919712234783e-03,8.216449758411555580e-04,-1.336264424148264802e-02
-2.522763465814820139e-02,7.826616664798712389e-03,1.205612534021709885e-03,-1.535086505472990810e-02,-1.010854304802673992e-02,1.442964486162870517e-03,5.584535489172044731e-03,5.523871545804318918e-03,7.016526680166042555e-04,-1.264246998928701161e-02
-2.522194425686576091e-02,7.665317119897521216e-03,1.178941340349477958e-03,-1.464883679183402732e-02,-9.252942004764685285e-03,1.721809414043778790e-03,5.702282794171295056e-03,5.099454606593801891e-03,5.254061891332612077e-04,-1.184897988150721351e-02
-2.521622100065306835e-02,7.502028839024886889e-03,1.150485788150077023e-03,-1.394938543498787549e-02,-8.393960744849493505e-03,2.045933255099677273e-03,5.821289443875776737e-03,4.680448732569362190e-03,2.995185934194173659e-04,-1.099180470186375200e-02
-2.521046729674835188e-02,7.336889235505826730e-03,1.120304398049192483e-03,-1.325277600942103423e-02,-7.533590824543259790e-03,2.411635620917410450e-03,5.942175885123828459e-03,4.266664100202679361e-03,2.959809724854467667e-05,-1.008121218597056792e-02
-2.520468339574778033e-02,7.169979825971236655e-03,1.088551193410334725e-03,-1.255919762478426883e-02,-6.672609559033162129e-03,2.810674894662907111e-03,6.066216387654867551e-03,3.855905518107837632e-03,-2.821975615766291476e-04,-9.117839353845420824e-03
-2.519886196125430827e-02,7.001020691566479590e-03,1.055439003638381510e-03,-1.186764154248488683e-02,-5.808400318517336659e-03,3.237638007387916381e-03,6.194125946565028594e-03,3.440664752081535899e-03,-6.332660309419533770e-04,-8.106686144939328001e-03
-2.519292566569603445e-02,6.826836589718871147e-03,1.021297165464688178e-03,-1.116547859957453190e-02,-4.918509000897561267e-03,3.701472276453099917e-03,6.329131455675158190e-03,3.007014033964335378e-03,-1.016959578537226377e-03,-7.124102111889808395e-03
-2.518640873376278358e-02,6.641487836548861171e-03,9.900340405345048854e-04,-1.038854615573066992e-02,-4.122733014741448467e-03,3.957302625268854269e-03,6.576557806712189473e-03,2.681035907050762206e-03,-1.185673278962348599e-03,-6.571521852578824686e-03
-2.518153112871245394e-02,6.497068173104684173e-03,9.502488293516322916e-04,-9.844870072678998593e-03,-3.340201896297237058e-03,4.562379525779634327e-03,6.576178597901064828e-03,2.312243316009775489e-03,-1.755778360913656105e-03,-5.041130280282959605e-03
-2.517558154454963351e-02,6.320795782927037150e-03,9.095501300150504471e-04,-9.157172700283383246e-03,-2.445154366717491173e-03,5.156194351118048927e-03,6.702802754663902442e-03,1.865186728308269176e-03,-2.164309508377206329e-03,-3.959415793485099658e-03
-2.516816751668174770e-02,6.087744200404676329e-03,8.596130182306912192e-04,-8.375379231375967501e-03,-1.071355487270962258e-03,5.610715171024814596e-03,6.631413215182060603e-03,1.067874220404675320e-03,-2.963522352854596354e-03,-2.161048926268697642e-03
-2.516401516990817919e-02,5.980680198863760032e-03,8.307783021153953163e-04,-7.843019044962167355e-03,-8.544697628942969506e-04,6.199490110813280636e-03,6.919450380266653836e-03,1.187571082638415321e-03,-3.060113713489845920e-03,-1.730355506339811052e-03
-2.515821696837147736e-02,5.809658692258195742e-03,7.908489457148709179e-04,-7.194596377473746855e-03,-8.033226516979145501e-05,6.692410891775768880e-03,7.035073332475798823e-03,8.569017033912792233e-04,-3.523147652586932320e-03,-5.920500416018412192e-04
-2.515231448619788257e-02,5.634474428728752579e-03,7.477971059788458396e-04,-6.543230932389136091e-03,7.060587817800477841e-04,7.226612285467256917e-03,7.163807498963910454e-03,5.017993298489723929e-04,-3.989034592680950134e-03,5.528190979424312586e-04
-2.514638052751737643e-02,5.457420815039084119e-03,7.027495407594350771e-04,-5.896471360649418667e-03,1.487720649514717285e-03,7.789101040489864597e-03,7.296302356228602341e-03,1.482951845609835773e-04,-4.468138316650069851e-03,1.690508045946538963e-03
-2.514043015528105371e-02,5.279208114641612687e-03,6.561791690108622786e-04,-5.255543227585688683e-03,2.260922036200837745e-03,8.366300738305389173e-03,7.429818574394318059e-03,-2.020060376535964580e-04,-4.956127638370579763e-03,2.826295305674997402e-03
-2.513446987238990640e-02,5.100237017729563130e-03,6.083737085764521222e-04,-4.620980337839192612e-03,3.022860647552685128e-03,8.945826429968360000e-03,7.563829408728328305e-03,-5.486372983056328392e-04,-5.447355707448560749e-03,3.959911083401343110e-03
-2.512850477998407675e-02,4.920750961421236670e-03,5.594488796579453766e-04,-3.993170468010500025e-03,3.771496471283919925e-03,9.523264528547294508e-03,7.696655048654429607e-03,-8.896467971236943217e-04,-5.936774812191990443e-03,5.083801074232442881e-03
-2.512253788619604050e-02,4.740917211219873063e-03,5.094825065416122697e-04,-3.372398669516684256e-03,4.504984881480385284e-03,1.009375795576271211e-02,7.827874570270903706e-03,-1.225111015746759881e-03,-6.418625693699625372e-03,6.190871170895096386e-03
-2.511657187088055243e-02,4.560870985987386210e-03,4.585479886545238207e-04,-2.758920689656276307e-03,5.222107933895786362e-03,1.065398140688505503e-02,7.957177964595500003e-03,-1.554667987417757396e-03,-6.889362834573239947e-03,7.276409317253050395e-03
-2.511060886478716156e-02,4.380724896577069434e-03,4.066977147800981463e-04,-2.152972100909383239e-03,5.921880242257321868e-03,1.120081401327603816e-02,8.083975061082196781e-03,-1.878461615751096051e-03,-7.345655605624698374e-03,8.336204135143245389e-03
-2.510465092802309853e-02,4.200576316905427383e-03,3.539836640400523715e-04,-1.554779022386943051e-03,6.603367574904070274e-03,1.173166593391581324e-02,8.208350423345991617e-03,-2.196332728441916654e-03,-7.784771602757965293e-03,9.366080760259376872e-03
-2.509870001733613062e-02,4.020519899569768678e-03,3.004491757972584196e-04,-9.645628292769209758e-04,7.265843164145050978e-03,1.224394766910723124e-02,8.329760746549437142e-03,-2.508304997915739454e-03,-8.204137229473574058e-03,1.036305353457433499e-02
-2.509275805925208561e-02,3.840644645899273565e-03,2.461420584185249299e-04,-3.825527875789918025e-04,7.908632261176010148e-03,1.273544200662740655e-02,8.447915902151246353e-03,-2.814153315559860154e-03,-8.601586251559208834e-03,1.132392099978775553e-02
-2.508682685728052392e-02,3.661036957441537835e-03,1.911018952910227672e-04,1.910561511209871112e-04,8.531142072817639310e-03,1.320398017471636522e-02,8.562337061384752909e-03,-3.114040696049901521e-03,-8.974952571449689234e-03,1.224606991039528178e-02
-2.508090831044510263e-02,3.481779572837207307e-03,1.353741802124716360e-04,7.560558516118618105e-04,9.132829560577954142e-03,1.364761602998043437e-02,8.672758458981164736e-03,-3.407707450974143282e-03,-9.322474303102698187e-03,1.312689937980719007e-02
-2.507500422042674426e-02,3.302956738095419540e-03,7.899883209853421871e-05,1.312267583259903257e-03,9.713186569551572960e-03,1.406439582162202426e-02,8.778767105466373302e-03,-3.695378619696433522e-03,-9.642202046469594556e-03,1.396389774667840949e-02
-2.506911627282250310e-02,3.124639577461763539e-03,2.201582588159858839e-05,1.859506928475997394e-03,1.027188979913727998e-02,1.445289581045620941e-02,8.879884897579083322e-03,-3.976706090103961609e-03,-9.933063980332321186e-03,1.475578575031063523e-02
-2.506324622615052622e-02,2.946909277918076300e-03,-3.553580736619254855e-05,2.397614649033436105e-03,1.080853093578785888e-02,1.481144917994416110e-02,8.975701001778933763e-03,-4.252003319886661289e-03,-1.019337520168012330e-02,1.550035292489674969e-02
-2.505739592232117396e-02,2.769838985369046502e-03,-9.361319706433244908e-05,2.926428870175235269e-03,1.132279720711146416e-02,1.513863749267012684e-02,9.065998688131968533e-03,-4.520992093540645435e-03,-1.042206463338588192e-02,1.619595992803114434e-02
-2.505156709571497442e-02,2.593501939886672623e-03,-1.521793030587157173e-04,3.445815266657839548e-03,1.181443647872701917e-02,1.543307822743809725e-02,9.150305959053285643e-03,-4.783711338405767337e-03,-1.061799424030286133e-02,1.684165832123064171e-02
-2.504576143547418074e-02,2.417964868162462803e-03,-2.111941797532864990e-04,3.955641532136337790e-03,1.228325581892300740e-02,1.569379734287934189e-02,9.228537351112927126e-03,-5.040180674057491254e-03,-1.078042587235692948e-02,1.743570753442524185e-02
-2.503998060850552709e-02,2.243298137517852481e-03,-2.706217784140136089e-04,4.455792402551650953e-03,1.272911136860582597e-02,1.591974428312995654e-02,9.300161444767373470e-03,-5.290529530710246127e-03,-1.090850975491513414e-02,1.797751191095946569e-02
-2.503422633917359863e-02,2.069567509287217454e-03,-3.304214113892613202e-04,4.946153107192030433e-03,1.315190534326761071e-02,1.611009484297028574e-02,9.364949858440604208e-03,-5.534619188389237540e-03,-1.100179968437402060e-02,1.846617498501016558e-02
-2.502850026885171039e-02,1.896837425501860051e-03,-3.905581986899049661e-04,5.426637127251745379e-03,1.355160207512124022e-02,1.626410556997056472e-02,9.422578294942342281e-03,-5.772662547874182239e-03,-1.105977701421614369e-02,1.890123738760325287e-02
-2.502280407113885094e-02,1.725170072605188834e-03,-4.509923714404684382e-04,5.897159680478170247e-03,1.392818210092163639e-02,1.638122879971071200e-02,9.472825067130766913e-03,-6.004493771940196296e-03,-1.108229395684681706e-02,1.928228198506798038e-02
-2.501713939653342836e-02,1.554628977800051604e-03,-5.116880661893695751e-04,6.357656886035902358e-03,1.428167851950175316e-02,1.646091686504246379e-02,9.515403186885049505e-03,-6.230378085108031691e-03,-1.106898351994777333e-02,1.960901679272325157e-02
-2.501150781277172719e-02,1.385266924581160779e-03,-5.726095354086689713e-04,6.808069208421318325e-03,1.461225479529526354e-02,1.650306470754306365e-02,9.550152003472063902e-03,-6.450226641724634245e-03,-1.102024647712756752e-02,1.988167932805114807e-02
-2.500591095246540441e-02,1.217144978473708823e-03,-6.337206523571722394e-04,7.248360088270228499e-03,1.492001036789870200e-02,1.650735580522467300e-02,9.576829889103096946e-03,-6.664285374761319027e-03,-1.093595469420287000e-02,2.010028189826684394e-02
-2.500035045212243429e-02,1.050318785611019335e-03,-6.949829310065535563e-04,7.678491148642641560e-03,1.520512319557310726e-02,1.647375476393695554e-02,9.595328904401826189e-03,-6.872521282323734194e-03,-1.081648785243490181e-02,2.026498982944754598e-02
-2.499482787189493890e-02,8.848427282291440295e-04,-7.563625467401313652e-04,8.098452341967104715e-03,1.546781684699965846e-02,1.640230095115402173e-02,9.605463561632799144e-03,-7.075176739039713836e-03,-1.066213294626278639e-02,2.037638877744037125e-02
-2.498934482970536011e-02,7.207694607735108281e-04,-8.178214199948673777e-04,8.508230515878704645e-03,1.570834826808122087e-02,1.629319138703976683e-02,9.607181880178819813e-03,-7.272242099132520711e-03,-1.047351637782094336e-02,2.043494004111975557e-02
-2.498390287016679506e-02,5.581515020669592991e-04,-8.793253782333522190e-04,8.907837188273145385e-03,1.592701870160567051e-02,1.614666900559558541e-02,9.600279644651711977e-03,-7.463941958700576369e-03,-1.025113095273081851e-02,2.044158822937668443e-02
-2.497850354185143437e-02,3.970366938735356939e-04,-9.408379049207759312e-04,9.297289156767913135e-03,1.612416361054498648e-02,1.596323477739048161e-02,9.584877148892469861e-03,-7.650426838793291003e-03,-9.995812581554554266e-03,2.039677103423586518e-02
-2.497314839860600294e-02,2.374752065531919891e-04,-1.002324633695737995e-03,9.676617183598138633e-03,1.630016118644314962e-02,1.574331951667924320e-02,9.560825633012044050e-03,-7.831920705252137099e-03,-9.708267778112258245e-03,2.030176199329396941e-02
-2.496783902413792292e-02,7.951483834419609059e-05,-1.063747113059200326e-03,1.004587861480889938e-02,1.645540790727979125e-02,1.548766248630488278e-02,9.528205687329460369e-03,-8.008434137882705292e-03,-9.389624909622936930e-03,2.015764421912975835e-02
-2.496257685792247633e-02,-7.679971133902469254e-05,-1.125074696046344256e-03,1.040509417346488844e-02,1.659030131398837177e-02,1.519671464841815256e-02,9.486936089816556603e-03,-8.180248609355856779e-03,-9.040502559467646429e-03,1.996544309057996999e-02
-2.495736349342552243e-02,-2.314215392222776068e-04,-1.186268117698301931e-03,1.075434032319939719e-02,1.670530704702258631e-02,1.487137881670699824e-02,9.437166009560933946e-03,-8.347484745638089967e-03,-8.662140324515354289e-03,1.972631510463458346e-02
-2.495220038529001247e-02,-3.843090886060566785e-04,-1.247295706165519116e-03,1.109369149279275032e-02,1.680096281071245118e-02,1.451258686641229353e-02,9.378862889791421062e-03,-8.510373891513666605e-03,-8.255746566973509379e-03,1.944209663973203717e-02
-2.494708907929872946e-02,-5.354183311323501256e-04,-1.308119804755716875e-03,1.142322654929102572e-02,1.687774848094415747e-02,1.412126545084763270e-02,9.312219190261376150e-03,-8.669028029121892895e-03,-7.822519286742771888e-03,1.911392793924492767e-02
-2.494203103659511228e-02,-6.847074053620272587e-04,-1.368707208751905125e-03,1.174304048486829455e-02,1.693620868074902433e-02,1.369843085275928435e-02,9.237290283601633928e-03,-8.823727536083599346e-03,-7.363615641415653668e-03,1.874350990166277764e-02
-2.493702774574432790e-02,-8.321364301910305064e-04,-1.429021641306699088e-03,1.205323266218346658e-02,1.697688938700320574e-02,1.324521129076545838e-02,9.154342094542078367e-03,-8.974615595429518214e-03,-6.880436872373804462e-03,1.833223007898637097e-02
-2.493208065105170443e-02,-9.776655562365589407e-04,-1.489030331762936261e-03,1.235391528459466384e-02,1.700037439266716480e-02,1.276275946172476979e-02,9.063454599865771941e-03,-9.121934529786955570e-03,-6.374243965030197169e-03,1.788196117484886632e-02
-2.492719124664383168e-02,-1.121256524424352197e-03,-1.548697104988171072e-03,1.264519830092840011e-02,1.700726871242972532e-02,1.225230713175633722e-02,8.964883821556973373e-03,-9.265770179656820232e-03,-5.846490501478107497e-03,1.739429610184394306e-02
-2.492236092551794457e-02,-1.262871444462273889e-03,-1.607989370196107699e-03,1.292721053501672858e-02,1.699817516302579504e-02,1.171511451172689913e-02,8.858772592937512458e-03,-9.406437142790040340e-03,-5.298584606923370348e-03,1.687120276813901254e-02
-2.491759107147766689e-02,-1.402473803366627129e-03,-1.666872255271729117e-03,1.320007503506417934e-02,1.697373768046299067e-02,1.115262030003388340e-02,8.745352520007710143e-03,-9.544177813140311203e-03,-4.732003836763603102e-03,1.631416699454748750e-02
-2.491288315961574795e-02,-1.540028099268044015e-03,-1.725312703212349358e-03,1.346393651220684912e-02,1.693458516283851550e-02,1.056609001669536058e-02,8.624930703261186535e-03,-9.679116766735218480e-03,-4.148117360579181741e-03,1.572527119124875541e-02
-2.490823865418002880e-02,-1.675502168535169482e-03,-1.783276055916627753e-03,1.371893681895644361e-02,1.688138352492132843e-02,9.956923491294242604e-03,8.497878836632466806e-03,-9.811195769130609881e-03,-3.548567102700119977e-03,1.510657103630186869e-02
-2.490365885243240457e-02,-1.808860495079244552e-03,-1.840730538447436651e-03,1.396522461585461734e-02,1.681479681767652709e-02,9.326612201655485462e-03,8.364362489920298960e-03,-9.940831946760257665e-03,-2.934695799442662862e-03,1.445984509800310285e-02
-2.489914515504238965e-02,-1.940070696559085270e-03,-1.897641674091898227e-03,1.420294776359917917e-02,1.673549651754332665e-02,8.676639820537832004e-03,8.224733965525931473e-03,-1.006807969434737014e-02,-2.308086505250027138e-03,1.378696953820158534e-02
-2.489469887427105121e-02,-2.069101165558891956e-03,-1.953978525488593923e-03,1.443226988512111980e-02,1.664416580858436162e-02,8.008519536520692858e-03,8.079281815406881562e-03,-1.019319980599376306e-02,-1.670142019072075844e-03,1.308993918564814972e-02
-2.489032133486443824e-02,-2.195920693674845072e-03,-2.009707305950724290e-03,1.465334445213965775e-02,1.654149393968843904e-02,7.323810750166985864e-03,7.928324343131299898e-03,-1.031631450360474822e-02,-1.022424480477516573e-03,1.237065295655189953e-02
-2.488601383643517309e-02,-2.320499007761586685e-03,-2.064797181967673728e-03,1.486634850084331619e-02,1.642818792305657943e-02,6.624116498454213006e-03,7.772181151002191188e-03,-1.043765880411270594e-02,-3.663849127550657375e-04,1.163115352307195378e-02
-2.488177767197960119e-02,-2.442809037011647866e-03,-2.119216752157172205e-03,1.507142946446423520e-02,1.630491350737193687e-02,5.910871152563871959e-03,7.611242846248200689e-03,-1.055720883537879240e-02,2.965679237173877579e-04,1.087326378991029102e-02
-2.487761413797339588e-02,-2.562822053463151197e-03,-2.172935182431365991e-03,1.526877346174504088e-02,1.617237945995341625e-02,5.185667958770685815e-03,7.445892439651832263e-03,-1.067513782340605462e-02,9.649959815955197777e-04,1.009913635395591654e-02
-2.487352456933952793e-02,-2.680512234491247946e-03,-2.225920131460446851e-03,1.545855294443111705e-02,1.603126775768012879e-02,4.450026235250014069e-03,7.276653027748460761e-03,-1.079135512798231125e-02,1.637402531643091788e-03,9.310749425350702685e-03
-2.486951014941190738e-02,-2.795853803371051161e-03,-2.278143159943199145e-03,1.564094653520524056e-02,1.588228857648103787e-02,3.705521734301235083e-03,7.103845039208550594e-03,-1.090604517348660839e-02,2.312461019926027438e-03,8.510149136100098044e-03
-2.486557205674567311e-02,-2.908820774461627536e-03,-2.329573611466227191e-03,1.581612168345903138e-02,1.572612506826406506e-02,2.953793190045035828e-03,6.927835066978963417e-03,-1.101930007504553499e-02,2.988762558130025112e-03,7.699052735272359123e-03
-2.486171143330812017e-02,-3.019389124710719109e-03,-2.380184198248434628e-03,1.598425809903352909e-02,1.556347259623622539e-02,2.196408136660583845e-03,6.748987434427282904e-03,-1.113127822664580768e-02,3.665017571218281891e-03,6.879478490219631884e-03
-2.485792944355682751e-02,-3.127536019480079213e-03,-2.429945086855831316e-03,1.614553042791587456e-02,1.539500730202789450e-02,1.434930423928711639e-03,6.567728807087727487e-03,-1.124193719392181830e-02,4.339896518476060901e-03,6.053226942056299381e-03
-2.485422718432703584e-02,-3.233239548744524378e-03,-2.478830322814449660e-03,1.630012029435631490e-02,1.522140439376025271e-02,6.709002467835604826e-04,6.384453089266612334e-03,-1.135137609813950503e-02,5.012166695431131275e-03,5.222278345286358869e-03
-2.485060576833950791e-02,-3.336479262275462033e-03,-2.526811535578526308e-03,1.644819869477284757e-02,1.504333699351101568e-02,-9.413327800137566480e-05,6.199663642373910363e-03,-1.145961538360587215e-02,5.680570929188240477e-03,4.388275904233863642e-03
-2.484706622356219752e-02,-3.437235319511456211e-03,-2.573864456251892096e-03,1.658994297435933615e-02,1.486148108394597100e-02,-8.586483863480599311e-04,6.013678393066360442e-03,-1.156669189455160167e-02,6.343926207484187549e-03,3.553237887170791580e-03
-2.484360959401405583e-02,-3.535489091932337343e-03,-2.619962249125547867e-03,1.672552313390143069e-02,1.467647072548876504e-02,-1.621151312816415929e-03,5.826985413403577667e-03,-1.167255510686285129e-02,7.001077865792451269e-03,2.718759415450599549e-03
-2.484023684102727725e-02,-3.631223372176545054e-03,-2.665082113599356959e-03,1.685511691797484529e-02,1.448896272551647608e-02,-2.380177905126516086e-03,5.639961273700949684e-03,-1.177723759178078873e-02,7.650938851400554581e-03,1.886701112015336853e-03
-2.483694895083377388e-02,-3.724422415309736056e-03,-2.709199203987271761e-03,1.697888729013714848e-02,1.429958709389590223e-02,-3.134267774919395622e-03,5.453103439858425668e-03,-1.188067089434791460e-02,8.292407475365467379e-03,1.058674273282462532e-03
-2.483374679627457088e-02,-3.815071204609809304e-03,-2.752292977333720830e-03,1.709700451635097485e-02,1.410896195849574257e-02,-3.882006521368447458e-03,5.266764505540966895e-03,-1.198285885008044428e-02,8.924452817643058547e-03,2.364990466261117309e-04
-2.483063128271330647e-02,-3.903156193531484748e-03,-2.794340450388406883e-03,1.720962304522740544e-02,1.391771834290918622e-02,-4.621974657740955499e-03,5.081392530927623594e-03,-1.208374484803780013e-02,9.546100162146377993e-03,-5.784102894535399263e-04
-2.482760315792066977e-02,-3.988667642423361463e-03,-2.835324290923329441e-03,1.731691789436477780e-02,1.372645289583809478e-02,-5.352759587536148542e-03,4.897460127437803547e-03,-1.218336867998939463e-02,1.015638055551316456e-02,-1.384368450261115905e-03
-2.482466330637949151e-02,-4.071591949501892314e-03,-2.875222945582556894e-03,1.741901004957398594e-02,1.353575286713942609e-02,-6.073180283734155166e-03,4.715236042587712256e-03,-1.228150732225347964e-02,1.075446701897034285e-02,-2.179927218446076672e-03
-2.482181242048523556e-02,-4.151920445784621806e-03,-2.914020017993701819e-03,1.751607396058591989e-02,1.334619477341690563e-02,-6.781880335591095391e-03,4.535112042028339140e-03,-1.237809952943728399e-02,1.133945596681076341e-02,-2.963300514611606675e-03
-2.481905126902862746e-02,-4.229644677663263463e-03,-2.951697317915060684e-03,1.760822873271684214e-02,1.315836472220053427e-02,-7.477616964008526081e-03,4.357523514923044607e-03,-1.247310693484860247e-02,1.191051421720527685e-02,-3.733354774982131780e-03
-2.481638048484995779e-02,-4.304756899578180036e-03,-2.988239926861999650e-03,1.769562074923495751e-02,1.297281957300247361e-02,-8.159279349309902368e-03,4.182741573477164430e-03,-1.256645777743278965e-02,1.246698613138852788e-02,-4.488555227515147322e-03
-2.481380062530525593e-02,-4.377258267595864928e-03,-3.023636238005879013e-03,1.777837998859229870e-02,1.279014240175575801e-02,-8.825397727833268063e-03,4.011296808608640248e-03,-1.265805497648500068e-02,1.300779362540023694e-02,-5.227469384423902646e-03
-2.481131232376992610e-02,-4.447134738552119791e-03,-3.057870838004118214e-03,1.785660726184478200e-02,1.261068046471969933e-02,-9.475459882013795646e-03,3.843155031119246078e-03,-1.274746725684730055e-02,1.353289942908464556e-02,-5.948839185455814804e-03
-2.480891626028810040e-02,-4.514385024306340026e-03,-3.090928470014608562e-03,1.793042118114752947e-02,1.243519626574158751e-02,-1.010796545675985911e-02,3.678652829768393456e-03,-1.283475305667314617e-02,1.404104101618743397e-02,-6.650972847669640864e-03
-2.480661291767769297e-02,-4.579000956639150445e-03,-3.122798112470957007e-03,1.799995022436829545e-02,1.226396673431528160e-02,-1.072206612778820595e-02,3.518432029006328746e-03,-1.292013811957981248e-02,1.453195113388927422e-02,-7.333775050652185414e-03
-2.480440289380549460e-02,-4.640966435283932004e-03,-3.153460839563767323e-03,1.806528596442965109e-02,1.209704642412905845e-02,-1.131753295641414747e-02,3.362675872364830846e-03,-1.300287154620013118e-02,1.500614794217170443e-02,-7.996528296472004207e-03
-2.480228735662550268e-02,-4.700248563923087666e-03,-3.182884855623598856e-03,1.812661796770836248e-02,1.193487762509078814e-02,-1.189332539307836820e-02,3.212064683340442543e-03,-1.308341139499145933e-02,1.546313628588802565e-02,-8.638969377465534338e-03
-2.480026659092558067e-02,-4.756864571088710580e-03,-3.211068187273572166e-03,1.818401222328444589e-02,1.177854396810397095e-02,-1.244766564846056314e-02,3.065470794625878379e-03,-1.316059786702294954e-02,1.590038693886427698e-02,-9.255418636923992345e-03
-2.479834110479896617e-02,-4.810811525870646414e-03,-3.238000088041377133e-03,1.823763289769237544e-02,1.162858787734594168e-02,-1.297914115309528778e-02,2.923639526788832186e-03,-1.323492054929976611e-02,1.631709748573129115e-02,-9.845603974571915870e-03
-2.479651081375874866e-02,-4.862097628141875440e-03,-3.263682681569882085e-03,1.828746892795997739e-02,1.148478496473532944e-02,-1.348823788770866193e-02,2.787238356463765665e-03,-1.330614774796917872e-02,1.671474641314571810e-02,-1.041102214232541776e-02
-2.479477643212345955e-02,-4.910714407325854521e-03,-3.288104051515642039e-03,1.833356571290927287e-02,1.134801839336535556e-02,-1.397389203756704140e-02,2.655407698027105121e-03,-1.337373233225213655e-02,1.709185644506442184e-02,-1.094842341000684845e-02
-2.479313843966770778e-02,-4.956638594699172909e-03,-3.311238958998219579e-03,1.837615387254950411e-02,1.121782061538401966e-02,-1.443573120287180642e-02,2.529900679580239162e-03,-1.343818932446645686e-02,1.744958808853092069e-02,-1.146044110103990737e-02
-2.479159725910808423e-02,-4.999874088117074039e-03,-3.333083593411528822e-03,1.841528468600792459e-02,1.109500498311874819e-02,-1.487264741531172003e-02,2.410105767781174201e-03,-1.349900712760108284e-02,1.778627493250778055e-02,-1.194336045832418425e-02
-2.479015369579172165e-02,-5.040392681726240873e-03,-3.353612520608452354e-03,1.845104031560806240e-02,1.097972235551565937e-02,-1.528410940462093803e-02,2.296181937009280066e-03,-1.355626709187779735e-02,1.810198149043773866e-02,-1.239790269579652861e-02
-2.478880787847360587e-02,-5.078195960161000812e-03,-3.372824870067204443e-03,1.848344881559061195e-02,1.087207680358684252e-02,-1.567041213585324694e-02,2.187954906046668448e-03,-1.360913337505181321e-02,1.839720783044172803e-02,-1.282258580283106124e-02
-2.478756062038270716e-02,-5.113254376526031077e-03,-3.390684022342462661e-03,1.851284834408964755e-02,1.077203032856700535e-02,-1.602998986478883225e-02,2.087332591275679362e-03,-1.365886451161716503e-02,1.867167216888709902e-02,-1.321918930517788915e-02
-2.478641265040728778e-02,-5.145549635793972287e-03,-3.407177829397243108e-03,1.853924871695246737e-02,1.068023215342400051e-02,-1.636209008968075515e-02,1.992921710183363435e-03,-1.370419806087166611e-02,1.892361647080913548e-02,-1.358313976855393852e-02
-2.478536478778065044e-02,-5.175045031214552289e-03,-3.422270751656242282e-03,1.856288020941687655e-02,1.059629563957499576e-02,-1.666632876463729554e-02,1.906226307598592662e-03,-1.374586400219941079e-02,1.915385566014933885e-02,-1.391662570085556473e-02
-2.478441731572537596e-02,-5.201726603046591228e-03,-3.435961215848134034e-03,1.858359917325862198e-02,1.052019622963433487e-02,-1.694393930778887586e-02,1.826722771811399972e-03,-1.378350166296514814e-02,1.936385884675443508e-02,-1.422113275393364906e-02
-2.478357078438011077e-02,-5.225583425005367495e-03,-3.448223494358502311e-03,1.860172565609145845e-02,1.045254879330685151e-02,-1.719226280527817036e-02,1.754402853042165075e-03,-1.381716719196288828e-02,1.955016615180514908e-02,-1.449173536923034807e-02
-2.478282565421464564e-02,-5.246596567223711649e-03,-3.459038541717261109e-03,1.861751775363880770e-02,1.039298300977349251e-02,-1.741101347911032729e-02,1.691391092980397892e-03,-1.384729247135070042e-02,1.971464286071944808e-02,-1.473179413148135997e-02
-2.478218357090107571e-02,-5.264691469062221518e-03,-3.468360684526917981e-03,1.863080830720667547e-02,1.034150553729699419e-02,-1.760149717687347834e-02,1.635400322495983872e-03,-1.387266414703190905e-02,1.985757354722653828e-02,-1.493933342193191557e-02
-2.478164297787688666e-02,-5.279941652511117856e-03,-3.476241975261066489e-03,1.864153580919523240e-02,1.029835045192850455e-02,-1.776353006913789292e-02,1.586952592990121180e-03,-1.389328685389287429e-02,1.997891378608496193e-02,-1.511419378043183173e-02
-2.478120659982651491e-02,-5.292242109790691248e-03,-3.482574960233454382e-03,1.865053746059167766e-02,1.026397126886545615e-02,-1.789235804991460427e-02,1.548008296192172808e-03,-1.391062984701825489e-02,2.007422075354951124e-02,-1.525304554783966579e-02
-2.478087336860187659e-02,-5.301603757133442098e-03,-3.487409152125342613e-03,1.865705279989310003e-02,1.023715696519263488e-02,-1.799436556102679274e-02,1.515538541989828753e-03,-1.392161400111134074e-02,2.014962333054916982e-02,-1.535782974977208636e-02
-2.478064519575183533e-02,-5.307967904866948104e-03,-3.490653956911556315e-03,1.866220717031941145e-02,1.021893321099945524e-02,-1.806161835508193758e-02,1.492841088196364234e-03,-1.392906352425975387e-02,2.019729800087513918e-02,-1.542372177660144943e-02
-2.478052247975903732e-02,-5.311307607858993529e-03,-3.492313813398982211e-03,1.866545340328136862e-02,1.020796516885801725e-02,-1.809982640482284480e-02,1.481790359589765273e-03,-1.393394883756458695e-02,2.022537042270387136e-02,-1.546406212360434615e-02
-2.483838420220964641e-02,-1.348032810017649706e-02,9.426922202476154672e-03,1.908003380200355356e-02,2.931291351244835232e-03,-2.673935958037390245e-02,-2.277479927834527920e-02,-2.581606282923605208e-02,1.503425973726967534e-02,-2.369897709925948212e-02
-2.483868239070736311e-02,-1.347308750894976072e-02,9.428018159278645643e-03,1.905494800618517601e-02,2.933603800530191954e-03,-2.666302953438549547e-02,-2.275291642951172977e-02,-2.581364798189883167e-02,1.498336426332140536e-02,-2.365018411548222912e-02
-2.483938387795730021e-02,-1.345671307290080727e-02,9.431706229330285435e-03,1.899417145597744744e-02,2.935066657412037198e-03,-2.647743267169273482e-02,-2.270434339561695769e-02,-2.581204205905043847e-02,1.484252957073052374e-02,-2.354872503325642144e-02
-2.484047507732571256e-02,-1.343085574519574041e-02,9.436812875883033788e-03,1.890055014559463564e-02,2.939956636229479336e-03,-2.618996954730902146e-02,-2.262788307167645785e-02,-2.580622210816591391e-02,1.463489863133602721e-02,-2.338986993032324269e-02
-2.484196849097589088e-02,-1.339567565181438991e-02,9.444210335824099189e-03,1.877194155460768996e-02,2.945374371715628065e-03,-2.579810350645168199e-02,-2.252249104317343570e-02,-2.580122329931057792e-02,1.434520581838843491e-02,-2.316750309932017263e-02
-2.484385603508885640e-02,-1.335095139722227917e-02,9.453218131199751795e-03,1.860989911216875611e-02,2.953531543441275178e-03,-2.530389107826253731e-02,-2.239022059566379494e-02,-2.579312255811561788e-02,1.398523063621356748e-02,-2.288867046688213003e-02
-2.484614879217267314e-02,-1.329676857395149965e-02,9.464524541551753295e-03,1.841268701928304094e-02,2.962058845260059047e-03,-2.470568044887506282e-02,-2.222997557828880130e-02,-2.578438481538668919e-02,1.354365237237391793e-02,-2.254733710604871211e-02
-2.484884050110689607e-02,-1.323289953532809544e-02,9.477575010899083954e-03,1.818156202147244022e-02,2.972851353796531881e-03,-2.400600850805972852e-02,-2.204328531935361574e-02,-2.577216794221797933e-02,1.303042445750048940e-02,-2.214861498362800940e-02
-2.485194202815159750e-02,-1.315937086149774650e-02,9.492962507477423553e-03,1.791496451734459622e-02,2.983754041100314478e-03,-2.320365127111117740e-02,-2.182989362698958130e-02,-2.575837228399299392e-02,1.243611145754346288e-02,-2.168721446490323029e-02
-2.485544894612436856e-02,-1.307594274280723598e-02,9.510242798500267991e-03,1.761386858093923202e-02,2.996322551487224858e-03,-2.230125213070674114e-02,-2.159094138618750797e-02,-2.574034263277167126e-02,1.176898316350813260e-02,-2.116742601582737721e-02
-2.485937224976834947e-02,-1.298258660036258859e-02,9.529946194163470968e-03,1.727682506634685769e-02,3.008556389098400972e-03,-2.129793916503709694e-02,-2.132681746520772789e-02,-2.571949546146145779e-02,1.102094931787782513e-02,-2.058439307558976306e-02
-2.486370924428601970e-02,-1.287904114478866970e-02,9.551715780339293735e-03,1.690456718940375538e-02,3.021727425112244111e-03,-2.019659335801144567e-02,-2.103850902030410946e-02,-2.569338665623636941e-02,1.019907675221419507e-02,-1.994186486441352005e-02
-2.486847124406262044e-02,-1.276522405596853919e-02,9.576039884415210937e-03,1.649571166203157510e-02,3.033904506436453132e-03,-1.899675636161907849e-02,-2.072689717241040647e-02,-2.566296291549502798e-02,9.296400889901792683e-03,-1.923551110420657420e-02
-2.487365725261811086e-02,-1.264084549184395050e-02,9.602635834851849100e-03,1.605078151530537137e-02,3.046085909064872015e-03,-1.770156795320324342e-02,-2.039294622252601358e-02,-2.562585967945308491e-02,8.319032278710147485e-03,-1.846844203371816179e-02
-2.487927911618282098e-02,-1.250576713066363019e-02,9.631964910593919516e-03,1.556842719061765981e-02,3.056349273018358660e-03,-1.631105344131855706e-02,-2.003800944965851774e-02,-2.558258950600778708e-02,7.260950020913128390e-03,-1.763683475810786869e-02
-2.488533755670929368e-02,-1.235966201408855540e-02,9.663811672979529324e-03,1.504897309277414275e-02,3.065435642679672969e-03,-1.482874533444504365e-02,-1.966318767237647258e-02,-2.553076374624484862e-02,6.127575177104379461e-03,-1.674322904531160353e-02
-2.489184520350349109e-02,-1.220233219059787752e-02,9.698622448673163352e-03,1.449107001746695322e-02,3.071377099133500588e-03,-1.325520185281748795e-02,-1.927023447014775126e-02,-2.547054509634858951e-02,4.913706931621898873e-03,-1.578438107333346441e-02
-2.489880452674270161e-02,-1.203340399992922430e-02,9.736245361728072117e-03,1.389486765953447910e-02,3.074612999604912304e-03,-1.159449404317884798e-02,-1.886045243196143514e-02,-2.539943868518756628e-02,3.624403087861770810e-03,-1.476254119706212065e-02
-2.490622922247640383e-02,-1.185261312355221676e-02,9.777123540332324433e-03,1.325898239588456894e-02,3.073078149798924488e-03,-9.847833555998105476e-03,-1.843611959602518141e-02,-2.531718134044762952e-02,2.255217274592264624e-03,-1.367485729008478118e-02
-2.491412361923709198e-02,-1.165952855901556708e-02,9.821166712828316436e-03,1.258338973062252987e-02,3.066878216647668434e-03,-8.019990549512278841e-03,-1.799878479880564000e-02,-2.522112881214115185e-02,8.109942935433679927e-04,-1.252339690447598630e-02
-2.492250276276260570e-02,-1.145381000449074982e-02,9.868827181617884081e-03,1.186665437527636459e-02,3.053750522379913238e-03,-6.113006368064545677e-03,-1.755126829544873326e-02,-2.511057869137298809e-02,-7.118166387770600992e-04,-1.130592899146904903e-02
-2.493137303473997105e-02,-1.123495558887691037e-02,9.920077459825501695e-03,1.110857066858039928e-02,3.033428100892710758e-03,-4.132569211193765600e-03,-1.709552858031258837e-02,-2.498263315900584036e-02,-2.308354946102023422e-03,-1.002444326035846836e-02
-2.494075118675959102e-02,-1.100253544937368315e-02,9.975391618055082926e-03,1.030762602828078946e-02,3.003338465886251814e-03,-2.081785435284659938e-03,-1.663498589699475422e-02,-2.483612135239516780e-02,-3.981126106325458616e-03,-8.677552411647479827e-03
-2.495064593203322884e-02,-1.075595853084428295e-02,1.003481062150398187e-02,9.463429736953006197e-03,2.962721037046563925e-03,3.240009618844166009e-05,-1.617210174897699623e-02,-2.466778252082419548e-02,-5.724874675932381703e-03,-7.267458909273873287e-03
-2.496107615385219358e-02,-1.049468780301132664e-02,1.009884356027850386e-02,8.574361393687364788e-03,2.908573604714291029e-03,2.205516088858816819e-03,-1.571104482518515671e-02,-2.447587823071933205e-02,-7.540891990921461292e-03,-5.793742279292674220e-03
-2.497205327852304937e-02,-1.021802054793618901e-02,1.016760904352641964e-02,7.639830736329205306e-03,2.839505960338209109e-03,4.428953773092634411e-03,-1.525492489608582490e-02,-2.425667655382936910e-02,-9.423099240567247431e-03,-4.259206777634919755e-03
-2.498359886879951419e-02,-9.925286821859819961e-03,1.024166805940417493e-02,6.658082776255137489e-03,2.751883522022682566e-03,6.696371781695141349e-03,-1.480881626328654256e-02,-2.400779363218549095e-02,-1.137112079947406873e-02,-2.664887711017389828e-03
-2.499572760530132873e-02,-9.615641828257063053e-03,1.032123161253623196e-02,5.628306180888139991e-03,2.643460656441793972e-03,8.996939077706038457e-03,-1.437660413719232116e-02,-2.372484025235974472e-02,-1.337745630611488629e-02,-1.014736404733520593e-03
-2.500846443476430203e-02,-9.288247570032976894e-03,1.040693260168536020e-02,4.548574534115209199e-03,2.509690181181287172e-03,1.132179464780968398e-02,-1.396446543634072106e-02,-2.340467617439754774e-02,-1.543946028243682253e-02,6.881216443947879438e-04
-2.502182806519777716e-02,-8.942075187546831214e-03,1.049909747099905290e-02,3.417823298755543696e-03,2.347156289868949138e-03,1.365701772459793767e-02,-1.357728009930793227e-02,-2.304204853806747846e-02,-1.754735930679072672e-02,2.437731288179592008e-03
-2.503584773322017551e-02,-8.576069693062399538e-03,1.059845863772536194e-02,2.233924595445989369e-03,2.149981709459315975e-03,1.599023339222441567e-02,-1.322257128009563833e-02,-2.263287965223691536e-02,-1.969515455248086952e-02,4.227702333165306824e-03
-2.505054727098562223e-02,-8.188959046320942736e-03,1.070549047163347339e-02,9.955127646766974425e-04,1.913067652079081553e-03,1.830325417391563680e-02,-1.290642101405068548e-02,-2.217079632079068524e-02,-2.186955051344782394e-02,6.048784611499631939e-03
-2.506596148648976286e-02,-7.779400390072099304e-03,1.082106331138459922e-02,-2.997883128978838692e-04,1.628581540987082427e-03,2.057871191049706269e-02,-1.263798770026925040e-02,-2.165057483939069119e-02,-2.405961653922980212e-02,7.889528168908740979e-03
-2.508212087622206307e-02,-7.345793132915843897e-03,1.094584837529003797e-02,-1.653699858022269998e-03,1.288959792335611946e-03,2.279231450081905738e-02,-1.242480773331728662e-02,-2.106438715138661891e-02,-2.624645118081258416e-02,9.735067485709429300e-03
-2.509906765142260604e-02,-6.886402149613344084e-03,1.108091015398307046e-02,-3.068903337516794890e-03,8.834182497147858139e-04,2.491944821893335091e-02,-1.227796008771859203e-02,-2.040558013097612186e-02,-2.841163798150213998e-02,1.156585690234337646e-02
-2.511684118673498597e-02,-6.399169928311647729e-03,1.122718824717211863e-02,-4.547544323437554235e-03,4.006556702703618152e-04,2.692687308571817956e-02,-1.220658005673184304e-02,-1.966437030008286527e-02,-3.052735103996367938e-02,1.335767610921641431e-02
-2.513549362710689947e-02,-5.881807835609019659e-03,1.138602311626633022e-02,-6.092667238031757894e-03,-1.746472629287520366e-04,2.877903621113748686e-02,-1.222364398048485061e-02,-1.883197468711039768e-02,-3.256330735329127785e-02,1.507769552251756774e-02
-2.515507572389746871e-02,-5.331591221123100841e-03,1.155870838760341204e-02,-7.706871742792054114e-03,-8.594448930777544423e-04,3.042867128053403786e-02,-1.233860819900044550e-02,-1.789464344871348131e-02,-3.447678619415680407e-02,1.668620587425777291e-02
-2.517564972409701285e-02,-4.745371605151611077e-03,1.174687222230576776e-02,-9.393375303726343370e-03,-1.675479264198634875e-03,3.182105346049521333e-02,-1.256069383873191156e-02,-1.683466663441754441e-02,-3.621663323167816084e-02,1.813114247132294882e-02
-2.519726519051500996e-02,-4.119169222653906379e-03,1.195171798893753141e-02,-1.115405783085900854e-02,-2.645305296698860931e-03,3.287727177775814913e-02,-1.287660066444433309e-02,-1.560743310237228641e-02,-3.770850119883824292e-02,1.935841495872279647e-02
-2.521992386686472409e-02,-3.447256137545128604e-03,1.217238326122364010e-02,-1.298687114119720896e-02,-3.787353911003037144e-03,3.347267839952892954e-02,-1.320269288101043152e-02,-1.408125653012557051e-02,-3.884027824945166657e-02,2.033309375276875358e-02
-2.524335892829625977e-02,-2.717385904595375715e-03,1.239583188177588273e-02,-1.487037728897561140e-02,-5.083596873468964814e-03,3.332805508674415579e-02,-1.318085856294081218e-02,-1.178730354759225697e-02,-3.938644474587159328e-02,2.115789653648176769e-02
-2.526624474540830820e-02,-1.888161394247371257e-03,1.255068789413448481e-02,-1.671450338571736985e-02,-6.393516961933261473e-03,3.170370886101463170e-02,-1.159986611315001748e-02,-7.142988166095964528e-03,-3.880156122814002601e-02,2.241383059488503623e-02
-2.528360507997579748e-02,-7.779547650493451360e-04,1.229798876366171995e-02,-1.824507365756647750e-02,-7.299502469277578849e-03,2.677080190802326801e-02,-5.278830001682342614e-03,4.242988630493616138e-03,-3.573914362003125650e-02,2.586730478954055168e-02
-2.528311468563896464e-02,1.412196864103263663e-03,1.024104494705111064e-02,-1.917109162157617716e-02,-7.395727893230911489e-03,1.722019009381956303e-02,8.585384447569104766e-03,2.645835442366777437e-02,-2.869437690775420227e-02,3.278702675610523781e-02
-2.527552273116831505e-02,6.952858902557965994e-03,2.989186596056155835e-03,-2.217418829642892400e-02,-8.659553768001797963e-03,2.376227738459737657e-02,4.160796259905156884e-03,1.145424532025289717e-02,-2.872441808600974603e-02,1.994122636881979702e-02
-2.528706697893230368e-02,7.917346773160300125e-03,2.621074866264547654e-03,-2.322505723275058304e-02,-1.071702313759548275e-02,1.943425077613051763e-02,3.231217148243500144e-03,1.151855764446747983e-02,-2.441361370499297440e-02,1.368981337491093075e-02
-2.529416525836268928e-02,8.281356151275618901e-03,2.753359602277025489e-03,-2.360793298699254833e-02,-1.282547189278797871e-02,1.448152129098643874e-02,2.438766589148740407e-03,1.228658831001533912e-02,-1.951626807896567062e-02,7.690638122636639200e-03
-2.529796860875871758e-02,8.482752861847979789e-03,2.859476317902873849e-03,-2.374466234322080566e-02,-1.454309042325493614e-02,1.067644002679742597e-02,2.165364722112922760e-03,1.263502278382264317e-02,-1.524579512780714109e-02,2.228122887173444866e-03
-2.530006414344156823e-02,8.603047334930459186e-03,2.925954992314702338e-03,-2.378850970990823224e-02,-1.581962203171050768e-02,8.039281005157994375e-03,2.270555277279606449e-03,1.268049711942901420e-02,-1.196704774118068429e-02,-2.260737743873997632e-03
-2.530126322240043232e-02,8.676514736335917341e-03,2.966812493544173941e-03,-2.379735993854887113e-02,-1.672517721576822006e-02,6.281672851343446558e-03,2.538242240619046405e-03,1.257466188008773966e-02,-9.612416072985994347e-03,-5.710921200534710244e-03
-2.530196949974623452e-02,8.721969827212922716e-03,2.992008855266540743e-03,-2.379360887326783733e-02,-1.735022329332103902e-02,5.129271848902831193e-03,2.831781059894348390e-03,1.241422746606290518e-02,-7.983066966703285597e-03,-8.251443409245377836e-03
-2.530239434750966229e-02,8.750369988896285200e-03,3.007617058193717396e-03,-2.378604912275791156e-02,-1.777436886681999992e-02,4.378086047245684578e-03,3.088602015896825710e-03,1.224937426663876873e-02,-6.880316026673384891e-03,-1.007015881188464725e-02
-2.530265383593917686e-02,8.768249673618510459e-03,3.017300223475116554e-03,-2.377805828825588219e-02,-1.805905172810962772e-02,3.888361032004162676e-03,3.289254897388542084e-03,1.210154267369160236e-02,-6.144960961757723467e-03,-1.134721267418617278e-02
-2.530281412483556189e-02,8.779572738859242262e-03,3.023286334005599249e-03,-2.377081864368008751e-02,-1.824872393359806833e-02,3.567587277589020448e-03,3.434644720396405008e-03,1.197681802083808839e-02,-5.660240314096241614e-03,-1.223191021002604031e-02
-2.530291391502306059e-02,8.786775084237447020e-03,3.026944908446621476e-03,-2.376459591250429035e-02,-1.837449817646054709e-02,3.355555813634206533e-03,3.533450507381407767e-03,1.187419910512368254e-02,-5.344174665199318518e-03,-1.283901386837242586e-02
-2.530297635140145787e-02,8.791370322276666899e-03,3.029126556766240357e-03,-2.375931657330994026e-02,-1.845764969953691756e-02,3.213391563842503407e-03,3.595895061594175501e-03,1.179001238739701800e-02,-5.140608743832772790e-03,-1.325300643727101574e-02
-2.530301549370595968e-02,8.794306893523968355e-03,3.030364156807017692e-03,-2.375479930341830789e-02,-1.851253580079577007e-02,3.116102320321644144e-03,3.631218624265106915e-03,1.172008758163117434e-02,-5.011628764714267346e-03,-1.353432065629131542e-02
-2.530303994146422542e-02,8.796180616793448578e-03,3.030992878953874675e-03,-2.375084423025228611e-02,-1.854874656204340624e-02,3.047721232181116544e-03,3.647046167965457657e-03,1.166050787286764499e-02,-4.931844699123609163e-03,-1.372573058838794970e-02
-2.530305520972572081e-02,8.797378499920150211e-03,3.031229937726740743e-03,-2.374730869650102175e-02,-1.857267811684511563e-02,2.997726847372881101e-03,3.648627827099034868e-03,1.160862912974987629e-02,-4.884389002399665801e-03,-1.385569309475894254e-02
-2.530306461512972852e-02,8.798139557336789526e-03,3.031210050353834277e-03,-2.374405270864419354e-02,-1.858854545491323007e-02,2.959611779062799961e-03,3.640313206117773513e-03,1.156193516841245647e-02,-4.858072634200955378e-03,-1.394470491377192319e-02
-2.530307028642266379e-02,8.798618911786850252e-03,3.031020692169891437e-03,-2.374097836672835540e-02,-1.859913350929522785e-02,2.929121947417764275e-03,3.625050584333896261e-03,1.151872709624595509e-02,-4.845503051044245356e-03,-1.400639323460131994e-02
-2.530307355696908775e-02,8.798914492267046264e-03,3.030717069954338375e-03,-2.373801714830325524e-02,-1.860623725424109809e-02,2.903565590072622153e-03,3.604846360625905966e-03,1.147780902664516552e-02,-4.841888543042256049e-03,-1.404972683658662486e-02
-2.530307532149613306e-02,8.799092603809722385e-03,3.030336503190583612e-03,-2.373511643454894599e-02,-1.861111070151746233e-02,2.881133990639700177e-03,3.581202929701319312e-03,1.143828219896475540e-02,-4.843887181959789096e-03,-1.408115180179922432e-02
-2.530307615104799776e-02,8.799195951020155962e-03,3.029903178883626251e-03,-2.373223907221602702e-02,-1.861457283016675762e-02,2.860655118038674029e-03,3.555143808809022119e-03,1.139951674997529210e-02,-4.849298659143125648e-03,-1.410498012275601502e-02
-2.530307638863084352e-02,8.799250085481912995e-03,3.029431479937953059e-03,-2.372936240773698691e-02,-1.861711813579815938e-02,2.841435026238006787e-03,3.527294630086985888e-03,1.136113095933256011e-02,-4.856786950670627379e-03,-1.412382868208445288e-02
-2.530307627065532527e-02,8.799272355838059015e-03,3.028931008242517677e-03,-2.372647070723082202e-02,-1.861909123773197033e-02,2.823016113759831223e-03,3.498117582474246593e-03,1.132284812055461137e-02,-4.865435090520142149e-03,-1.413953070898752058e-02
-2.530307594019775425e-02,8.799273963334838800e-03,3.028408336293287283e-03,-2.372355031356130489e-02,-1.862071261997831628e-02,2.805082864018504287e-03,3.467895230144201792e-03,1.128448389716978778e-02,-4.874589522807991696e-03,-1.415335262687439366e-02
-2.530307552275327249e-02,8.799263369714005814e-03,3.027867887093891024e-03,-2.372059866771994777e-02,-1.862213289109963116e-02,2.787420355820688974e-03,3.436771012729842711e-03,1.124598586463813367e-02,-4.883857257986682493e-03,-1.416594555393537944e-02
-2.530307505836055376e-02,8.799244233241841975e-03,3.027311552962047222e-03,-2.371760695961066742e-02,-1.862344296063269539e-02,2.769942813336724423e-03,3.404951576085567515e-03,1.120723144314150765e-02,-4.892954984978437061e-03,-1.417798359635896906e-02
-2.530307455789831267e-02,8.799219386311143282e-03,3.026740003250280239e-03,-2.371456912855257268e-02,-1.862469688963300923e-02,2.752580166729702224e-03,3.372580293424984853e-03,1.116819509936128017e-02,-4.901679056697903249e-03,-1.418982297871208310e-02
-2.530307394836847981e-02,8.799191819004344856e-03,3.026151214537072930e-03,-2.371147647030567157e-02,-1.862590459445033833e-02,2.735233516293850229e-03,3.339881875053408045e-03,1.112902901389173187e-02,-4.909849046100750805e-03,-1.420158244818627534e-02
-2.530307280122595995e-02,8.799168126422412042e-03,3.025532513310703886e-03,-2.370829724219192941e-02,-1.862697659744374720e-02,2.717613694909768417e-03,3.307508745730609878e-03,1.109046091626081365e-02,-4.917159438580807895e-03,-1.421289542840851322e-02
-2.530306921069092746e-02,8.799172121035214039e-03,3.024823645375702367e-03,-2.370489330095226083e-02,-1.862746617849388164e-02,2.698626383842355012e-03,3.278017558651071407e-03,1.105533311389782052e-02,-4.922705565647845713e-03,-1.422197871125704428e-02
-2.530305495493068504e-02,8.799307413372314812e-03,3.023746308489359824e-03,-2.370065757755191599e-02,-1.862550900188666633e-02,2.673866642154568672e-03,3.261311015931118214e-03,1.103473705422286510e-02,-4.923218329702956815e-03,-1.422171661437732389e-02
-2.530299467986893078e-02,8.800039851633996782e-03,3.021004731608974668e-03,-2.369293487209504431e-02,-1.861361020535459015e-02,2.625996873371105270e-03,3.294923247500414643e-03,1.107119197382963952e-02,-4.906540348742595599e-03,-1.418534634597702106e-02
-2.530273669678834159e-02,8.803490854651613989e-03,3.010495824954178504e-03,-2.367034781935435650e-02,-1.856273627376138491e-02,2.490415610348964241e-03,3.515461119815604593e-03,1.132181307864175805e-02,-4.829148961706644129e-03,-1.401638438992277615e-02
-2.530163618811293383e-02,8.819306090973628651e-03,2.963295979497265753e-03,-2.358593155334726479e-02,-1.836672777827840636e-02,2.050805188113801174e-03,4.379026519482101705e-03,1.232352107495052196e-02,-4.549096043272989227e-03,-1.339332649180792652e-02
-2.529705148099516132e-02,8.890300336721987384e-03,2.744261829611817187e-03,-2.326108439029302491e-02,-1.768940354427176592e-02,7.445695954966600593e-04,7.124252395940772545e-03,1.555839963943878197e-02,-3.690932826649630325e-03,-1.147264581447123358e-02
-2.527948815938747124e-02,9.182924661149591966e-03,1.775451997069880591e-03,-2.215035329223465424e-02,-1.586306709710189750e-02,-1.772477460196079544e-03,1.303111168541177915e-02,2.231300472120602632e-02,-1.939100381267856287e-03,-7.651922279889732288e-03
-2.523077215270349422e-02,1.002518410827786706e-02,-1.498430816109259413e-03,-1.961445918667439198e-02,-1.427331058396222492e-02,4.324151145288275154e-04,1.027377837128892399e-02,1.422415643868776836e-02,-2.626040567604194173e-03,-1.128592898706156505e-02
-2.522655243084748200e-02,9.995393067556460412e-03,-1.592617469477505647e-03,-1.915297600094641173e-02,-1.391744156048326832e-02,-3.910321312558535500e-04,9.992644812903968277e-03,1.356645781467467372e-02,-1.729242545920695344e-03,-1.172112511171256692e-02
-2.522257591774494656e-02,9.908275743000754046e-03,-1.586541028393025250e-03,-1.860350311012179750e-02,-1.348449140357744006e-02,-1.346944788397465027e-03,9.874483191448141933e-03,1.329863847232085408e-02,-7.915400709134851271e-04,-1.229359537582476458e-02
-2.521811328181554693e-02,9.801585227976866363e-03,-1.584735944917371655e-03,-1.798981829199973459e-02,-1.296355080594017127e-02,-2.064061635553206264e-03,9.855477383970067187e-03,1.297150378547854040e-02,3.946527827628083898e-05,-1.277697812465887137e-02
-2.521339258209260442e-02,9.683000949938297061e-03,-1.588859535329573613e-03,-1.735009620848801046e-02,-1.236967899831546008e-02,-2.541960418272784256e-03,9.907127787416298778e-03,1.258972580823744525e-02,6.876916671998696117e-04,-1.306472896822804576e-02
-2.520852318476330886e-02,9.556539091942038364e-03,-1.597483506990755387e-03,-1.670054896166316138e-02,-1.171912766355819556e-02,-2.832294430681956202e-03,9.995789093175640530e-03,1.218228487240680287e-02,1.153032002574886283e-03,-1.314642205408457325e-02
-2.520355630027419983e-02,9.424542119168207582e-03,-1.609640758840752677e-03,-1.604745965005122468e-02,-1.102608794953846387e-02,-2.982553340137554174e-03,1.009866514160790221e-02,1.176566200959690278e-02,1.466910002709322439e-03,-1.304183991474874849e-02
-2.519851958543552206e-02,9.288385742488813185e-03,-1.624592300833464049e-03,-1.539370544282620164e-02,-1.030236771781178201e-02,-3.025935409141156281e-03,1.020557642594283401e-02,1.134964481114827430e-02,1.657623128723832587e-03,-1.277996919365987326e-02
-2.519342774512708591e-02,9.148915078344751345e-03,-1.641967498851424831e-03,-1.474040613971109269e-02,-9.556296623382965622e-03,-2.984866195429105706e-03,1.031192776459078503e-02,1.093796062113162014e-02,1.749965823647610863e-03,-1.238535195421968174e-02
-2.518828956889928444e-02,9.006663895602147821e-03,-1.661429660359539043e-03,-1.408837392174555961e-02,-8.794511686567734604e-03,-2.873511867570626051e-03,1.041711375780181477e-02,1.053177721533933749e-02,1.760903645581519093e-03,-1.188118038796803604e-02
-2.518311093024915015e-02,8.861996175909067283e-03,-1.682841548619392127e-03,-1.343788050363157668e-02,-8.021493500034112406e-03,-2.702592100521343608e-03,1.052145207232761670e-02,1.013111561892855034e-02,1.704345398154622241e-03,-1.128478706347611944e-02
-2.517789705765069441e-02,8.715157698813450968e-03,-1.706063457017873266e-03,-1.278923177134866709e-02,-7.240717655552330115e-03,-2.480169782113988107e-03,1.062600664403525776e-02,9.736464291855127101e-03,1.587472401153672058e-03,-1.061058792326888961e-02
-2.517265083668419542e-02,8.566342013656866664e-03,-1.731025558278903760e-03,-1.214263952556920642e-02,-6.454751524960681587e-03,-2.212035637601341299e-03,1.073152830018853088e-02,9.347386970367204187e-03,1.418891664676956302e-03,-9.869255445092040002e-03
-2.516737444450334316e-02,8.415697084479457912e-03,-1.757624765921151971e-03,-1.149844919594768256e-02,-5.665792037422781244e-03,-1.902397497903345188e-03,1.083812457332919248e-02,8.963090424144446941e-03,1.204871251204132302e-03,-9.069753983401408759e-03
-2.516207013347209268e-02,8.263346846601160242e-03,-1.785820580721279903e-03,-1.085693295792491270e-02,-4.875663202044542253e-03,-1.553500688836974850e-03,1.094595583170815747e-02,8.584079971949624618e-03,9.506967421765497158e-04,-8.223796929480969853e-03
-2.515673549990771543e-02,8.109299283529724373e-03,-1.815311207197238975e-03,-1.021813146717733337e-02,-4.083917450499368121e-03,-1.179217063280512973e-03,1.105920248235734739e-02,8.204313575419050486e-03,6.531674226719795182e-04,-7.322996452643047195e-03
-2.515135384133548868e-02,7.952833180098449473e-03,-1.845556388635556828e-03,-9.579685488852858477e-03,-3.283130712998219482e-03,-7.893460234706095851e-04,1.117894468042810070e-02,7.805609896492841579e-03,3.115874601058455642e-04,-6.371931991758954424e-03
-2.514576883360999243e-02,7.787335672168467851e-03,-1.874907125248739858e-03,-8.913220092270553521e-03,-2.425095999295156547e-03,-3.754291346605674053e-04,1.130926667485976540e-02,7.347159040977910976e-03,-4.549073814464054408e-05,-5.603800577836277885e-03
-2.513894757420033835e-02,7.601599939343367529e-03,-1.887874070887362492e-03,-8.051001775824922005e-03,-1.773335213412923850e-03,-5.724129043994324135e-04,1.190463590206303213e-02,6.992108195196303916e-03,2.950843738897141475e-04,-6.392673575333148936e-03
-2.513544025635853357e-02,7.490526683787132774e-03,-1.942680981252549932e-03,-7.728057089961042070e-03,-1.058677144449613134e-03,4.400816042288245166e-04,1.153703425631830148e-02,6.816559742685531810e-03,-7.745466060375187601e-04,-3.508437071946646224e-03
-2.512982659468112126e-02,7.323394848378915294e-03,-1.983812811874894298e-03,-7.074413846389432381e-03,-1.697282230125090523e-04,1.067159512898441633e-03,1.163790557255094463e-02,6.366520752925430848e-03,-1.087140319119095193e-03,-2.473502888983531572e-03
-2.512306367458618656e-02,7.114733040303330806e-03,-2.028752917189886960e-03,-6.356493557795569668e-03,1.024663941147925745e-03,1.452453242642456292e-03,1.168758666638134575e-02,5.697258618929010657e-03,-1.733751724629055066e-03,-8.293365778548973579e-04
-2.511921876800876641e-02,7.011842786910845414e-03,-2.057147146178735838e-03,-5.869533693905802305e-03,1.264482996123753727e-03,2.039134725209777819e-03,1.181203454560838910e-02,5.766786331960983315e-03,-1.885609418958378953e-03,-4.731586773621805587e-04
-2.511391005037510310e-02,6.855038023378484842e-03,-2.092843962927512080e-03,-5.278699416397060473e-03,1.960738072171775565e-03,2.478501109249952542e-03,1.191486811727835576e-02,5.469758617154621590e-03,-2.346118505472104612e-03,5.620577217539288965e-04
-2.510846319933048368e-02,6.693389269811598520e-03,-2.132503931751792477e-03,-4.679126389890534386e-03,2.683929343759030185e-03,2.964773556820863697e-03,1.203824292279219096e-02,5.136044575623124886e-03,-2.788005100072541917e-03,1.644087164949760036e-03
-2.510299169436203820e-02,6.530104575995895194e-03,-2.174282802597390495e-03,-4.083828164911322729e-03,3.401133944898335985e-03,3.486932566909082057e-03,1.215898224794713031e-02,4.811632218577941919e-03,-3.235507944667563671e-03,2.701523913459848939e-03
-2.509750713197501232e-02,6.365781741115020091e-03,-2.217553545822325417e-03,-3.493923823340004588e-03,4.109785061721995050e-03,4.026820766125893160e-03,1.227793603867001655e-02,4.492051108043904062e-03,-3.687258050242583646e-03,3.749805973081643193e-03
-2.509201299281042449e-02,6.200769394531862981e-03,-2.261931358609776434e-03,-2.909878022880125602e-03,4.808012557303288984e-03,4.566722507769807593e-03,1.239802751015316000e-02,4.174648821169275360e-03,-4.141745684736526656e-03,4.799014133079769311e-03
-2.508651455943979730e-02,6.035290856172807576e-03,-2.307330453804849399e-03,-2.332105345491072498e-03,5.493833905009693971e-03,5.104341692619130538e-03,1.251717638338382607e-02,3.862774217257709027e-03,-4.594650930699200470e-03,5.838317087112770976e-03
-2.508101453414310691e-02,5.869499338571005677e-03,-2.353688818332077930e-03,-1.760828878285932569e-03,6.165597592851120717e-03,5.635094664055581570e-03,1.263474356374823075e-02,3.555854500562481008e-03,-5.040200339288432307e-03,6.861775515437947177e-03
-2.507551542169280528e-02,5.703517848022363231e-03,-2.400932167143111570e-03,-1.196311798419712972e-03,6.822179766912483435e-03,6.156084954824295186e-03,1.275058972896318289e-02,3.254575521083370032e-03,-5.475262911976085632e-03,7.864840974346632568e-03
-2.507001905698084260e-02,5.537450821306987882e-03,-2.449018887665573713e-03,-6.387487046375629968e-04,7.462694392853419685e-03,6.664348874264437381e-03,1.286398692120795800e-02,2.958365248204145731e-03,-5.896680364334876134e-03,8.843845886243541579e-03
-2.506452745309876648e-02,5.371386691983608998e-03,-2.497894607378226342e-03,-8.837053108210779788e-05,8.086272570691374617e-03,7.157598187001136189e-03,1.297518979391402115e-02,2.667791876488794824e-03,-6.302084018538680471e-03,9.794780808251961346e-03
-2.505904233493272057e-02,5.205412948059369264e-03,-2.547525602451362371e-03,4.546436768506131724e-04,8.692259192911529556e-03,7.633315947169747907e-03,1.308357460679962676e-02,2.382503963773914199e-03,-6.688959198030795285e-03,1.071518283930575875e-02
-2.505356555743524019e-02,5.039610810737798867e-03,-2.597861736971021455e-03,9.900594611574773871e-04,9.280023058640082464e-03,8.089589865179954917e-03,1.318901039799853445e-02,2.103044707265657592e-03,-7.055479744323888899e-03,1.160184240364982473e-02
-2.504809868400952391e-02,4.874060640355837304e-03,-2.648872742722318575e-03,1.517719618847773429e-03,9.849035838503560764e-03,8.524322855237010527e-03,1.329089355258063036e-02,1.828903515035739313e-03,-7.399482662170440636e-03,1.245260323972506751e-02
-2.504264357732513199e-02,4.708837710562485158e-03,-2.700510854624843266e-03,2.037412635971644435e-03,1.039878524916063376e-02,8.935805799416735723e-03,1.338914819060502831e-02,1.560685696010935325e-03,-7.719544280203981604e-03,1.326483031389922088e-02
-2.503720178832218035e-02,4.544019961163464627e-03,-2.752745301175331654e-03,2.548994616334591175e-03,1.092882517925675492e-02,9.322168521191701376e-03,1.348322921045778250e-02,1.297843493073143209e-03,-8.013697482009153258e-03,1.403651112588035800e-02
-2.503177492777956814e-02,4.379672821666355000e-03,-2.805533178808732389e-03,3.052273127280753957e-03,1.143884340189108006e-02,9.682219004451190006e-03,1.357281124874293483e-02,1.040962105124415560e-03,-8.281112471547358647e-03,1.476613060820861426e-02
-2.502636452225250746e-02,4.215871516990033624e-03,-2.858844304803548429e-03,3.547121840662486973e-03,1.192848260730410351e-02,1.001434904527817929e-02,1.365736825482216817e-02,7.894330884741167882e-04,-8.520060692003039379e-03,1.545193148589816927e-02
-2.502097237307448693e-02,4.052682505547458222e-03,-2.912633792296318372e-03,4.033374132393277058e-03,1.239744538422202051e-02,1.031731896085395089e-02,1.373685215384938541e-02,5.438503625905861559e-04,-8.729769672083890347e-03,1.609218924663394223e-02
-2.501560002017986367e-02,3.890173213014307824e-03,-2.966872713804258928e-03,4.510927820957765823e-03,1.284551097682180149e-02,1.058975722544032785e-02,1.381075331635595038e-02,3.039216161579754642e-04,-8.909005493248594101e-03,1.668632099115015255e-02
-2.501024909524897713e-02,3.728404677523790810e-03,-3.021519156075684782e-03,4.979642542142607119e-03,1.327249536951431025e-02,1.083085115203930200e-02,1.387909208977845983e-02,6.991408916798352521e-05,-9.057294594368265131e-03,1.723249279593156921e-02
-2.500492103119946602e-02,3.567442364529734185e-03,-3.076545039284076400e-03,5.439429499076848390e-03,1.367828197758160988e-02,1.103959191798388299e-02,1.394123662873338401e-02,-1.586186003661480633e-04,-9.173658051248430312e-03,1.773037127257643883e-02
-2.499961750053049034e-02,3.407346104822306116e-03,-3.131908050281057617e-03,5.890166918118781153e-03,1.406277414546471677e-02,1.121528948384258213e-02,1.399710045609564232e-02,-3.812600121716083583e-04,-9.257897163859727177e-03,1.817890165087646462e-02
-2.499433993786468952e-02,3.248175643027202946e-03,-3.187580728758393229e-03,6.331792730088416955e-03,1.442595126297414529e-02,1.135719994980637602e-02,1.404627597641790702e-02,-5.984763309975310542e-04,-9.309340325125729440e-03,1.857792641418009108e-02
-2.498908996342983149e-02,3.089987682541283677e-03,-3.243521865824820771e-03,6.764213511188048311e-03,1.476778963059231266e-02,1.146488457960831604e-02,1.408867179494550405e-02,-8.098491333144038594e-04,-9.328058380227028865e-03,1.892681824156272966e-02
-2.498386901404819199e-02,2.932840860670864799e-03,-3.299703014168382798e-03,7.187386877513409628e-03,1.508833615017365209e-02,1.153780022236630849e-02,1.412391271134517262e-02,-1.015888178908225421e-03,-9.313534794445290851e-03,1.922558398583344361e-02
-2.497867861424375724e-02,2.776783542255765146e-03,-3.356086768418367009e-03,7.601243794189875037e-03,1.538773160622952489e-02,1.157590171391208525e-02,1.415195952665144336e-02,-1.216256432816436748e-03,-9.266331436470919350e-03,1.947418326593011728e-02
-2.497352018990553132e-02,2.621872179443814326e-03,-3.412644110757123792e-03,8.005766113023268793e-03,1.566608213557881338e-02,1.157886020190601606e-02,1.417248717407087501e-02,-1.411436076201901847e-03,-9.186147465259270756e-03,1.967289089795993401e-02
-2.496839532109934937e-02,2.468157473637825044e-03,-3.469335544383180068e-03,8.400905319518916711e-03,1.592354687135260488e-02,1.154670061092397636e-02,1.418549732593680016e-02,-1.601149885466575558e-03,-9.073539152321749221e-03,1.982163064862907040e-02
-2.496330537428931989e-02,2.315689817967002406e-03,-3.526133815282827232e-03,8.786667009134770806e-03,1.616034354358926797e-02,1.147941943880105564e-02,1.419072647802803629e-02,-1.785863022351421876e-03,-8.928584126143276206e-03,1.992119190723599942e-02
-2.495825191276890287e-02,2.164517170873149748e-03,-3.583000011357753527e-03,9.163026891541489402e-03,1.637670434536756328e-02,1.137724841931722804e-02,1.418822507355064870e-02,-1.965324428119006022e-03,-8.752062542484308899e-03,1.997178377845992836e-02
-2.495323628073848818e-02,2.014688215884519618e-03,-3.639906445365852315e-03,9.530009404350583274e-03,1.657291934533382943e-02,1.124038896313154720e-02,1.417770987793585263e-02,-2.139994291432611214e-03,-8.544245261183623999e-03,1.997449386519377021e-02
-2.494825997432866330e-02,1.866246645646835699e-03,-3.696815811424546475e-03,9.887618139929115965e-03,1.674929360942028003e-02,1.106934883813361081e-02,1.415937596906360896e-02,-2.309779600940213909e-03,-8.306099820870448819e-03,1.992952253362854573e-02
-2.494332435871233350e-02,1.719238848403944857e-03,-3.753699932900599751e-03,1.023589552179903980e-02,1.690618619726726168e-02,1.086449678779677699e-02,1.413300898781727488e-02,-2.475108212525830437e-03,-8.038100983368951652e-03,1.983827717550914679e-02
-2.493843096017134622e-02,1.573708340935005322e-03,-3.810520014964519607e-03,1.057488268656665148e-02,1.704395808591113726e-02,1.062655227256069021e-02,1.409877252708383912e-02,-2.635769967366466491e-03,-7.741475685368413330e-03,1.970154399052659669e-02
-2.493358103835241479e-02,1.429696643779562043e-03,-3.867251044107314958e-03,1.090461238518496134e-02,1.716298727998689586e-02,1.035591289462292793e-02,1.405650921222931053e-02,-2.792245683168988017e-03,-7.416625357538895666e-03,1.952049464700268341e-02
-2.492877612293430828e-02,1.287246398369469060e-03,-3.923853721443809790e-03,1.122514425339762346e-02,1.726370052001255373e-02,1.005345435546134945e-02,1.400643645792358331e-02,-2.944434884227626129e-03,-7.064882860556725465e-03,1.929600080120131428e-02
-2.492401749767301708e-02,1.146396258346180216e-03,-3.980302008806442353e-03,1.153655974939566710e-02,1.734660174487277079e-02,9.720004095802701680e-03,1.394845249805900730e-02,-3.092758648101999724e-03,-6.687191078802460532e-03,1.902995687342413575e-02
-2.491930664780709834e-02,1.007186292762473311e-03,-4.036558140288758895e-03,1.183892184092025408e-02,1.741213060274845320e-02,9.356458267332794579e-03,1.388281435193839536e-02,-3.237115971946192845e-03,-6.284837056661189345e-03,1.872322676435971694e-02
-2.491464485094681616e-02,8.696552493154736420e-04,-4.092594370421636686e-03,1.213232927022780960e-02,1.746079868789476158e-02,8.963737932946292536e-03,1.380950164426437282e-02,-3.377970083183939876e-03,-5.858717144544708065e-03,1.837758993938643295e-02
-2.491003353917855406e-02,7.338394978101897906e-04,-4.148374320161031178e-03,1.241686434295176215e-02,1.749310552549555864e-02,8.542921218830358543e-03,1.372883278304997193e-02,-3.515257949297673386e-03,-5.410295726910909798e-03,1.799413721873395836e-02
-2.490547398779658153e-02,5.997759379768693349e-04,-4.203870725053565106e-03,1.269264192792002831e-02,1.750959985243494971e-02,8.095047738478793053e-03,1.364081354101219327e-02,-3.649394841928859778e-03,-4.940584266451272105e-03,1.757479657576469304e-02
-2.490096763100930685e-02,4.674994381803026068e-04,-4.259047399628173615e-03,1.295975475971562069e-02,1.751083477999474183e-02,7.621289046542456362e-03,1.354575442486120190e-02,-3.780272397166050801e-03,-4.451086429156314583e-03,1.712085409755325846e-02
-2.489651569902786091e-02,3.370450286540379193e-04,-4.313877090676455743e-03,1.321833253052912167e-02,1.749737640208903766e-02,7.122785001990789878e-03,1.344372661499270566e-02,-3.908360064747561091e-03,-3.942952616661214715e-03,1.663432263028625374e-02
-2.489211946718213747e-02,2.084468215855815934e-04,-4.368325238500222335e-03,1.346847689183721351e-02,1.746981934068717393e-02,6.600955241807896987e-03,1.333492935346113073e-02,-4.033801914182537016e-03,-3.417691282131379068e-03,1.611629770780996507e-02
-2.488778029382972615e-02,8.173685091689891823e-05,-4.422363744179599356e-03,1.371033489301341085e-02,1.742874878353623327e-02,6.056891125781802519e-03,1.321966410134974880e-02,-4.156789886947595374e-03,-2.876434557085574915e-03,1.556899104407811346e-02
-2.488349963532399123e-02,-4.305625683977599185e-05,-4.475957658544547045e-03,1.394403248224864930e-02,1.737476696048566999e-02,5.491860497922315676e-03,1.309842102709115642e-02,-4.277005344130856146e-03,-2.320849738271065638e-03,1.499420761498658147e-02
-2.487927857616713950e-02,-1.658988282984306473e-04,-4.529080682892394974e-03,1.416971315870449444e-02,1.730850340134112639e-02,4.907281395331464062e-03,1.297120453548646427e-02,-4.395106728397519570e-03,-1.752032577740362867e-03,1.439367330911606180e-02
-2.487511846404304519e-02,-2.867614409340733935e-04,-4.581698418495560622e-03,1.438750582494953238e-02,1.723057116048353279e-02,4.304550640962403682e-03,1.283841300971940574e-02,-4.510969055097748502e-03,-1.171582415685235154e-03,1.376895837497816438e-02
-2.487102045349995350e-02,-4.056147451469470171e-04,-4.633784910516493098e-03,1.459757069489473098e-02,1.714161121978951402e-02,3.685046946717626150e-03,1.270024841729463713e-02,-4.625003395947482193e-03,-5.806644315005135386e-04,1.312207457401907106e-02
-2.486698578852651262e-02,-5.224299335812223471e-04,-4.685306654798437019e-03,1.480004014452091302e-02,1.704225629392905686e-02,3.050272772548379575e-03,1.255702630321847528e-02,-4.737211343208216907e-03,1.915402771023420954e-05,1.245455985835372710e-02
-2.486301561409139452e-02,-6.371789471415621915e-04,-4.736237763690285402e-03,1.499508632039408748e-02,1.693316880008159664e-02,2.401685250602137757e-03,1.240898169733986936e-02,-4.847971339072723422e-03,6.266587311738545246e-04,1.176846457251984855e-02
-2.485911118565104633e-02,-7.498373091093569771e-04,-4.786546677179248470e-03,1.518283892122340717e-02,1.681495530084502199e-02,1.740629584884240046e-03,1.225655580623846892e-02,-4.957082656222430370e-03,1.240422409707860442e-03,1.106533812043793141e-02
-2.485527366613065822e-02,-8.603786528414124075e-04,-4.836207383806002957e-03,1.536347961916484199e-02,1.668827824474205732e-02,1.068533482299097344e-03,1.210007341405571271e-02,-5.064826468956203434e-03,1.859231295505921634e-03,1.034735602542473550e-02
-2.485150438668941308e-02,-9.687802659055785122e-04,-4.885187261034751142e-03,1.553716322434569100e-02,1.655375421015258669e-02,3.867769545272749005e-04,1.194015360015213134e-02,-5.170872100398872344e-03,2.481580929849693494e-03,9.616288185431372260e-03
-2.484780438383535003e-02,-1.075018103945095654e-03,-4.933462599961669325e-03,1.570406307110520580e-02,1.641204950409089203e-02,-3.032031810520179863e-04,1.177703071101770735e-02,-5.275550455349334138e-03,3.106357066829756267e-03,8.874161922636859476e-03
-2.484417474791859523e-02,-1.179067969484098042e-03,-4.981002939700763382e-03,1.586432355723912599e-02,1.626379157771940670e-02,-9.998147140534861723e-04,1.161103461057844816e-02,-5.378877472605717372e-03,3.732160142399762546e-03,8.122344238684096884e-03
-2.484061647990318950e-02,-1.280907466818041653e-03,-5.027785628056022013e-03,1.601811914356939329e-02,1.610963372261998983e-02,-1.701632828511793691e-03,1.144244360080877605e-02,-5.481151474579431387e-03,4.357903384665677560e-03,7.362834145592368415e-03
-2.483713069909127338e-02,-1.380515890608072661e-03,-5.073780693449439320e-03,1.616560330330176973e-02,1.595019118317365231e-02,-2.407177441846025841e-03,1.127170521774365462e-02,-5.582191820978237885e-03,4.982260741959708590e-03,6.597154149360709603e-03
-2.483371837523581580e-02,-1.477872928004065603e-03,-5.118966674330291226e-03,1.630695277607814575e-02,1.578609848110041833e-02,-3.115061737004709130e-03,1.109914212447816323e-02,-5.682221730331531682e-03,5.604189103087172351e-03,5.827278653663250235e-03
-2.483038057767897322e-02,-1.572960055706337746e-03,-5.163314924536046256e-03,1.644231746377866968e-02,1.561796750056295216e-02,-3.823815802145509677e-03,1.092526575547871429e-02,-5.781121937759548142e-03,6.222437600363255571e-03,5.054591728894493145e-03
-2.482711820423259136e-02,-1.665758710719879255e-03,-5.206805627794237716e-03,1.657186970803780843e-02,1.544643431143976828e-02,-4.532063510937382050e-03,1.075031862873481944e-02,-5.879072253459352408e-03,6.836004253425414894e-03,4.281077296367412702e-03
-2.482393226216578902e-02,-1.756252100575061981e-03,-5.249411503467292864e-03,1.669575845091314514e-02,1.527207429980816447e-02,-5.238385322301030399e-03,1.057479945974872625e-02,-5.975889688734923114e-03,7.443740211798101532e-03,3.508081569320409959e-03
-2.482082359973957625e-02,-1.844424231117189296e-03,-5.291114086662242026e-03,1.681415704846085310e-02,1.509550555048683879e-02,-5.941473158975213269e-03,1.039902163142952286e-02,-6.071724538488815735e-03,8.044721465379378600e-03,2.737461846862440911e-03
-2.481779317220253467e-02,-1.930260993062910381e-03,-5.331887848733751246e-03,1.692720787139796040e-02,1.491729793515338652e-02,-6.639937789021510724e-03,1.022349387868056771e-02,-6.166377578405841248e-03,8.637857232122981080e-03,1.970584232192571644e-03
-2.481484174054434874e-02,-2.013748313412531705e-03,-5.371716507440510088e-03,1.703507716496779900e-02,1.473803576323138610e-02,-7.332514475821332901e-03,1.004850016103167772e-02,-6.259980057678547760e-03,9.222269209721922073e-03,1.209252960349895380e-03
-2.481197016957162674e-02,-2.094873956087001370e-03,-5.410576297581358267e-03,1.713789844105442425e-02,1.455829022553045346e-02,-8.017831478660258568e-03,9.874480984087680852e-03,-6.352374928484432609e-03,9.796993410090456753e-03,4.546302968302236790e-04
-2.480917911294842904e-02,-2.173628630981172625e-03,-5.448453933503186880e-03,1.723584229844820834e-02,1.437862599678328863e-02,-8.694639919597903568e-03,9.701834679594517272e-03,-6.443711838508966658e-03,1.036120110261473833e-02,-2.916002064641010105e-04
-2.480646942984579897e-02,-2.250000350709216272e-03,-5.485326773927185796e-03,1.732901252079814547e-02,1.419957122393708526e-02,-9.361796489281011893e-03,9.530860512427179188e-03,-6.533656833960860971e-03,1.091406985936277906e-02,-1.028212720492816153e-03
-2.480384171818020289e-02,-2.323980840523018603e-03,-5.521182493423989514e-03,1.741757909448666750e-02,1.402167323904158699e-02,-1.001810472225296740e-02,9.361885451753790971e-03,-6.622270010188939515e-03,1.145482510460175789e-02,-1.753441315785306655e-03
-2.480129672698170792e-02,-2.395562691887409730e-03,-5.556001441769981355e-03,1.750164302856192095e-02,1.384545815624780088e-02,-1.066235887380138567e-02,9.195345827231707347e-03,-6.709397500460740314e-03,1.198265208649420578e-02,-2.466355263221331386e-03
-2.479883499650517575e-02,-2.464738579168867551e-03,-5.589772942319693426e-03,1.758134935096616891e-02,1.367145717639131619e-02,-1.129358606436118434e-02,9.031461076633539101e-03,-6.795089028906282566e-03,1.249698482036852402e-02,-3.165421217803906714e-03
-2.479645708656556813e-02,-2.531509663023360102e-03,-5.622483102573514087e-03,1.765680786515005929e-02,1.350018868498042632e-02,-1.191038077889374457e-02,8.870747846878926368e-03,-6.879135458731246329e-03,1.299680874549641665e-02,-3.849440945825085333e-03
-2.479416353739064341e-02,-2.595862995453046378e-03,-5.654120932846855643e-03,1.772812255875230378e-02,1.333199777120072128e-02,-1.251231911597942316e-02,8.713151363592547272e-03,-6.961255681825023051e-03,1.348210548117647137e-02,-4.517126139473914836e-03
-2.479195501751998640e-02,-2.657797577617969451e-03,-5.684669181865024609e-03,1.779539266336693099e-02,1.316756169884106958e-02,-1.309795652758557333e-02,8.559017395690380128e-03,-7.041395625777745367e-03,1.395170370012723503e-02,-5.167062978130745714e-03
-2.478983193063336726e-02,-2.717305406669500746e-03,-5.714120818303032590e-03,1.785874733180256926e-02,1.300715516716170403e-02,-1.366658750958672439e-02,8.408901093351116643e-03,-7.119859779948238022e-03,1.440538572066434216e-02,-5.799031435493363223e-03
-2.478779487976614723e-02,-2.774372034688032170e-03,-5.742455008989471969e-03,1.791826121798091587e-02,1.285081443380113250e-02,-1.421791408548537562e-02,8.263009738304844323e-03,-7.195858798705085865e-03,1.484360138442345108e-02,-6.412486322924172873e-03
-2.478584488202227598e-02,-2.828967551765754120e-03,-5.769646311442820988e-03,1.797411901660681335e-02,1.269897889629473253e-02,-1.475104351236797805e-02,8.121920318417078649e-03,-7.269893605343438932e-03,1.526587756184791950e-02,-7.006989518822961949e-03
-2.478398225544392250e-02,-2.881107743429070847e-03,-5.795689148543542620e-03,1.802637235793598872e-02,1.255261400735654953e-02,-1.526426154885471981e-02,7.984655967057354559e-03,-7.340822887673113285e-03,1.566991731000142579e-02,-7.577523752502340025e-03
-2.478220741465044299e-02,-2.930789593842230215e-03,-5.820577226965727852e-03,1.807518284442210035e-02,1.241223824958381794e-02,-1.575636830167369620e-02,7.851872387052561200e-03,-7.409179304990733302e-03,1.605499196293222811e-02,-8.123712555266497659e-03
-2.478052034195084297e-02,-2.978021055560812862e-03,-5.844308837478567713e-03,1.812052906534660987e-02,1.227763694467971789e-02,-1.622769760945826437e-02,7.724185904330646557e-03,-7.474648328524981927e-03,1.642243870134109732e-02,-8.646981324123876808e-03
-2.477892163824694030e-02,-3.022793643635988438e-03,-5.866876476293752737e-03,1.816246719966761736e-02,1.214962842924621755e-02,-1.667737988682680902e-02,7.600828583047002616e-03,-7.536836249742059381e-03,1.677092615689479774e-02,-9.144333099698795375e-03
-2.477741179989833079e-02,-3.065086973628267271e-03,-5.888253597755889468e-03,1.820119489049285000e-02,1.202777918561649326e-02,-1.710495382970167108e-02,7.483386295620311941e-03,-7.596105278593179473e-03,1.710150271059985780e-02,-9.618174787277510712e-03
-2.477599116475369054e-02,-3.104903552503794021e-03,-5.908440022149547000e-03,1.823677344294360667e-02,1.191285214434277366e-02,-1.750951661345642729e-02,7.371314482161826429e-03,-7.652084180067382849e-03,1.741263606287620641e-02,-1.006508316110572496e-02
-2.477466052762601970e-02,-3.142218498733564003e-03,-5.927408917947727708e-03,1.826926593493195111e-02,1.180496220572999945e-02,-1.789046378512363852e-02,7.264752114147802510e-03,-7.704749745799952497e-03,1.770441800647294325e-02,-1.048574189596451593e-02
-2.477341995110844339e-02,-3.177032221607783546e-03,-5.945162893907881239e-03,1.829871371822373860e-02,1.170423436689007300e-02,-1.824817118348071379e-02,7.163566593759402440e-03,-7.753434468718332397e-03,1.797725852055001225e-02,-1.087877066566040468e-02
-2.477227025244191014e-02,-3.209318505632781805e-03,-5.961664690502047233e-03,1.832541155140918893e-02,1.161061048349449829e-02,-1.858107825073477756e-02,7.069466205197734616e-03,-7.799191157423870403e-03,1.823094517710428797e-02,-1.124578458384701760e-02
-2.477121202741773554e-02,-3.239059469154554911e-03,-5.976906827255213696e-03,1.834938598657365888e-02,1.152471157191670495e-02,-1.888862323269079393e-02,6.981226420616957161e-03,-7.840952871946270386e-03,1.846381331840867002e-02,-1.158260254074008726e-02
-2.477024611220307246e-02,-3.266222499361937266e-03,-5.990852699908308897e-03,1.837083177699888603e-02,1.144615391404391405e-02,-1.917031538918645764e-02,6.900180347277865868e-03,-7.879312890494099761e-03,1.867668945595517618e-02,-1.189123981684754583e-02
-2.476937267520416125e-02,-3.290793792271914063e-03,-6.003505166768861000e-03,1.838963624346775724e-02,1.137496066018038599e-02,-1.942740739240187559e-02,6.825888307384724019e-03,-7.913999204453391403e-03,1.887079143354974606e-02,-1.217298198677087620e-02
-2.476859233094762247e-02,-3.312764215081779803e-03,-6.014835686826133787e-03,1.840607666875906587e-02,1.131164099650775606e-02,-1.965732023692860764e-02,6.758321542577684464e-03,-7.945020222942784580e-03,1.904310005922716861e-02,-1.242340221606318476e-02
-2.476790539107501590e-02,-3.332114726487273720e-03,-6.024831943933344272e-03,1.842040576857115891e-02,1.125591603057227164e-02,-1.985995982806080390e-02,6.699441452979433900e-03,-7.972799433266525987e-03,1.919517662953514059e-02,-1.264550668314769200e-02
-2.476731348469759716e-02,-3.348779516297433704e-03,-6.033446662696494503e-03,1.843245415427642933e-02,1.120773539257554317e-02,-2.003631986611582178e-02,6.647125213170835406e-03,-7.996196157400308618e-03,1.932741438091164013e-02,-1.283747529438022950e-02
-2.476681506196456994e-02,-3.362822485823912470e-03,-6.040732981503005652e-03,1.844219298512111971e-02,1.116738188985533231e-02,-2.018640082563305169e-02,6.601922861685871613e-03,-8.015261917199791031e-03,1.943959690726975234e-02,-1.299918236332790744e-02
-2.476641276853597251e-02,-3.374151038734000529e-03,-6.046586132917725065e-03,1.845034954427265603e-02,1.113517895709330123e-02,-2.030573354724105051e-02,6.565513195633952866e-03,-8.031255944206731195e-03,1.952790925121990206e-02,-1.312756669499762566e-02
-2.476610544003138292e-02,-3.382771256193131074e-03,-6.051059967703270072e-03,1.845627889151204085e-02,1.111013260181482713e-02,-2.040027320152495993e-02,6.535260959727030687e-03,-8.041495103621858556e-03,1.959767633033714096e-02,-1.322438998107845591e-02
-2.476589515190484245e-02,-3.388632210999904110e-03,-6.054062745484347675e-03,1.846097091214929029e-02,1.109306858513100374e-02,-2.046260395322763159e-02,6.514033140816540522e-03,-8.048453478187380869e-03,1.964192077166902056e-02,-1.328527339543933948e-02
-2.476578181952882388e-02,-3.391707043646440510e-03,-6.055598382386109466e-03,1.846392874932338904e-02,1.108286410655992017e-02,-2.049795878274188188e-02,6.503808293804822296e-03,-8.053008982742195301e-03,1.966807515844599605e-02,-1.332218810881233284e-02
-2.491698536472697692e-02,-1.727364416239400569e-02,1.650853674288878942e-02,1.693357991842300500e-02,-2.365341317167784846e-04,-1.623851669995727068e-02,-3.562506344570126604e-02,-4.001342635952790522e-02,1.268539083807675508e-02,-2.623507984115714536e-02
-2.491728468359081725e-02,-1.726633512839259588e-02,1.650956684682550538e-02,1.690845290437923906e-02,-2.342438572714816128e-04,-1.616199605067668993e-02,-3.560341055290175416e-02,-4.001048930109190466e-02,1.263539199880222251e-02,-2.618624525887656290e-02
-2.491798881422620585e-02,-1.724992305274145044e-02,1.651331642171267530e-02,1.684730228149824635e-02,-2.334211556529938985e-04,-1.597573087611906320e-02,-3.555495294827518138e-02,-4.000869624478568809e-02,1.249312284864453892e-02,-2.608439198076817345e-02
-2.491908171996646756e-02,-1.722397938711736978e-02,1.651836990444083622e-02,1.675349988174841889e-02,-2.289560802561647727e-04,-1.568790414689742035e-02,-3.547895200799845716e-02,-4.000175353117056687e-02,1.228591531788309106e-02,-2.592612497779915245e-02
-2.492057898563243210e-02,-1.718871295653574133e-02,1.652581099094394684e-02,1.662438328100973237e-02,-2.244832221518888293e-04,-1.529524407602079507e-02,-3.537393255593249825e-02,-3.999608563033596464e-02,1.199500082118081304e-02,-2.570315687747985398e-02
-2.492246972964458698e-02,-1.714385742103519475e-02,1.653477224521996206e-02,1.646196657495997348e-02,-2.171241960168946545e-04,-1.480056512603883205e-02,-3.524228279653110474e-02,-3.998673859609545855e-02,1.163515582229779875e-02,-2.542440059097774915e-02
-2.492476767646092245e-02,-1.708953824243160738e-02,1.654611105003173446e-02,1.626408997098822973e-02,-2.098728024139391395e-04,-1.420142512330744254e-02,-3.508267728173653649e-02,-3.997694860393107008e-02,1.119235738080086306e-02,-2.508229858901025663e-02
-2.492746418153768406e-02,-1.702549185776624716e-02,1.655912372902608454e-02,1.603238361707389620e-02,-2.002789868617848321e-04,-1.350107542294710569e-02,-3.489679745624465340e-02,-3.996317284440518980e-02,1.067893522230292484e-02,-2.468341254159552370e-02
-2.493057232044796484e-02,-1.695177609055655010e-02,1.657453639570668699e-02,1.576495187118035976e-02,-1.910090378579526536e-04,-1.269764486177404894e-02,-3.468431458147692298e-02,-3.994794451334563595e-02,1.008334869531102122e-02,-2.422110606004107894e-02
-2.493408565759441808e-02,-1.686812217049271645e-02,1.659178590616010307e-02,1.546306804725054371e-02,-1.800497670505031892e-04,-1.179437643121874005e-02,-3.444639740194167798e-02,-3.992801819703922783e-02,9.415749478542486187e-03,-2.370095111003104119e-02
-2.493801707303693743e-02,-1.677452656830880073e-02,1.661151024893666936e-02,1.512500911285926536e-02,-1.698302178276464829e-04,-1.078985607455896535e-02,-3.418345437398177117e-02,-3.990534108937906360e-02,8.666368645345413207e-03,-2.311690536233235865e-02
-2.494236215621876973e-02,-1.667070406345145736e-02,1.663325552083430234e-02,1.475175384564656432e-02,-1.586959031817826297e-04,-9.687481689323517928e-03,-3.389643153666133113e-02,-3.987697484473263360e-02,7.843794370296593155e-03,-2.247383858407613413e-02
-2.494713385059111471e-02,-1.655659269024468971e-02,1.665759879284500755e-02,1.434169122607853106e-02,-1.489422473388109431e-04,-8.486331083347514390e-03,-3.358628367113122154e-02,-3.984430617260929786e-02,6.939693294608358792e-03,-2.176639169981369609e-02
-2.495232968117183994e-02,-1.643188242009700761e-02,1.668417716943017964e-02,1.389554850301978617e-02,-1.392482696117319123e-04,-7.189998786484258324e-03,-3.325389121338172965e-02,-3.980455490078507047e-02,5.961435247564410116e-03,-2.099864563139129670e-02
-2.495796291789421570e-02,-1.629645160104421439e-02,1.671352603632930700e-02,1.341178410796228272e-02,-1.318497403015755388e-04,-5.798109191770508403e-03,-3.290071908529031142e-02,-3.975860216519793572e-02,4.901863797052052191e-03,-2.016589476867662253e-02
-2.496403299664766429e-02,-1.614995593251076708e-02,1.674536284111503848e-02,1.289089419055694345e-02,-1.257317569417214806e-04,-4.314601217252056128e-03,-3.252775137976754438e-02,-3.970370521140095810e-02,3.767457973710157306e-03,-1.927151836750160691e-02
-2.497055380747113112e-02,-1.599221114330612661e-02,1.678019661504286802e-02,1.233136570474074704e-02,-1.231365327747945590e-04,-2.739683205740213196e-03,-3.213688358876914258e-02,-3.964033724143822823e-02,2.552069011944415634e-03,-1.831152097673667892e-02
-2.497752669024119743e-02,-1.582282836783674776e-02,1.681781868811322439e-02,1.173349384657609157e-02,-1.233891685175632737e-04,-1.077798169006627090e-03,-3.172927965091300317e-02,-3.956569614200621671e-02,1.261650456470327260e-03,-1.728887079578428354e-02
-2.498496647460993550e-02,-1.564155452030582816e-02,1.685872597299624062e-02,1.109575340909250800e-02,-1.288001889789227206e-04,6.701529385965508808e-04,-3.130737832081943034e-02,-3.947978547702066937e-02,-1.090399679160456369e-04,-1.620008695544909727e-02
-2.499287648345329890e-02,-1.544794492592732257e-02,1.690277963862483329e-02,1.041824469808584792e-02,-1.390598974053705800e-04,2.499048558668078186e-03,-3.087257641024266155e-02,-3.937968883597846304e-02,-1.554384613721463207e-03,-1.504785490975378212e-02
-2.500127280047814357e-02,-1.524166845586883388e-02,1.695047873708425273e-02,9.699407796443472105e-03,-1.566539891070208761e-04,4.407128391443982003e-03,-3.042787087596433154e-02,-3.926493483472722618e-02,-3.078610692224437347e-03,-1.382941633467210142e-02
-2.501016090129504904e-02,-1.502221058998910730e-02,1.700175389520661856e-02,8.939145475404731978e-03,-1.816728881881144646e-04,6.388361342354149756e-03,-2.997505573844845561e-02,-3.913238079358247884e-02,-4.676176124229306300e-03,-1.254730251077179268e-02
-2.501955850548469654e-02,-1.478914880457493294e-02,1.705712038257078955e-02,8.135833732954404068e-03,-2.168965097779461252e-04,8.439897562627961605e-03,-2.951774297996141022e-02,-3.898105816204936597e-02,-6.350163815955840903e-03,-1.119968840560932842e-02
-2.502947350110097668e-02,-1.454188003454621667e-02,1.711658275293196849e-02,7.289176695499535209e-03,-2.629315723880309551e-04,1.055444940221488340e-02,-2.905822018105291837e-02,-3.880747906604965769e-02,-8.094707965367365504e-03,-9.789251433105659525e-03
-2.503992569052480854e-02,-1.427987283614641500e-02,1.718068690539385421e-02,6.397453096310599246e-03,-3.229788490434516170e-04,1.272777896983948685e-02,-2.860086168908647017e-02,-3.861008824299054509e-02,-9.911588674165130661e-03,-8.315226354870671258e-03
-2.505092574340505793e-02,-1.400241268172308998e-02,1.724951972770948430e-02,5.460156025413207860e-03,-3.982960083411682200e-04,1.495092371403222535e-02,-2.814859349815448594e-02,-3.838493461732410406e-02,-1.179416646870325505e-02,-6.780837215071125468e-03
-2.506249610999861099e-02,-1.370883346546964907e-02,1.732367547761771293e-02,4.475437971628373757e-03,-4.927130010048213181e-04,1.721775463423820193e-02,-2.770671106508510936e-02,-3.812980521507683407e-02,-1.374247564680459999e-02,-5.186868411339092856e-03
-2.507465077604688689e-02,-1.339827832253958663e-02,1.740333762458810135e-02,3.442560692186941336e-03,-6.083642099800738202e-04,1.951706398220647357e-02,-2.727890409612668959e-02,-3.784009122005231596e-02,-1.574848597273362238e-02,-3.537645955085697014e-03
-2.508741555956650604e-02,-1.306991117553730347e-02,1.748916954944697635e-02,2.359512262664763878e-03,-7.499948527193077375e-04,2.184017625168826332e-02,-2.687159149004832506e-02,-3.751281867582588470e-02,-1.780988122873695956e-02,-1.836154564615261877e-03
-2.510080853284567953e-02,-1.272269031196212284e-02,1.758147409622537460e-02,1.225291836480754118e-03,-9.209339634181044898e-04,2.417275863913142045e-02,-2.648943972453476209e-02,-3.714250386485489636e-02,-1.991636722870900045e-02,-8.869188454369064851e-05
-2.511485980463235707e-02,-1.235556035157163619e-02,1.768101197526941726e-02,3.769142947262811035e-05,-1.127267452575229836e-03,2.650258737254036073e-02,-2.614024012594212687e-02,-3.672524003969559331e-02,-2.206218996429686052e-02,1.698363356163655902e-03
-2.512959263330907106e-02,-1.196723490274314086e-02,1.778823795886108963e-02,-1.204599834880441247e-03,-1.374036997703672637e-03,2.881100663038731538e-02,-2.582983653286494846e-02,-3.625440056289364749e-02,-2.423351432261786412e-02,3.515429098231724874e-03
-2.514504271780628950e-02,-1.155636773492844070e-02,1.790404913919176402e-02,-2.504033621985514435e-03,-1.669305731223205084e-03,3.108074889953231154e-02,-2.556768856523844793e-02,-3.572494668985548572e-02,-2.641954864491924404e-02,5.350893448199466051e-03
-2.516124005267926511e-02,-1.112134132777646209e-02,1.802910142821306447e-02,-3.862285473658527354e-03,-2.020620603144778361e-03,3.328696928603615962e-02,-2.536105618664227096e-02,-3.512875974991479244e-02,-2.860079790296500210e-02,7.189539775636307785e-03
-2.517822777862864861e-02,-1.066041299845619551e-02,1.816448527908271979e-02,-5.282108414623448191e-03,-2.439034956512197219e-03,3.540507213638528078e-02,-2.522134965700575937e-02,-3.445938711861223913e-02,-3.075883742749322206e-02,9.011425962187458172e-03
-2.519604483822794269e-02,-1.017150378057724014e-02,1.831112940320356319e-02,-6.765610266494121935e-03,-2.935887368151207308e-03,3.740112107507010536e-02,-2.515733979774553708e-02,-3.370666165294268490e-02,-3.286511963192705055e-02,1.079190589924649765e-02
-2.521474428013228616e-02,-9.652310101754798047e-03,1.847039804013203210e-02,-8.315897689348150656e-03,-3.526810064406609400e-03,3.923938496179769919e-02,-2.518219926543843745e-02,-3.286184529941656857e-02,-3.488908806732823886e-02,1.249751127793643883e-02
-2.523437605740641229e-02,-9.100072701225720567e-03,1.864356608842701254e-02,-9.935508958863373263e-03,-4.228771419081514375e-03,4.087139792579082970e-02,-2.530421005823993430e-02,-3.190990410282654177e-02,-3.678684471964785430e-02,1.408833547203284207e-02
-2.525500123544307043e-02,-8.511589689580434381e-03,1.883222002584459404e-02,-1.162756813785316944e-02,-5.063434236287169855e-03,4.224072665973541141e-02,-2.552972594745633178e-02,-3.082969777098720082e-02,-3.850567629720592910e-02,1.551305112549350960e-02
-2.527665883657117044e-02,-7.882696407617684198e-03,1.903722160090512427e-02,-1.339319395891467625e-02,-6.051366669533861375e-03,4.326132054768988544e-02,-2.583159659925147317e-02,-2.956082704722282420e-02,-3.996580710809335968e-02,1.672466494844705720e-02
-2.529930619893542773e-02,-7.206928350594456710e-03,1.925607866577846994e-02,-1.522710176105872629e-02,-7.202466770040342504e-03,4.378332455763814246e-02,-2.607421717018241006e-02,-2.791107688801502951e-02,-4.103783588275814603e-02,1.771797559517509710e-02
-2.532248051300775224e-02,-6.468581727912288762e-03,1.946778815191253786e-02,-1.709378939430277952e-02,-8.464439123249357586e-03,4.342953083063531144e-02,-2.570525255907231063e-02,-2.518095945223039131e-02,-4.143217271348333119e-02,1.870892758098527051e-02
-2.534404826691384616e-02,-5.609499819793630111e-03,1.956311193683890962e-02,-1.884790654366060025e-02,-9.578778588989698625e-03,4.111264651671175940e-02,-2.286782481316129712e-02,-1.899237045058375581e-02,-4.037841217588344911e-02,2.064702925762937347e-02
-2.535591768876355179e-02,-4.365491783379657140e-03,1.902613899174464274e-02,-2.002830058650770587e-02,-9.796259380138058054e-03,3.396124103864278654e-02,-1.265255582317780653e-02,-2.705525111109872895e-03,-3.584549868079191237e-02,2.622629662786371899e-02
-2.533569226847874611e-02,-1.536916269200936215e-03,1.567295407425455325e-02,-1.994937980314517856e-02,-8.235556545758956903e-03,1.895789483337161768e-02,9.688893289275914492e-03,3.055814438924321988e-02,-2.534392513573486411e-02,3.732289208259508689e-02
-2.528069543251769760e-02,6.728728318125744290e-03,3.430935433880833579e-03,-2.226869267986406400e-02,-9.010408146736797325e-03,2.372038775518294298e-02,3.852326372849284968e-03,1.173134679602804917e-02,-2.820752511883878669e-02,2.004888499819355158e-02
-2.528759902067165277e-02,7.909854902433831672e-03,2.655200553351208526e-03,-2.323949737449937381e-02,-1.085902346788363178e-02,1.922765796026226076e-02,3.174642956390484692e-03,1.154898079602514199e-02,-2.414226846796618461e-02,1.338342316820024212e-02
-2.529427560368916958e-02,8.285668816105736315e-03,2.758151327937477439e-03,-2.361124597801185845e-02,-1.290585459838950247e-02,1.433246817917287544e-02,2.448576837432732151e-03,1.228863018841902695e-02,-1.932269056710845395e-02,7.421749150291881425e-03
-2.529801965676465106e-02,8.486038683329770807e-03,2.861385827388498570e-03,-2.374542141220601504e-02,-1.459447212123109877e-02,1.058119776160258187e-02,2.186009567547011166e-03,1.262754209868619665e-02,-1.511327743133443653e-02,2.028603779147556720e-03
-2.530009443932105390e-02,8.605153474437297542e-03,2.927085406368883265e-03,-2.378843425620300392e-02,-1.585329855040069902e-02,7.979108113383218126e-03,2.290054362128107149e-03,1.267046614671924441e-02,-1.187882197109680835e-02,-2.402625600945207905e-03
-2.530128195187244383e-02,8.677851326779723387e-03,2.967517693380594939e-03,-2.379701383827583297e-02,-1.674733456755131758e-02,6.243498218106038541e-03,2.553847777275678865e-03,1.256506789073531805e-02,-9.554399191945173175e-03,-5.809853161506728370e-03
-2.530198117695053525e-02,8.722821563096616604e-03,2.992448052170664473e-03,-2.379320974035817327e-02,-1.736479838356669997e-02,5.104885351305032785e-03,2.843303254434895611e-03,1.240606334786582138e-02,-7.945174708357437970e-03,-8.319673254482596106e-03
-2.530240164853754525e-02,8.750915370573439725e-03,3.007886670236125260e-03,-2.378567669156373549e-02,-1.778394217586264092e-02,4.362383499018723972e-03,3.096630492709648210e-03,1.224276638846408770e-02,-6.855719165382662128e-03,-1.011691162622689946e-02
-2.530265840015509526e-02,8.768600474789771393e-03,3.017461116844553926e-03,-2.377773511421427469e-02,-1.806532355210402688e-02,3.878154929734785230e-03,3.294538237392448214e-03,1.209629177812730771e-02,-6.129119548148488986e-03,-1.137914666809830555e-02
-2.530281696375085917e-02,8.779799316265280915e-03,3.023377185600528705e-03,-2.377054329351644540e-02,-1.825281931236816604e-02,3.560877979598659621e-03,3.437872731179328258e-03,1.197264395139359741e-02,-5.650154843500180407e-03,-1.225370947330395310e-02
-2.530291566061008274e-02,8.786922034132994136e-03,3.026990397767554374e-03,-2.376436019579144035e-02,-1.837715696508715468e-02,3.351081137919503621e-03,3.535178070120283643e-03,1.187083432138831725e-02,-5.337871140583939564e-03,-1.285392880900763750e-02
-2.530297740008093446e-02,8.791466016422442784e-03,3.029142468582094426e-03,-2.375911104124255047e-02,-1.845935881118472219e-02,3.210351951177920458e-03,3.596544044302764712e-03,1.178723501256626928e-02,-5.136789519276269665e-03,-1.326326736512300868e-02
-2.530301609398172627e-02,8.794369392304750982e-03,3.030360604047913856e-03,-2.375461537195699274e-02,-1.851361433253050429e-02,3.113989591989020905e-03,3.631097584527305695e-03,1.171772448605527817e-02,-5.009439102506759237e-03,-1.354145240274169139e-02
-2.530304025921231367e-02,8.796221899202056466e-03,3.030976530985385331e-03,-2.375067667740814528e-02,-1.854940536790216851e-02,3.046200304917797818e-03,3.646352024669413487e-03,1.165845315750790867e-02,-4.930729008047510589e-03,-1.373070877345821186e-02
-2.530305534164262876e-02,8.797405760253063089e-03,3.031204848000984119e-03,-2.374715192695957613e-02,-1.857305380923262791e-02,2.996598431260797096e-03,3.647528043239320686e-03,1.160677881095252897e-02,-4.883979799986505090e-03,-1.385923606962827584e-02
-2.530306462705218459e-02,8.798157659940466016e-03,3.031178955823523018e-03,-2.374390353217946739e-02,-1.858872754313967493e-02,2.958740263778843887e-03,3.638907254130460851e-03,1.156022984990584361e-02,-4.858129449466177911e-03,-1.394726380688628316e-02
-2.530307022024996105e-02,8.798630964189846013e-03,3.030985330535207207e-03,-2.374083453105553521e-02,-1.859918011420857650e-02,2.928421056333085828e-03,3.623404648073340426e-03,1.151712595613353998e-02,-4.845868569911353924e-03,-1.400826096640880175e-02
-2.530307344500428920e-02,8.798922867733939210e-03,3.030678757860509349e-03,-2.373787693420549225e-02,-1.860619386583306847e-02,2.902971265661336963e-03,3.603016367236998307e-03,1.147627873050935214e-02,-4.842442501015068596e-03,-1.405114046405090723e-02
-2.530307517753970642e-02,8.799098333548442327e-03,3.030295831667901771e-03,-2.373497915181175741e-02,-1.861099582743672154e-02,2.880616436213399509e-03,3.579206877942080287e-03,1.143681219573009812e-02,-4.844577883245908788e-03,-1.408220274369114018e-02
-2.530307598705757582e-02,8.799199905524149323e-03,3.029860626573171057e-03,-2.373210417262534150e-02,-1.861440279524475758e-02,2.860190479642677440e-03,3.552999489735955176e-03,1.139809674061458521e-02,-4.850081813432607740e-03,-1.410574937261551906e-02
-2.530307621282110175e-02,8.799252858196044205e-03,3.029387367530603312e-03,-2.372922959333885126e-02,-1.861690394730658796e-02,2.841007077379882444e-03,3.525013024748351390e-03,1.135975499450117554e-02,-4.857632546556012003e-03,-1.412436893664829364e-02
-2.530307608667422062e-02,8.799274342184465816e-03,3.028885612891091868e-03,-2.372633920027046248e-02,-1.861883988632958425e-02,2.822609849307889870e-03,3.495701667812559955e-03,1.132151311756652949e-02,-4.866314420883395900e-03,-1.413988349205832010e-02
-2.530307575367387804e-02,8.799275476170763041e-03,3.028361746634657993e-03,-2.372342047773320570e-02,-1.862043086096570876e-02,2.804693599356928267e-03,3.465354235229260033e-03,1.128318905086179817e-02,-4.875494202550756731e-03,-1.415353382699868420e-02
-2.530307532821426258e-02,8.799264232063288074e-03,3.027819985548824578e-03,-2.372046909479169630e-02,-1.862182409482857764e-02,2.787054230896221594e-03,3.434134540460158543e-03,1.124471003091443919e-02,-4.884773900290908903e-03,-1.416602101768436178e-02
-2.530307485875867360e-02,8.799244937142410017e-03,3.027262460100565902e-03,-2.371747805731332440e-02,-1.862311124365928494e-02,2.769583972409427660e-03,3.402214383366172334e-03,1.120599724773064382e-02,-4.893871231384122091e-03,-1.417793047342640923e-02
-2.530307433967051572e-02,8.799220356487899922e-03,3.026689388534572946e-03,-2.371443987808930995e-02,-1.862434241480052238e-02,2.752210969623639786e-03,3.369770848466645263e-03,1.116703643830612054e-02,-4.902573781383606603e-03,-1.418962443622873680e-02
-2.530307363993016673e-02,8.799193988212610992e-03,3.026097187235118197e-03,-2.371134173791041716e-02,-1.862551366550366932e-02,2.734806522395104387e-03,3.337119264424745057e-03,1.112806848263542085e-02,-4.910670815876873666e-03,-1.420117707761862566e-02
-2.530307209717291839e-02,8.799175144754711048e-03,3.025466458298224984e-03,-2.370813566282733639e-02,-1.862647807494914251e-02,2.716940544867076091e-03,3.305248659960120620e-03,1.109019286767149587e-02,-4.917739619287602067e-03,-1.421197965444249978e-02
-2.530306680431948160e-02,8.799199461064461519e-03,3.024706381805851961e-03,-2.370461172411410591e-02,-1.862654937889262827e-02,2.696940128084544374e-03,3.278042062013097457e-03,1.105771838711349861e-02,-4.922428796385268021e-03,-1.421930611027087329e-02
-2.530304523281699108e-02,8.799422789551550328e-03,3.023398274284543920e-03,-2.369984510433865640e-02,-1.862287584607778129e-02,2.668044904435807121e-03,3.270564654397139018e-03,1.104746153326083280e-02,-4.919766817539447494e-03,-1.421241602675951156e-02
-2.530295341833598347e-02,8.800544684155031661e-03,3.019593854155097883e-03,-2.368978141108604371e-02,-1.860396205182104565e-02,2.603550691573262247e-03,3.339996941637338873e-03,1.112386667254837251e-02,-4.891197369806291398e-03,-1.415096605615527407e-02
-2.530255894913549519e-02,8.805740263793434414e-03,3.004123230295546992e-03,-2.365694916725844671e-02,-1.852497824451607503e-02,2.403113838256704191e-03,3.694682715658349770e-03,1.152501102106107123e-02,-4.769807257592979105e-03,-1.388996030059722227e-02
-2.530086718273654930e-02,8.829422600328297455e-03,2.933528791609758563e-03,-2.352848386483499116e-02,-1.822054763195802077e-02,1.724110322065811355e-03,5.032583025563336365e-03,1.306441121001893253e-02,-4.332926852537005366e-03,-1.295140408941488491e-02
-2.529373580647658118e-02,8.935673755402299620e-03,2.603667101848988925e-03,-2.302108232390902287e-02,-1.715536676946923661e-02,-3.724126357114799558e-04,9.268342689743165955e-03,1.800578273283183137e-02,-2.968747535709048615e-03,-1.009559925146902119e-02
-2.526554000724492641e-02,9.380341478425287607e-03,1.117392345647361031e-03,-2.121513282330898462e-02,-1.417761501669220596e-02,-4.866684649336977010e-03,1.858479487904404759e-02,2.860270827428671239e-02,-4.590562482569379737e-05,-4.447355755382609820e-03
-2.517978353809350103e-02,1.076265343137190050e-02,-4.249324773991427009e-03,-1.666125206687750840e-02,-1.099139273048617936e-02,-3.723239304365277922e-03,1.527167096056144223e-02,1.816196825731397277e-02,-1.389543221552317102e-03,-9.394650928389107827e-03
-2.517468979596401701e-02,1.075208700070724895e-02,-4.404983568895346965e-03,-1.616899219101053040e-02,-1.060921614533588166e-02,-4.501087992063584897e-03,1.495848587361763883e-02,1.736596456532158578e-02,-5.256860825392214781e-04,-9.790441441582056065e-03
-2.517100352454543916e-02,1.067199809880128164e-02,-4.401513435560147972e-03,-1.566157150795411540e-02,-1.020853199136449035e-02,-5.364924295770573046e-03,1.484439104539699017e-02,1.710430841231492041e-02,3.359103784748759250e-04,-1.029636943128702832e-02
-2.516690150202480561e-02,1.057370030242263219e-02,-4.400354102045354356e-03,-1.509787164923967820e-02,-9.730320389988800570e-03,-6.007103046414436279e-03,1.482434797746818959e-02,1.680400585491728313e-02,1.088476772010209129e-03,-1.072673016745138291e-02
-2.516256443211635149e-02,1.046456455837134134e-02,-4.404589058120624186e-03,-1.451059364320698118e-02,-9.186101436645228990e-03,-6.431131494104818346e-03,1.486859907735982658e-02,1.645477096464806332e-02,1.674248879239546763e-03,-1.097731161387641499e-02
-2.515809160225982236e-02,1.034824557177395528e-02,-4.412918205480815571e-03,-1.391447487305394991e-02,-8.590475252631605066e-03,-6.684015665428463815e-03,1.494665366414070495e-02,1.608255297696247615e-02,2.093003660341329324e-03,-1.103960534245230878e-02
-2.515352954946700748e-02,1.022687732868197454e-02,-4.424482216743448257e-03,-1.331515397419695372e-02,-7.956223371150405663e-03,-6.809158842290015563e-03,1.503755785151906360e-02,1.570186794109605655e-02,2.374108425939037287e-03,-1.093181794921707119e-02
-2.514890364774321693e-02,1.010170762080814071e-02,-4.438591632496363855e-03,-1.271528610744164858e-02,-7.294094832591985905e-03,-6.836761449326187595e-03,1.513224941428349159e-02,1.532191329594707191e-02,2.542518730735272327e-03,-1.068043737384174324e-02
-2.514422726865971763e-02,9.973508499435916955e-03,-4.454925051045072019e-03,-1.211584575162743919e-02,-6.611633037799390794e-03,-6.787340834939249029e-03,1.522645082064286691e-02,1.494590963087041348e-02,2.621419966377886400e-03,-1.030778774261046325e-02
-2.513950828390550118e-02,9.842763690123124479e-03,-4.473159647570479000e-03,-1.151762133092731379e-02,-5.914909383362949337e-03,-6.673615933652248325e-03,1.531963985582627044e-02,1.457491487325148459e-02,2.625858312014795522e-03,-9.835067913268123740e-03
-2.513475208132941521e-02,9.709807015113418316e-03,-4.493182834412601592e-03,-1.092083034840097416e-02,-5.207977833519401856e-03,-6.505416636058924257e-03,1.541203153471177971e-02,1.420888164643233954e-02,2.568960694593230062e-03,-9.278036428962367285e-03
-2.512996375127213647e-02,9.574861831397031564e-03,-4.514864295449670314e-03,-1.032574916971649472e-02,-4.494007897218378969e-03,-6.290379146128051088e-03,1.550470138112919685e-02,1.384847394915677404e-02,2.456457360479585850e-03,-8.650007979193895594e-03
-2.512514594269690121e-02,9.438106256032941302e-03,-4.538147314980284230e-03,-9.732557374715657128e-03,-3.775333859729410567e-03,-6.033771634312766648e-03,1.559830018804872140e-02,1.349328694912737062e-02,2.296644688794754335e-03,-7.960675647114084930e-03
-2.512030048287876988e-02,9.299674119879348597e-03,-4.562930335680837925e-03,-9.141588437330433123e-03,-3.053988320513033750e-03,-5.739293024844787164e-03,1.569281801414470004e-02,1.314239397686075249e-02,2.095361020475303322e-03,-7.218358802389628071e-03
-2.511542955160161322e-02,9.159675834916133561e-03,-4.589180019119979900e-03,-8.553124762018738531e-03,-2.331651965766524167e-03,-5.408258286839735113e-03,1.578820662451292309e-02,1.279669431376664196e-02,1.857120909985704926e-03,-6.435292589133016251e-03
-2.511052871782643373e-02,9.018067487667551577e-03,-4.616495173095836249e-03,-7.967077342237323043e-03,-1.606986009558955325e-03,-5.058471180347282395e-03,1.589066930663214292e-02,1.244707147340472914e-02,1.575726914267732001e-03,-5.595975515510271184e-03
-2.510557606590438362e-02,8.873839484455357460e-03,-4.644182060927444684e-03,-7.380163952508072764e-03,-8.696365006550954178e-04,-4.699593916181622061e-03,1.599933222184713247e-02,1.207033638478343870e-02,1.250417485255178682e-03,-4.711273445286339248e-03
-2.510035838469670821e-02,8.718233818039855185e-03,-4.669535910071868391e-03,-6.752766297987037279e-03,-5.633856699047272860e-05,-4.330658552008534619e-03,1.611953828259322236e-02,1.161168526681264149e-02,9.397002226987632035e-04,-4.136660336589896916e-03
-2.509315897626215874e-02,8.531165561507163958e-03,-4.662298503063419530e-03,-5.790406750918563120e-03,4.667353422296029695e-04,-5.017626023279285474e-03,1.713893686319825291e-02,1.118862539946332592e-02,1.871942746702730167e-03,-6.370097537064688641e-03
-2.509098603309492873e-02,8.449953898071980996e-03,-4.734220071289038829e-03,-5.686067238678082017e-03,1.145024298455175633e-03,-3.538296545798406707e-03,1.632335070914172834e-02,1.119547439817506276e-02,2.232672981941496049e-04,-2.070096852601869750e-03
-2.508575811910998543e-02,8.294043197074937174e-03,-4.773916770362454827e-03,-5.074867001336260362e-03,1.994865538543659500e-03,-2.934749030298445562e-03,1.641382783382930657e-02,1.075301954564861044e-02,-2.600179555150956430e-05,-1.078222013255310903e-03
-2.507961858141916078e-02,8.106995040948859407e-03,-4.814596261158087323e-03,-4.420223255480158764e-03,3.033649544088774276e-03,-2.601182207817417848e-03,1.652355773399605612e-02,1.017406835061625096e-02,-5.583767744487234345e-04,3.904294179764873770e-04
-2.507607335405651061e-02,8.010000356335670799e-03,-4.841831216464293972e-03,-3.977316840197883327e-03,3.277984117286760445e-03,-2.035520645555401967e-03,1.656012585794580314e-02,1.023158532372230381e-02,-7.593253933440442241e-04,7.467155258986062473e-04
-2.507120953544772837e-02,7.866009010116170250e-03,-4.874289714557267054e-03,-3.437027220320355327e-03,3.911503926499501453e-03,-1.626117940834771475e-03,1.664172072662107454e-02,9.961964944375721956e-03,-1.191938396160354546e-03,1.671803482867372740e-03
-2.506620434616370005e-02,7.717457772017274377e-03,-4.910819825764490068e-03,-2.887258854903845817e-03,4.572967702184463183e-03,-1.180787804381969218e-03,1.675601678842015413e-02,9.652338676091883757e-03,-1.605341646150856491e-03,2.683733002892031011e-03
-2.506117877246601122e-02,7.567455961825619859e-03,-4.949442291790402682e-03,-2.341465790682074107e-03,5.227992100797451865e-03,-6.976603870088659383e-04,1.686508074267877022e-02,9.355615078679609120e-03,-2.020970727222789771e-03,3.663498529423543908e-03
-2.505614287657633929e-02,7.416522717831472260e-03,-4.989508217704153453e-03,-1.800662139879494672e-03,5.874578935807939911e-03,-1.946885390967612538e-04,1.697027469751369658e-02,9.065132144766854805e-03,-2.437750687625283783e-03,4.628037553343690089e-03
-2.505109785259352836e-02,7.264962936562742966e-03,-5.030569086553982223e-03,-1.265231934601896433e-03,6.511563289625140437e-03,3.067469208651028064e-04,1.707693972436429355e-02,8.775798124243290588e-03,-2.856608532500170324e-03,5.595347593405753002e-03
-2.504604896774558637e-02,7.112981196174632086e-03,-5.072560233618721853e-03,-7.356004889078397680e-04,7.137045506366659388e-03,8.057489459537979428e-04,1.718283622759631674e-02,8.491730552964090600e-03,-3.274042746899476740e-03,6.552913513394638054e-03
-2.504099864993371283e-02,6.960717458286157233e-03,-5.115430433688122544e-03,-2.119483544493953420e-04,7.749543114933006051e-03,1.298054697410236423e-03,1.728723039845104364e-02,8.212127347921682405e-03,-3.684436191958108398e-03,7.495620771603477006e-03
-2.503594923732601826e-02,6.808283728945999091e-03,-5.159108049260618944e-03,3.054680182002021791e-04,8.348022125584416211e-03,1.781103674050724117e-03,1.739005862522156887e-02,7.937818454598490059e-03,-4.084979726293485290e-03,8.419177721530749989e-03
-2.503090232032191900e-02,6.655776242770857637e-03,-5.203558476474815821e-03,8.164819300894692869e-04,8.931684387975933129e-03,2.252128425780547481e-03,1.749055617157491485e-02,7.668026018211291511e-03,-4.472738735441913506e-03,9.320336443855275696e-03
-2.502585982390978861e-02,6.503275525845061272e-03,-5.248728309403432810e-03,1.320868774899653774e-03,9.499727588972464026e-03,2.709089061742475744e-03,1.758903956094448606e-02,7.403499184814948085e-03,-4.845612339690707863e-03,1.019532366774834366e-02
-2.502082327493628661e-02,6.350861967346854708e-03,-5.294589945697172201e-03,1.818478357872111177e-03,1.005156010238799670e-02,3.149596309864679221e-03,1.768487854917712154e-02,7.143737240427956020e-03,-5.201222573889875862e-03,1.104204042786005938e-02
-2.501579443548222759e-02,6.198609679837817875e-03,-5.341094046169265683e-03,2.309082564123538742e-03,1.058659662843290487e-02,3.571971169672755186e-03,1.777802445898574862e-02,6.889425514489062700e-03,-5.537980285105660073e-03,1.185740422130442985e-02
-2.501077467516969050e-02,6.046592783841680738e-03,-5.388216199431423124e-03,2.792550024423536958e-03,1.110436348548122544e-02,3.974227816876219760e-03,1.786783969047187406e-02,6.639899465113590325e-03,-5.853816431532024925e-03,1.263957215531502469e-02
-2.500576577730732886e-02,5.894879834393794080e-03,-5.435909297436388073e-03,3.268675355352875563e-03,1.160438348416630884e-02,4.354849091101396438e-03,1.795434738613736758e-02,6.395917691938650569e-03,-6.147525885453430233e-03,1.338600587161151156e-02
-2.500076908573341944e-02,5.743542606617986664e-03,-5.484148505781616563e-03,3.737338065005770503e-03,1.208626227995603271e-02,4.712086320329786880e-03,1.803694250905103075e-02,6.156772603825085878e-03,-6.417219109371872718e-03,1.409500337370929272e-02
-2.499578613061568047e-02,5.592641047702598574e-03,-5.532891024043327076e-03,4.198349376320017340e-03,1.254970418743521499e-02,5.044905571360765693e-03,1.811540363797536912e-02,5.923162720356401310e-03,-6.662214999395069809e-03,1.476500903829745456e-02
-2.499081825506950516e-02,5.442244325854266040e-03,-5.582112357242778947e-03,4.651605449974800972e-03,1.299439297688250762e-02,5.351785797390210681e-03,1.818916880765911875e-02,5.694355988439347635e-03,-6.880842002771994301e-03,1.539456228552649360e-02
-2.498586717499088825e-02,5.292412967266124646e-03,-5.631768268210234074e-03,5.096943158777501176e-03,1.342005122956770914e-02,5.631634030223790430e-03,1.825827692356387852e-02,5.471082615653582309e-03,-7.072500094776121640e-03,1.598197303331281433e-02
-2.498093425701649814e-02,5.143208874582495642e-03,-5.681835185326175076e-03,5.534280995110242400e-03,1.382648477069707386e-02,5.883143879893882981e-03,1.832220516297179691e-02,5.252913440996691968e-03,-7.235964974944619071e-03,1.652684123126853949e-02
-2.497602105081844423e-02,4.994687800319536596e-03,-5.732271704118201833e-03,5.963479759116529881e-03,1.421352153345134366e-02,6.105616810132646205e-03,1.838103602903940620e-02,5.040263996630088908e-03,-7.370908273339017019e-03,1.702738064144206087e-02
-2.497112881047879041e-02,4.846910101949657330e-03,-5.783054954220592445e-03,6.384468534210068456e-03,1.458106437961323269e-02,6.298101448784976589e-03,1.843410900824989443e-02,4.832539204509774845e-03,-7.476335885851620976e-03,1.748339600575520014e-02
-2.496625912158483701e-02,4.699930295172295193e-03,-5.834143341487428580e-03,6.797126290782231316e-03,1.492902200159958170e-02,6.460009084655365247e-03,1.848141802956193222e-02,4.630285948612706225e-03,-7.552174923983813980e-03,1.789380536955223130e-02
-2.496141325382122272e-02,4.553803370029376428e-03,-5.885514328417062319e-03,7.201406761295790770e-03,1.525738330104324005e-02,6.590622945905086003e-03,1.852252301080179950e-02,4.432918973728178919e-03,-7.597713975370282667e-03,1.825860380665880744e-02
-2.495659274093018493e-02,4.408581062926898025e-03,-5.937127459061513138e-03,7.597215335536782431e-03,1.556612455901910073e-02,6.689582955953155517e-03,1.855740902622118535e-02,4.240976015177868111e-03,-7.613124995941197327e-03,1.857709212291462630e-02
-2.495179885280134763e-02,4.264317160707663430e-03,-5.988959266732360454e-03,7.984523291184576765e-03,1.585529917248253498e-02,6.756368120837113328e-03,1.858566483027998539e-02,4.053834387692483235e-03,-7.597848630550390475e-03,1.884942710296406976e-02
-2.494703303497351407e-02,4.121055969670681628e-03,-6.040972814522827146e-03,8.363258988713102859e-03,1.612503187613931535e-02,6.790971799207367633e-03,1.860732124659343970e-02,3.871951619097545143e-03,-7.552498741614760425e-03,1.907543430043387792e-02
-2.494229655134902121e-02,3.978849325980569375e-03,-6.093143937523265267e-03,8.733415460744024111e-03,1.637542933803426762e-02,6.793070795061708321e-03,1.862201654531046510e-02,3.694733533644976257e-03,-7.476710473356025510e-03,1.925551059872164517e-02
-2.493759089407900434e-02,3.837743459275063523e-03,-6.145434018452655169e-03,9.094940578476450044e-03,1.660663632665355244e-02,6.762725770388938219e-03,1.862981776910085582e-02,3.522582459958898890e-03,-7.371103079463469168e-03,1.938946923621767682e-02
-2.493291727626615467e-02,3.697784741162181942e-03,-6.197820317771435619e-03,9.447848734548095970e-03,1.681886027835587799e-02,6.699912121441148512e-03,1.863042207017468269e-02,3.354923094179762619e-03,-7.235655028375942779e-03,1.947816927692221436e-02
-2.492827717277850894e-02,3.559016908068039081e-03,-6.250264871976184133e-03,9.792110516536136483e-03,1.701231348007169186e-02,6.604877670068087271e-03,1.862393861530163910e-02,3.192130292016484832e-03,-7.071189838067266052e-03,1.952168961860442989e-02
-2.492367177698288916e-02,3.421484694885147063e-03,-6.302744464066025940e-03,1.012775736564387567e-02,1.718726967770084837e-02,6.477791575970978481e-03,1.861005158283517147e-02,3.033633275287110371e-03,-6.877865495227266680e-03,1.952115337828154093e-02
-2.491910250040058408e-02,3.285228019898720105e-03,-6.355222681349118399e-03,1.045478564070052331e-02,1.734400839184261495e-02,6.319151753327351302e-03,1.858899610560775864e-02,2.879658763893597033e-03,-6.656675368666720334e-03,1.947663974780718121e-02
-2.491457055890620650e-02,3.150289504251548630e-03,-6.407675714482648222e-03,1.077324324624607046e-02,1.748286603403402181e-02,6.129283063436781996e-03,1.856052201478533906e-02,2.729674442209203793e-03,-6.407967187569552428e-03,1.938956851280304247e-02
-2.491007738908149541e-02,3.016708820297421025e-03,-6.460065957733155013e-03,1.108316098760808548e-02,1.760417336461022469e-02,5.908873300009049104e-03,1.852483911232314165e-02,2.584007516480758479e-03,-6.132966770635034197e-03,1.926054753925981675e-02
-2.490562411269408444e-02,2.884524204420655605e-03,-6.512372335605166700e-03,1.138457785549437315e-02,1.770828466209350971e-02,5.658278222903814422e-03,1.848174859511603554e-02,2.442079669148793444e-03,-5.831958819163427128e-03,1.909078232031207953e-02
-2.490121216666751555e-02,2.753774475104382551e-03,-6.564556914644621363e-03,1.167754226032890509e-02,1.779559233227663226e-02,5.378331646287065615e-03,1.843150634251747993e-02,2.304115919288484120e-03,-5.506270431610183098e-03,1.888097088108568744e-02
-2.489684269962122096e-02,2.624495269982560740e-03,-6.616597623113998870e-03,1.196213726845841985e-02,1.786656407896651880e-02,5.069777136207998143e-03,1.837396912503874019e-02,2.169597453211435933e-03,-5.156678560822857381e-03,1.863296628839252247e-02
-2.489251710649851429e-02,2.496723105626355490e-03,-6.668457960567877874e-03,1.223841502858522869e-02,1.792160426737311393e-02,4.733467255650252586e-03,1.830942862490915132e-02,2.038745069387983000e-03,-4.784465233922114216e-03,1.834746118050951599e-02
-2.488823652594913255e-02,2.370493582159230103e-03,-6.720114164985763021e-03,1.250647368700836398e-02,1.796118852166607785e-02,4.370239145666582684e-03,1.823781691896339194e-02,1.911004321419660203e-03,-4.390367013479314073e-03,1.802621158245997293e-02
-2.488400230353963669e-02,2.245839900348912954e-03,-6.771531066198265524e-03,1.276638339919719534e-02,1.798577553544438920e-02,3.981109891306792298e-03,1.815947893618735653e-02,1.786556755762583066e-03,-3.975823151600626874e-03,1.767011606990204209e-02
-2.487981558204233404e-02,2.122795963633891669e-03,-6.822685356303287429e-03,1.301825712345373691e-02,1.799587552228320078e-02,3.567022984724390559e-03,1.807437215675881254e-02,1.664897829327617899e-03,-3.541684061596893189e-03,1.728106330421800077e-02
-2.487567770722948213e-02,2.001393588059107234e-03,-6.873542101687036242e-03,1.326217503097049978e-02,1.799199588106138725e-02,3.129079630473689637e-03,1.798283582388820329e-02,1.546247127594777135e-03,-3.089421043167473249e-03,1.686013312383141324e-02
-2.487158978158721459e-02,1.881664936312379965e-03,-6.924077930516029517e-03,1.349826336541344943e-02,1.797466271472615215e-02,2.668317068242945494e-03,1.788488995005314483e-02,1.430055599977221722e-03,-2.620013261500644952e-03,1.640928981292710115e-02
-2.486755298785249188e-02,1.763641401883812507e-03,-6.974259547328674584e-03,1.372660963009997813e-02,1.794442311405025983e-02,2.186080008446611867e-03,1.778074462788552593e-02,1.316278468594882234e-03,-2.134929956166506902e-03,1.592941228086817637e-02
-2.486356855157427145e-02,1.647352287520255582e-03,-7.024062720531282396e-03,1.394735605098153079e-02,1.790182056476245093e-02,1.683357202320706538e-03,1.767063886712215079e-02,1.204634654630685814e-03,-1.635138510053037088e-03,1.542265876914651959e-02
-2.485963787481906828e-02,1.532823220154931826e-03,-7.073453507319486279e-03,1.416061595995491383e-02,1.784740271248957261e-02,1.161295608527880985e-03,1.755513145703840178e-02,1.095596318505517213e-03,-1.122257153720596784e-03,1.489064879196531563e-02
-2.485576190360678020e-02,1.420085451091890587e-03,-7.122409466300058146e-03,1.436652627218072686e-02,1.778175673650978991e-02,6.212151951858556993e-04,1.743414465215993234e-02,9.884040782686931946e-04,-5.972178885349140867e-04,1.433503912247289375e-02
-2.485194189315904911e-02,1.309165931658055329e-03,-7.170897500627435202e-03,1.456520046953652461e-02,1.770544559794603318e-02,6.443009045126676135e-05,1.730808354418672534e-02,8.832683187399079355e-04,-6.156663375157370762e-05,1.375716113700627997e-02
-2.484817888140541248e-02,1.200091601515250288e-03,-7.218895262056444599e-03,1.475679216749921710e-02,1.761906382932902637e-02,-5.078047450580650945e-04,1.717709272310284641e-02,7.797068665825023902e-04,4.836949443661729426e-04,1.315897611678917833e-02
-2.484447402541937328e-02,1.092888885450065024e-03,-7.266370527521716707e-03,1.494141807434616089e-02,1.752319260722827107e-02,-1.094075161767684226e-03,1.704149631656306021e-02,6.778073521840271643e-04,1.037053878837388083e-03,1.254178253179778421e-02
-2.484082834604697809e-02,9.875836319033070177e-04,-7.313301054092813912e-03,1.511924188329050525e-02,1.741844671479905043e-02,-1.693046865499272429e-03,1.690145749725073185e-02,5.771054001453527907e-04,1.597463873178872878e-03,1.190755807926222390e-02
-2.483724300252645317e-02,8.841984480130845236e-04,-7.359656449201698418e-03,1.529037760648770984e-02,1.730538423916891388e-02,-2.303440698754973502e-03,1.675740241999409963e-02,4.778557100658550297e-04,2.163544415395983120e-03,1.125760183526777758e-02
-2.483371905764778648e-02,7.827572807170495679e-04,-7.405414198706310007e-03,1.545499914610591607e-02,1.718461754653001147e-02,-2.923975065375727066e-03,1.660961471186663679e-02,3.797307349937600256e-04,2.734241783781004610e-03,1.059404478892975177e-02
-2.483025782284518576e-02,6.832798961545767224e-04,-7.450542454160393423e-03,1.561324842673213024e-02,1.705670444087037038e-02,-3.553429550320212887e-03,1.645880757654528265e-02,2.832556621673578356e-04,3.308095810392159674e-03,9.918539626813558177e-03
-2.482686022269545850e-02,5.857884764554850470e-04,-7.495020922999758028e-03,1.576529029481787275e-02,1.692226322207334224e-02,-4.190489390476721636e-03,1.630514856688280306e-02,1.880171790719531878e-04,3.884144855183161230e-03,9.233036703394809433e-03
-2.482352724280387918e-02,4.903056124221087013e-04,-7.538820398765278506e-03,1.591125079355676028e-02,1.678187264082689825e-02,-4.833628883673410023e-03,1.614892860020981924e-02,9.403082533238462173e-05,4.461046566584703395e-03,8.538637553461944640e-03
-2.482025977467804123e-02,3.968519759925431172e-04,-7.581921564395141012e-03,1.605129574520850616e-02,1.663613955442157233e-02,-5.481544931983861266e-03,1.599035471942150677e-02,9.148753353826051155e-07,5.037862306632721540e-03,7.837262960019760957e-03
-2.481705886717770759e-02,3.054464429036416210e-04,-7.624295435932370614e-03,1.618556166147566353e-02,1.648562680904907055e-02,-6.132852950108143471e-03,1.582988035926417847e-02,-9.107020750649323746e-05,5.613314529629933984e-03,7.130222802560371755e-03
-2.481392539316381110e-02,2.161076327426893760e-04,-7.665923739312957043e-03,1.631421697157452860e-02,1.633092342760813706e-02,-6.786296571021158998e-03,1.566776943105846129e-02,-1.822180525440989776e-04,6.186500079553416097e-03,6.419429732310898487e-03
-2.481086035589433192e-02,1.288524107557204989e-04,-7.706778690238265915e-03,1.643739486644330006e-02,1.617258867094306662e-02,-7.440500356797209898e-03,1.550453188019718619e-02,-2.723233897401331123e-04,6.756214343783456533e-03,5.706071607320761449e-03
-2.480786455376432151e-02,4.369792677970814446e-05,-7.746843596739846557e-03,1.655525925183124955e-02,1.601121366919463704e-02,-8.094210690877325087e-03,1.534034736174415790e-02,-3.616544175072696323e-04,7.321591031245887511e-03,4.992050004699579747e-03
-2.480493893436998276e-02,-3.934057889926293058e-05,-7.786091898638194432e-03,1.666794241802631305e-02,1.584732388779390433e-02,-8.746098694212165944e-03,1.517571562998644256e-02,-4.499474292841217798e-04,7.881522767587160680e-03,4.278520931540200946e-03
-2.480208426070541067e-02,-1.202484469026820070e-04,-7.824508124153363789e-03,1.677560974746703654e-02,1.568149332192033882e-02,-9.394985592016265666e-03,1.501089611610805473e-02,-5.374223984451288521e-04,8.435209234540035766e-03,3.567288226066394393e-03
-2.479930143448652244e-02,-1.990129244280451648e-04,-7.862067269303205097e-03,1.687838748832139885e-02,1.551424113984022253e-02,-1.003957133788980875e-02,1.484639991943261135e-02,-6.237989587836119182e-04,8.981600898680087985e-03,2.859528751851351646e-03
-2.479659113327138328e-02,-2.756210372555999545e-04,-7.898755937680706010e-03,1.697643424609871637e-02,1.534611159514516661e-02,-1.067871385082890152e-02,1.468245260328314775e-02,-7.092871708132368874e-04,9.519937371025469913e-03,2.156986694717163630e-03
-2.479395416191170626e-02,-3.500615977383718012e-04,-7.934550801366461320e-03,1.706986723931538247e-02,1.517762572638505815e-02,-1.131111240978323156e-02,1.451948241206490672e-02,-7.936720804035909439e-04,1.004929126047339472e-02,1.460628705192273339e-03
-2.479139110461942366e-02,-4.223259788609235029e-04,-7.969441226386304519e-03,1.715884901151523700e-02,1.500930965440630191e-02,-1.193564919242826559e-02,1.435782291156404399e-02,-8.771704000053659944e-04,1.056894475002188513e-02,7.720934368989738764e-04
-2.478890277450385149e-02,-4.924034749251654736e-04,-8.003404774661141211e-03,1.724347049816881208e-02,1.484164273082904870e-02,-1.255124356207844641e-02,1.419779471312076699e-02,-9.593814443841544018e-04,1.107810151875553324e-02,9.243201096444498101e-05
-2.478648970139870483e-02,-5.602864064849179997e-04,-8.036431771054954390e-03,1.732389361105533127e-02,1.467513591387127093e-02,-1.315682633504421106e-02,1.403966743313052844e-02,-1.040442865876859508e-03,1.157609054532899619e-02,-5.766473430903041155e-04
-2.478415259404382134e-02,-6.259681413345094926e-04,-8.068502456980174153e-03,1.740020594446430036e-02,1.451026615471163669e-02,-1.375125504217361225e-02,1.388387476846334422e-02,-1.120127254127332951e-03,1.206213042664023780e-02,-1.234371666429077237e-03
-2.478189192547141165e-02,-6.894419284157934100e-04,-8.099608855938904284e-03,1.747254697776212673e-02,1.434753083848704786e-02,-1.433366218924158643e-02,1.373058852174490786e-02,-1.198564937629002271e-03,1.253573087369323769e-02,-1.879246569359075726e-03
-2.477970823420822671e-02,-7.507087908390844277e-04,-8.129736295671612448e-03,1.754101147813181064e-02,1.418739662568195038e-02,-1.490272818168195124e-02,1.358030972643324910e-02,-1.275477796290278194e-03,1.299594323907749850e-02,-2.510263014062481639e-03
-2.477760199221260007e-02,-8.097569436803249811e-04,-8.158876616311133007e-03,1.760570188468061487e-02,1.403019485666843168e-02,-1.545808702941522776e-02,1.343296304116367058e-02,-1.350694259817212823e-03,1.344276620600939193e-02,-3.126143242025032458e-03
-2.477557383962382745e-02,-8.665855440200409413e-04,-8.187012038329765165e-03,1.766670344666572412e-02,1.387653300922670613e-02,-1.599838086383251548e-02,1.328890451234543586e-02,-1.424077674854888707e-03,1.387511379933526953e-02,-3.725690819884363778e-03
-2.477362412487334187e-02,-9.211870421831542827e-04,-8.214137972296892132e-03,1.772414149260640587e-02,1.372667390550656903e-02,-1.652300546822334584e-02,1.314861030689134895e-02,-1.495979401350587676e-03,1.429281195074506502e-02,-4.308601969881893992e-03
-2.477175343082539671e-02,-9.735483313100479425e-04,-8.240233243398288956e-03,1.777807866500586906e-02,1.358064528149266655e-02,-1.703163295302166300e-02,1.301230487574057612e-02,-1.565602947779832187e-03,1.469624773822911061e-02,-4.874467989144699691e-03
-2.476996265600129102e-02,-1.023642343685573011e-03,-8.265276865705504031e-03,1.782869080830106270e-02,1.343886930276276537e-02,-1.752347988374380189e-02,1.288047478428892313e-02,-1.633469387563867958e-03,1.508498358359814349e-02,-5.422740346277468183e-03
-2.476825212633932197e-02,-1.071483388714320742e-03,-8.289261384727618712e-03,1.787601992229884140e-02,1.330221291398026549e-02,-1.799692807815732667e-02,1.275227680993533917e-02,-1.698473011053565872e-03,1.545692603210285787e-02,-5.948975937564145687e-03
-2.476662219049030264e-02,-1.117068605499739464e-03,-8.312183241437566886e-03,1.792022076632166991e-02,1.317116202719535376e-02,-1.845093709825286823e-02,1.262828147986851807e-02,-1.761166098709618594e-03,1.581142332128824407e-02,-6.452726391707443165e-03
-2.476507286951866102e-02,-1.160405466142831786e-03,-8.334038599455459440e-03,1.796126675121253319e-02,1.304551788171665755e-02,-1.888574268018441277e-02,1.250906568549557153e-02,-1.821180929204677763e-03,1.614967547612673748e-02,-6.935347485223600575e-03
-2.476360467976477728e-02,-1.201485834740132668e-03,-8.354822709532709960e-03,1.799921873297519528e-02,1.292603149449371089e-02,-1.930061389774008831e-02,1.239393206790209874e-02,-1.878241267183782589e-03,1.647049298311787160e-02,-7.394070001020242033e-03
-2.476221811077019413e-02,-1.240291632652444674e-03,-8.374509182017535192e-03,1.803424861632011919e-02,1.281230714320682335e-02,-1.969505317985787915e-02,1.228432563543943937e-02,-1.932591156493654620e-03,1.677481101113982923e-02,-7.831105667543683188e-03
-2.476091344093258803e-02,-1.276824511999209277e-03,-8.393099895616379022e-03,1.806642185184952412e-02,1.270505105863501717e-02,-2.006830442207723289e-02,1.217975034807446989e-02,-1.983969513518708382e-03,1.706123864896388204e-02,-8.243293855366788311e-03
-2.475969143293958383e-02,-1.311062314436540165e-03,-8.410568110515211776e-03,1.809578836980299532e-02,1.260435567980525487e-02,-2.041974062298654302e-02,1.208033907049261939e-02,-2.032275160432463375e-03,1.732986895594960594e-02,-8.631294158712676107e-03
-2.475855210912060456e-02,-1.343004788206695731e-03,-8.426918342213127883e-03,1.812239627410703810e-02,1.251035309717531130e-02,-2.074977004117826984e-02,1.198597987832415203e-02,-2.076978222147101653e-03,1.758105677661355587e-02,-8.993808491218786838e-03
-2.475749626415754343e-02,-1.372628477334681416e-03,-8.442114165141893778e-03,1.814650516712875555e-02,1.242297745067029273e-02,-2.105688503400491782e-02,1.189821599577195119e-02,-2.118957599720253365e-03,1.781462483494142615e-02,-9.332321602383451473e-03
-2.475652439497622037e-02,-1.399916353750925218e-03,-8.456151064148161034e-03,1.816815123249653288e-02,1.234281170892524010e-02,-2.134065311735912698e-02,1.181595624651406162e-02,-2.157313717319313436e-03,1.802902837434918956e-02,-9.642996993849014403e-03
-2.475563732382154644e-02,-1.424839244715679154e-03,-8.468992952556635839e-03,1.818750164124019117e-02,1.226948800044724321e-02,-2.160053435655871074e-02,1.174039638760650782e-02,-2.192522407756460675e-03,1.822506363097680174e-02,-9.927704554279525792e-03
-2.475483514212065833e-02,-1.447383909287464337e-03,-8.480645272048300751e-03,1.820446631403090793e-02,1.220305694951845030e-02,-2.183775223059932630e-02,1.167115409823869451e-02,-2.224388601646598313e-03,1.840376661052223542e-02,-1.018754250514086225e-02
-2.475411848899245620e-02,-1.467542528727028804e-03,-8.491078577210429620e-03,1.821928800244897867e-02,1.214394818826621675e-02,-2.204985437445570323e-02,1.160819738964676343e-02,-2.252877709035336004e-03,1.856247123964124487e-02,-1.041854949820698699e-02
-2.475348757176726658e-02,-1.485296576976213650e-03,-8.500285099918708509e-03,1.823220879437763980e-02,1.209194828355869208e-02,-2.223686703217144997e-02,1.155332079013752199e-02,-2.278406001968946021e-03,1.870251064888310902e-02,-1.062339579432289467e-02
-2.475294396593862717e-02,-1.500587664426324998e-03,-8.508217883440180596e-03,1.824306282650450806e-02,1.204697268729366597e-02,-2.239955740186817465e-02,1.150457324064096606e-02,-2.299900826066469690e-03,1.882432737134319412e-02,-1.080043258538781852e-02
-2.475248616488640030e-02,-1.513471711523535577e-03,-8.514929296628713853e-03,1.825184312836821213e-02,1.200932736790457853e-02,-2.253804352115603218e-02,1.146250232979588619e-02,-2.317452033328174649e-03,1.892760829591656410e-02,-1.094954320854857853e-02
-2.475211669842513826e-02,-1.523866682273599619e-03,-8.520319073770321605e-03,1.825918623793797158e-02,1.197924321065630890e-02,-2.264815950493674623e-02,1.142856173530413730e-02,-2.332140329527060928e-03,1.900903962147315260e-02,-1.106793043067670970e-02
-2.475183435937073836e-02,-1.531775324147053360e-03,-8.524442545948139258e-03,1.826453988716151070e-02,1.195589523045527749e-02,-2.273542135265698913e-02,1.140044317509164053e-02,-2.341620070888387594e-03,1.907328350061352970e-02,-1.115718980150855362e-02
-2.475164130865937367e-02,-1.537153983227694228e-03,-8.527205862161116312e-03,1.826876886838359193e-02,1.193994046810434653e-02,-2.279289746888717161e-02,1.138067636467575416e-02,-2.348004929051881757e-03,1.911404944088096469e-02,-1.121340666931901035e-02
-2.475153706568808745e-02,-1.539973094368493741e-03,-8.528627154510777866e-03,1.827146369600294792e-02,1.193048589073022678e-02,-2.282556446233627301e-02,1.137117329551956026e-02,-2.352327599329987959e-03,1.913831838827003556e-02,-1.124708927922781279e-02
-2.499278892300122248e-02,-2.093675774356081737e-02,2.334542337936676079e-02,1.486979509403857022e-02,-3.271804953771851546e-03,-6.144075495107173719e-03,-4.797926373007028317e-02,-5.368609380633967282e-02,1.044895653591519126e-02,-2.868970305450715269e-02
-2.499308985781815984e-02,-2.092941571152914446e-02,2.334647048271733943e-02,1.484449189271248339e-02,-3.269705202927132050e-03,-6.067074576173859049e-03,-4.795771219323047285e-02,-5.368313557281392118e-02,1.039846359655481785e-02,-2.864084815863946962e-02
-2.499379482122754403e-02,-2.091296734820407080e-02,2.335020370631202269e-02,1.478325562781894476e-02,-3.269059626752681812e-03,-5.880702470839101019e-03,-4.790935692893222991e-02,-5.368101947661874790e-02,1.025635238799361797e-02,-2.853886654401246656e-02
-2.499488943027185217e-02,-2.088698073081581008e-02,2.335526825518414659e-02,1.468924438805918088e-02,-3.264996291130346437e-03,-5.592508431313611070e-03,-4.783362249886866091e-02,-5.367388728497944628e-02,1.004876616005360816e-02,-2.838045275923581010e-02
-2.499638853073714653e-02,-2.085165078401627486e-02,2.336269790604003291e-02,1.455991547510501749e-02,-3.260953473420589652e-03,-5.199505852302239300e-03,-4.772890777335014184e-02,-5.366772226818828512e-02,9.757775010640233268e-03,-2.815742931572355265e-02
-2.499828194023722208e-02,-2.080672171863701472e-02,2.337166814466961479e-02,1.439717711405323272e-02,-3.254222515591596952e-03,-4.704284705894177729e-03,-4.759768015690556825e-02,-5.365795029248712766e-02,9.397471770408651059e-03,-2.787846963368617592e-02
-2.500058272440315588e-02,-2.075230876320286605e-02,2.338299667841182983e-02,1.419896754376555152e-02,-3.247638119299630678e-03,-4.104629862770979055e-03,-4.743853047413776336e-02,-5.364747198970713088e-02,8.954463312679338330e-03,-2.753622911067182127e-02
-2.500328288510319380e-02,-2.068815760733741863e-02,2.339601722669328379e-02,1.396682316888355445e-02,-3.238906464755432219e-03,-3.403571819428017828e-03,-4.725324142436443386e-02,-5.363305856158735035e-02,8.440490623027482181e-03,-2.713708301141493431e-02
-2.500639488568897478e-02,-2.061431689011909707e-02,2.341142104287473671e-02,1.369893559000425268e-02,-3.230547710592838757e-03,-2.599460184497748294e-03,-4.704137139307393994e-02,-5.361693426810976854e-02,7.844566008244839572e-03,-2.667457298758015710e-02
-2.500991289642337870e-02,-2.053052597632716234e-02,2.342867809100976015e-02,1.339649403957728600e-02,-3.220693396262397628e-03,-1.695329038199216987e-03,-4.680421634781990053e-02,-5.359615055502758851e-02,7.176324718248919959e-03,-2.615410592480285623e-02
-2.501384922460347590e-02,-2.043677294483690204e-02,2.344839523817868546e-02,1.305785391722025582e-02,-3.211637876026727546e-03,-6.899789290636791248e-04,-4.654205121497219377e-02,-5.357236172040386046e-02,6.426490398103190151e-03,-2.556980095191209792e-02
-2.501820003318303703e-02,-2.033277984580890083e-02,2.347014849531101760e-02,1.268391733569235874e-02,-3.201862882313933484e-03,4.133936459881441252e-04,-4.625596629181012026e-02,-5.354290821706477604e-02,5.603189676052841919e-03,-2.492638174415704941e-02
-2.502297772745455326e-02,-2.021847690100098127e-02,2.349448672996260271e-02,1.227314463063416961e-02,-3.193538301485323357e-03,1.615501011814649826e-03,-4.594676963322325003e-02,-5.350889950111775012e-02,4.698533579689925799e-03,-2.421862968382922088e-02
-2.502818037842656149e-02,-2.009356061067566965e-02,2.352107442158770170e-02,1.182619234588228388e-02,-3.185472661930434032e-03,2.912941877207273888e-03,-4.561549852853769016e-02,-5.346781854350832197e-02,3.719476000790497214e-03,-2.345050474666466461e-02
-2.503382074841683375e-02,-1.995790195363567054e-02,2.355042116019814835e-02,1.134158426238744861e-02,-3.179783883211753561e-03,4.305885530615713441e-03,-4.526346154281805922e-02,-5.342028181203695159e-02,2.659266341836824445e-03,-2.261741881417670894e-02
-2.503989879680487002e-02,-1.981116251996247607e-02,2.358226967284873798e-02,1.081975080248006801e-02,-3.175581726985818136e-03,5.790580094915415837e-03,-4.489180792524311708e-02,-5.336379776639077477e-02,1.524005086163986470e-03,-2.172265731852948689e-02
-2.504642793158738320e-02,-1.965315096641717316e-02,2.361710523360470090e-02,1.025923939868902089e-02,-3.174997527321307429e-03,7.366611095374384945e-03,-4.450227072222689290e-02,-5.329858326864286844e-02,3.079202673956556321e-04,-2.076232103859912762e-02
-2.505341000012217823e-02,-1.948348375623283266e-02,2.365474272430524369e-02,9.660283131168284979e-03,-3.177476783890736435e-03,9.029718152629281555e-03,-4.409618763634207128e-02,-5.322207732052158802e-02,-9.833843278995576739e-04,-1.973930487233063746e-02
-2.506085937045592071e-02,-1.930190091569923896e-02,2.369565701105197028e-02,9.021413436080536960e-03,-3.185225850896088260e-03,1.077879187632753769e-02,-4.367582649762889735e-02,-5.313403523364905456e-02,-2.354796586865018099e-03,-1.865021036864821305e-02
-2.506877986257034438e-02,-1.910796256518569949e-02,2.373973144409587469e-02,8.342671432745694601e-03,-3.198052822678072640e-03,1.260888950457535532e-02,-4.324276782300140454e-02,-5.303177225232445779e-02,-3.801020678997764704e-03,-1.749767184671490242e-02
-2.507718711559390329e-02,-1.890133076451630534e-02,2.378744444738925892e-02,7.622550362471259243e-03,-3.218344582722709214e-03,1.451803769444689682e-02,-4.279983066488012022e-02,-5.291457437101037414e-02,-5.325949854859484377e-03,-1.627899612278909530e-02
-2.508608709698418107e-02,-1.868149525627967392e-02,2.383874776655824784e-02,6.860896249340062494e-03,-3.246309052172554645e-03,1.650038049191064615e-02,-4.234900086805323816e-02,-5.277952368050357890e-02,-6.924336779947501234e-03,-1.499669114370278701e-02
-2.509549709579720830e-02,-1.844802665629377905e-02,2.389413726353124129e-02,6.056135256191835792e-03,-3.284632426511050873e-03,1.855284689507288517e-02,-4.189370609009407387e-02,-5.262541166011924787e-02,-8.598945483217995331e-03,-1.364897949684563960e-02
-2.510542549163519502e-02,-1.820032563976915763e-02,2.395363776149562682e-02,5.207916501487885874e-03,-3.334039312333248687e-03,2.066832204917226287e-02,-4.143643566481403084e-02,-5.244896985892823216e-02,-1.034418193690597905e-02,-1.223854280638058366e-02
-2.511589166853894425e-02,-1.793785370285114200e-02,2.401777687233376188e-02,4.314566332819529462e-03,-3.397642647279588198e-03,2.284233428524060430e-02,-4.098137145529159864e-02,-5.224840435388981852e-02,-1.216151445751515250e-02,-1.076465234948148497e-02
-2.512690679249142758e-02,-1.765989945545451412e-02,2.408666109298179120e-02,3.375524171809474606e-03,-3.476820288858676819e-03,2.506608989782189642e-02,-4.053165275076872631e-02,-5.201997953611737363e-02,-1.404455243727819290e-02,-9.230567562011099403e-03
-2.513849290689780872e-02,-1.736578939848105671e-02,2.416086747269679050e-02,2.388987613530737467e-03,-3.575320968567786192e-03,2.733321081395554200e-02,-4.009237246791608894e-02,-5.176124155676850580e-02,-1.599302091712406781e-02,-7.637099058865073030e-03
-2.515066450351281790e-02,-1.705466906199283594e-02,2.424059855553241730e-02,1.354165781570754352e-03,-3.695403486228947178e-03,2.963265113393855760e-02,-3.966744787188413585e-02,-5.146779620164272651e-02,-1.799911390478474427e-02,-5.988646099368018401e-03
-2.516344700651395455e-02,-1.672569445442741512e-02,2.432650171135132544e-02,2.690893584208497199e-04,-3.841740016797647213e-03,3.195546450903789110e-02,-3.926308375480720703e-02,-5.113642279134576751e-02,-2.006020024872537735e-02,-4.288215458156897572e-03
-2.517685900779093044e-02,-1.637782530068249837e-02,2.441889838530750256e-02,-8.672940769678436730e-04,-4.017791383529057195e-03,3.428746935931419743e-02,-3.888418991769202609e-02,-5.076185336607610260e-02,-2.216617940140647863e-02,-2.542227470928070179e-03
-2.519093024092582470e-02,-1.600999750993691365e-02,2.451853469047520634e-02,-2.057153092178533836e-03,-4.229581842606414815e-03,3.661614274171964833e-02,-3.853832931990707616e-02,-5.033992558413273588e-02,-2.431097025658385605e-02,-7.570823267122603947e-04
-2.520568450152262108e-02,-1.562092482029216363e-02,2.462588360185276326e-02,-3.301848765970242551e-03,-4.482295808612645448e-03,3.892295998304014931e-02,-3.823160773491875164e-02,-4.986423222922086590e-02,-2.648088939467685768e-02,1.057445454954257817e-03
-2.522115714030496655e-02,-1.520925109803451108e-02,2.474182941680628731e-02,-4.603797166662790090e-03,-4.783951700295743098e-03,4.119031559110979818e-02,-3.797323840349487584e-02,-4.932946554899619168e-02,-2.866479046686068108e-02,2.889709259409733565e-03
-2.523737871286807835e-02,-1.477335707152024544e-02,2.486704592023753282e-02,-5.964722441187833221e-03,-5.142256495796711409e-03,4.339346215370368243e-02,-3.777076222826235286e-02,-4.872773206079249186e-02,-3.084327309360414618e-02,4.724203532887795258e-03
-2.525439204849983313e-02,-1.431148828159087803e-02,2.500261308461057541e-02,-7.387346484484253427e-03,-5.568244235087158912e-03,4.550740796459828985e-02,-3.763531410077177591e-02,-4.805228555005808949e-02,-3.299750368384705285e-02,6.540917825248361225e-03
-2.527223667107153515e-02,-1.382156104885197585e-02,2.514947704313229629e-02,-8.873822847449201051e-03,-6.073437719036170121e-03,4.749824797713027291e-02,-3.757594198747737924e-02,-4.729316608188062487e-02,-3.509893433318967554e-02,8.314781539861182055e-03
-2.529096530483969374e-02,-1.330125622722250905e-02,2.530899282595118482e-02,-1.042722803633082569e-02,-6.673473960068493534e-03,4.932972545576898987e-02,-3.760539419850186110e-02,-4.644118882059458664e-02,-3.711646875061422324e-02,1.001224765240163982e-02
-2.531062820839504596e-02,-1.274780150630456903e-02,2.548244385417545999e-02,-1.205012136593035417e-02,-7.385473307169928420e-03,5.095310809916029499e-02,-3.773175904822466398e-02,-4.548099010075194737e-02,-3.900591412031795269e-02,1.159306054856402979e-02
-2.533128470843536151e-02,-1.215795530896926664e-02,2.567136573566255672e-02,-1.374549746794535322e-02,-8.230823009632324411e-03,5.231041642036299982e-02,-3.795886811936358823e-02,-4.438862312668191701e-02,-4.071320029001630758e-02,1.300691318544984487e-02
-2.535296752401320491e-02,-1.152744153251746353e-02,2.587640871354470254e-02,-1.551400933897569695e-02,-9.228855058733201680e-03,5.331137976610966084e-02,-3.825108488099992349e-02,-4.309388757824484523e-02,-4.215540376721474414e-02,1.421118805889529449e-02
-2.537560300419481468e-02,-1.084930893688103304e-02,2.609396994499819586e-02,-1.734808716866683906e-02,-1.038336121519173663e-02,5.378874932817740567e-02,-3.843803333801164984e-02,-4.136444353297588639e-02,-4.319093162490623278e-02,1.522054001374998321e-02
-2.539859615415002159e-02,-1.010560942896368899e-02,2.629774689020050737e-02,-1.920251000941205349e-02,-1.161829751663736275e-02,5.329976139303674310e-02,-3.784196491617890235e-02,-3.835270070700182166e-02,-4.348541964149765099e-02,1.632109749577953170e-02
-2.541925912730588766e-02,-9.227288224754099169e-03,2.635317151038467018e-02,-2.089259887611461669e-02,-1.259042736177040656e-02,5.052114000745624306e-02,-3.419196218553893774e-02,-3.117783384867998941e-02,-4.210073712358551601e-02,1.867830792374810048e-02
-2.542728735092725581e-02,-7.895085241883514557e-03,2.562258210328659941e-02,-2.181573752110955999e-02,-1.229361635406617248e-02,4.185693696286568732e-02,-2.147664564783549959e-02,-1.181704294162187925e-02,-3.644126799292275731e-02,2.544725752488710344e-02
-2.539190957233880205e-02,-4.597946802968338846e-03,2.129601988858360884e-02,-2.090898798457302768e-02,-9.330599441399663532e-03,2.281199408986317803e-02,6.644098875251335141e-03,2.857905857762844601e-02,-2.283135186312157047e-02,3.852177874526761109e-02
-2.528589809074673761e-02,6.498224042026086965e-03,3.866553788008886879e-03,-2.236349757672081648e-02,-9.299727195131630292e-03,2.402381026193594130e-02,3.198216196552724870e-03,1.141168865872265251e-02,-2.791803062925806919e-02,2.002642742750845514e-02
-2.528804506940369318e-02,7.897204582166491779e-03,2.686325522461803245e-03,-2.324781652678773597e-02,-1.093996715207920349e-02,1.915904078086685600e-02,3.098420083726563610e-03,1.151974185396014046e-02,-2.401260114289035380e-02,1.322962869194691839e-02
-2.529433171295464994e-02,8.286680528490580552e-03,2.761219694554661701e-03,-2.361188517248653460e-02,-1.294427498525745068e-02,1.426838330443928361e-02,2.451711819427611350e-03,1.228345115775606421e-02,-1.923288586054631988e-02,7.293208848505014323e-03
-2.529803878567971412e-02,8.487283760648391476e-03,2.862215731493304282e-03,-2.374528695772570169e-02,-1.461771959356561457e-02,1.054037065291442074e-02,2.197553272362321158e-03,1.262193866277992564e-02,-1.505357612579621279e-02,1.935618566937698237e-03
-2.530010564882295351e-02,8.605988953596786784e-03,2.927536443253130061e-03,-2.378818402455690553e-02,-1.586818499996123927e-02,7.953664213837020186e-03,2.300325512748872207e-03,1.266466888426468797e-02,-1.184004322526184365e-02,-2.467456874621256312e-03
-2.530128907491293808e-02,8.678389626782275282e-03,2.967796455686776483e-03,-2.379675613854057362e-02,-1.675699398130373399e-02,6.227470597539596503e-03,2.561598916889716929e-03,1.255997455709609474e-02,-9.529373083086769072e-03,-5.854378229512612400e-03
-2.530198570934343374e-02,8.723167999654359711e-03,2.992620696264731289e-03,-2.379297715833212160e-02,-1.737109459995974173e-02,5.094663473654036275e-03,2.848758502905351323e-03,1.240190969692305141e-02,-7.929075450848841605e-03,-8.350043781560803624e-03
-2.530240451476038072e-02,8.751138917720764285e-03,3.007991084982362083e-03,-2.378547749633694655e-02,-1.778805225787232630e-02,4.355787312197095286e-03,3.100271956502897216e-03,1.223947734685011841e-02,-6.845419193089355425e-03,-1.013756449632786764e-02
-2.530266019803035366e-02,8.768745171857258991e-03,3.017521343331814373e-03,-2.377756759286759128e-02,-1.806800371635869026e-02,3.873845097759385115e-03,3.296823903414716674e-03,1.209369883125011036e-02,-6.122598483387384737e-03,-1.139318877910873440e-02
-2.530281807488283727e-02,8.779893232291219665e-03,3.023408661977718733e-03,-2.377040118914024169e-02,-1.825456235172798897e-02,3.558022002392581019e-03,3.439175944960834452e-03,1.197057805836629525e-02,-5.646101607833626038e-03,-1.226327602614941427e-02
-2.530291633006377661e-02,8.786983145522024932e-03,3.027003072451872959e-03,-2.376423741750313331e-02,-1.837828238434081884e-02,3.349155745302779489e-03,3.535777375820967593e-03,1.186915258189741133e-02,-5.335433608753099681e-03,-1.286047683072930221e-02
-2.530297778416587193e-02,8.791505840651765019e-03,3.029142752554017225e-03,-2.375900223197856959e-02,-1.846007504217161282e-02,3.209026442790883192e-03,3.596641311486749835e-03,1.178582684913268355e-02,-5.135412108679754221e-03,-1.326778300369656563e-02
-2.530301629208860092e-02,8.794395305150111766e-03,3.030352631688968974e-03,-2.375451628275623492e-02,-1.851405671462604333e-02,3.113053721512480578e-03,3.630834459120195305e-03,1.171650789044291832e-02,-5.008758152308616547e-03,-1.354460143184525039e-02
-2.530304033980605369e-02,8.796238885557758694e-03,3.030963073052621044e-03,-2.375058504271729959e-02,-1.854966298685705589e-02,3.045513431739784675e-03,3.645813110749854084e-03,1.165738249257532860e-02,-4.930509972475688972e-03,-1.373290451892175343e-02
-2.530305534269341322e-02,8.797416692834457083e-03,3.031187528071880785e-03,-2.374706503407525079e-02,-1.857318368886008361e-02,2.996080966101918441e-03,3.646791101466698680e-03,1.160580371595689060e-02,-4.884067871672770171e-03,-1.386079528019864941e-02
-2.530306457588125946e-02,8.798164563927480045e-03,3.031158915428638218e-03,-2.374382008632765911e-02,-1.858876682064760158e-02,2.958335284762889355e-03,3.638013133687864435e-03,1.155932572120894723e-02,-4.858423755905056166e-03,-1.394837493280491093e-02
-2.530307013450780115e-02,8.798635138470263864e-03,3.030963294824183963e-03,-2.374075366045835453e-02,-1.859915285055170620e-02,2.928092369509924589e-03,3.622380173733175546e-03,1.151627608701528971e-02,-4.846303324481830883e-03,-1.400904550805448165e-02
-2.530307333966137426e-02,8.798925397478635918e-03,3.030655325217790352e-03,-2.373779794015228040e-02,-1.860612060200134490e-02,2.902689632634095247e-03,3.601886232726313371e-03,1.147546822150986683e-02,-4.842962905118637293e-03,-1.405170545251222328e-02
-2.530307505755372000e-02,8.799099574774191246e-03,3.030271208652101853e-03,-2.373490193628024700e-02,-1.861088216391066155e-02,2.880371062680310654e-03,3.577973874816380278e-03,1.143603966772095866e-02,-4.845167089870081045e-03,-1.408257324231948493e-02
-2.530307585741568832e-02,8.799200202405831756e-03,3.029834999988499904e-03,-2.373202866651593496e-02,-1.861425459084919617e-02,2.859971764012351862e-03,3.551668022386446442e-03,1.139735996515264804e-02,-4.850723359578098560e-03,-1.410595187180644673e-02
-2.530307607735337791e-02,8.799252472947723114e-03,3.029360877382954089e-03,-2.372915580378212597e-02,-1.861672548785451436e-02,2.840807623540054973e-03,3.523585416632312069e-03,1.135905309032009605e-02,-4.858314164228344327e-03,-1.412442162372577054e-02
-2.530307594716111122e-02,8.799273459589499954e-03,3.028858387730449034e-03,-2.372626685978838218e-02,-1.861863404007089648e-02,2.822422348710679468e-03,3.494177088112108108e-03,1.132084633196235764e-02,-4.867023487894051384e-03,-1.413980102832787696e-02
-2.530307561298127811e-02,8.799274252191112769e-03,3.028333830691307214e-03,-2.372334983939157482e-02,-1.862020063242695103e-02,2.804515355216509898e-03,3.463735740321863613e-03,1.128255813265262482e-02,-4.876226844817819865e-03,-1.415332107262725660e-02
-2.530307518365877001e-02,8.799262587179092210e-03,3.027791319328093211e-03,-2.372039952444858144e-02,-1.862157101401140658e-02,2.786887757260282303e-03,3.432435966403976114e-03,1.124410567858945623e-02,-4.885523523306069607e-03,-1.416570835885851663e-02
-2.530307471030770680e-02,8.799243085807267536e-03,3.027233068870108668e-03,-2.371740955663363681e-02,-1.862283738151948240e-02,2.769421887083561764e-03,3.400437199433901329e-03,1.120542928583416649e-02,-4.894630130845452169e-03,-1.417751271013109257e-02
-2.530307417879197607e-02,8.799218603536562017e-03,3.026659068763659383e-03,-2.371437187814465566e-02,-1.862404773798090329e-02,2.752040475128848460e-03,3.367931906953485627e-03,1.116652888635788834e-02,-4.903328263875034003e-03,-1.418908718558803753e-02
-2.530307341950185224e-02,8.799192985456184488e-03,3.026064708015072536e-03,-2.371127089200715868e-02,-1.862518921318654166e-02,2.734594562919080186e-03,3.335295534525536953e-03,1.112770357851307866e-02,-4.911386433328723822e-03,-1.420047803923715941e-02
-2.530307161422895926e-02,8.799177333949706470e-03,3.025426133137252855e-03,-2.370804770653571480e-02,-1.862607680955614964e-02,2.716560257313621607e-03,3.303740897282402781e-03,1.109029693771631207e-02,-4.918303720023017508e-03,-1.421092168559695557e-02
-2.530306518750048000e-02,8.799215102940597874e-03,3.024632296126077841e-03,-2.370444420002421407e-02,-1.862586430936427964e-02,2.695876787205038830e-03,3.278025895378750693e-03,1.105958349634649819e-02,-4.922429784738244739e-03,-1.421708165854954943e-02
-2.530303872903125542e-02,8.799496586496853220e-03,3.023171595075212909e-03,-2.369932154086071274e-02,-1.862103803702201688e-02,2.664202138396813170e-03,3.276612760428905535e-03,1.105614053034373843e-02,-4.917644085953286684e-03,-1.420588620796822167e-02
-2.530292578008413312e-02,8.800874884558187311e-03,3.018663944260482727e-03,-2.368767839870326852e-02,-1.859740908189499303e-02,2.588520421466660587e-03,3.369560888002322459e-03,1.115874404557666739e-02,-4.880998992560389889e-03,-1.412837482499009270e-02
-2.530243944938498010e-02,8.807214504787887546e-03,2.999909879555184584e-03,-2.364788523126825845e-02,-1.849944981959510820e-02,2.344235108682301942e-03,3.811904230044059830e-03,1.165791680712682972e-02,-4.728992674268914578e-03,-1.380960045536450999e-02
-2.530034624364444276e-02,8.836040252443113155e-03,2.913785538681732366e-03,-2.348913049614455295e-02,-1.812121652549710318e-02,1.501764991575237768e-03,5.457286285356326670e-03,1.354364704453708823e-02,-4.178256372576513028e-03,-1.268009889454929477e-02
-2.529143891010353015e-02,8.965631075159092439e-03,2.508752223497565451e-03,-2.285233828481970236e-02,-1.678598232719171607e-02,-1.150005719630689842e-03,1.065441602128310017e-02,1.957173028168851525e-02,-2.415763108366347171e-03,-9.296474746360347541e-03
-2.525505262799638412e-02,9.521406689050937455e-03,6.333994022067868492e-04,-2.050156307911117984e-02,-1.293038360169869970e-02,-7.192961318559390124e-03,2.229358374890105798e-02,3.270606528625600445e-02,1.618151792009497880e-03,-2.713335772640078965e-03
-2.513051663758292947e-02,1.147673298395998978e-02,-6.911151521326037821e-03,-1.380956930613114718e-02,-7.833555611655225459e-03,-7.721410731896451163e-03,2.003451190528915057e-02,2.186517694294136394e-02,-1.619458702783268969e-04,-7.533802174953493566e-03
-2.512463997168328314e-02,1.148439582867659403e-02,-7.121596742157086657e-03,-1.329375383873298948e-02,-7.426059483142040743e-03,-8.466861055802049618e-03,1.975887062775797537e-02,2.106069491804624452e-02,6.276207291012643463e-04,-7.896049108276353631e-03
-2.512124178390826371e-02,1.141130644138607826e-02,-7.120264104755471939e-03,-1.282817023606464338e-02,-7.059310634469910702e-03,-9.245275975523039799e-03,1.965072285211157815e-02,2.081476026191107082e-02,1.414454980602167060e-03,-8.345863552728720672e-03
-2.511749024071853117e-02,1.132127771081615011e-02,-7.119629547956666735e-03,-1.231302211380376835e-02,-6.624033504830902433e-03,-9.819202863008772916e-03,1.962916679946708973e-02,2.054115467502095824e-02,2.096128289950056640e-03,-8.729365903885021732e-03
-2.511352493899857846e-02,1.122137249267336941e-02,-7.123891824044371185e-03,-1.177648646353893214e-02,-6.128935525603034472e-03,-1.019440319171672875e-02,1.966610731562990627e-02,2.022347582066515506e-02,2.625562079641934228e-03,-8.948521856789579468e-03
-2.510943584142179621e-02,1.111492233968944775e-02,-7.131882596002363760e-03,-1.123194749703608844e-02,-5.587145747660470819e-03,-1.041376683930852164e-02,1.973391947309294236e-02,1.988511511115307814e-02,3.002689573549648973e-03,-8.995958416900470822e-03
-2.510526533131908836e-02,1.100387021341941128e-02,-7.142824561096235321e-03,-1.068451617748815766e-02,-5.010245482461020763e-03,-1.051679877942717813e-02,1.981339208192412632e-02,1.953902583311013103e-02,3.254576802382294631e-03,-8.888417586778354224e-03
-2.510103652699476051e-02,1.088935122517638993e-02,-7.156086154898407339e-03,-1.013661487461655145e-02,-4.407995277117491770e-03,-1.053105708267731283e-02,1.989637652617588792e-02,1.919368942189344715e-02,3.403637857404384192e-03,-8.649979598801597197e-03
-2.509676164423550043e-02,1.077206872064822088e-02,-7.171377878940832055e-03,-9.589123635556797906e-03,-3.787263834175479908e-03,-1.047518278952809870e-02,1.997890839613608582e-02,1.885196205148986434e-02,3.471237109808833314e-03,-8.301045476862219802e-03
-2.509244778671329210e-02,1.065246303646110414e-02,-7.188402728076417718e-03,-9.042768207172287645e-03,-3.153570866220151668e-03,-1.036078849619136849e-02,2.006055262632514685e-02,1.851482529652084125e-02,3.470875385827918661e-03,-7.860885228081615841e-03
-2.508809989805407814e-02,1.053083844053690453e-02,-7.207060152194027722e-03,-8.497744883216277675e-03,-2.510613967960445385e-03,-1.019677393035693484e-02,2.014144647354136272e-02,1.818219774466207916e-02,3.414721596572042970e-03,-7.343895664289153656e-03
-2.508372264756614234e-02,1.040739865925347993e-02,-7.227231050072529216e-03,-7.954302785118516975e-03,-1.861272253046830421e-03,-9.990222953079381032e-03,2.022262894929972854e-02,1.785474012952329922e-02,3.307736378723113123e-03,-6.762207452792970766e-03
-2.507931851542198609e-02,1.028230627260278383e-02,-7.248865275266041901e-03,-7.412604190720383651e-03,-1.207681541893196276e-03,-9.745899881141542251e-03,2.030465043924647647e-02,1.753208496697190519e-02,3.157652054112911142e-03,-6.124702017958587839e-03
-2.507488910823418155e-02,1.015568327395372644e-02,-7.271869510649977414e-03,-6.872952578730720345e-03,-5.516947931812494479e-04,-9.467176157425731195e-03,2.038747241818788039e-02,1.721333702609274818e-02,2.969823310149102922e-03,-5.439052328602988345e-03
-2.507043651320267630e-02,1.002762804803729313e-02,-7.296211889569682169e-03,-6.335628614967302175e-03,1.051435964843386534e-04,-9.154947450099032782e-03,2.047100636764450851e-02,1.689950039690914577e-02,2.747980704826258683e-03,-4.717113865916710939e-03
-2.506595537819905975e-02,9.898071715631831177e-03,-7.321455446833657031e-03,-5.800473127096182104e-03,7.645865729146814494e-04,-8.828359430592800164e-03,2.056227156659925365e-02,1.658003837176166492e-02,2.484918310103505397e-03,-3.940058768271573718e-03
-2.506142242105296319e-02,9.765899531006655074e-03,-7.346875435680916798e-03,-5.263865368218984334e-03,1.437918520438459741e-03,-8.495442876516360112e-03,2.065858801995174368e-02,1.623119010399061771e-02,2.180588237640470033e-03,-3.124566574500177094e-03
-2.505660104495784080e-02,9.621759656971420535e-03,-7.369065137584348592e-03,-4.681909549814376910e-03,2.191089466575047058e-03,-8.168276095662754116e-03,2.076943259390106114e-02,1.579783199720105266e-02,1.912408650537618122e-03,-2.681281423844611520e-03
-2.504890490799420097e-02,9.432676823849930198e-03,-7.336712885457118659e-03,-3.598787050267937809e-03,2.604043383895318208e-03,-9.466830731132878929e-03,2.237166090165858962e-02,1.526114824256252431e-02,3.534754072397724295e-03,-6.488096952776081609e-03
-2.504807509544816971e-02,9.377781237907211256e-03,-7.430405939398087266e-03,-3.715657965480166983e-03,3.269905710451666715e-03,-7.391705764647236304e-03,2.094248392745446871e-02,1.544695635887860172e-02,1.229087196202763689e-03,-7.078889543470756997e-04
-2.504328115920717926e-02,9.234894195382628915e-03,-7.467406478938145437e-03,-3.155523569046105731e-03,4.051025379892931981e-03,-6.840848825395606098e-03,2.103036323076733563e-02,1.503211677261556516e-02,1.007090735560875645e-03,2.337703661793212736e-04
-2.503771809546477892e-02,9.066427882047181988e-03,-7.504312162180548466e-03,-2.560872193585948114e-03,4.963551401053470889e-03,-6.539484931697026743e-03,2.114972512132466329e-02,1.451453518170632215e-02,5.539138897203282896e-04,1.521774881304491451e-03
-2.503445817574874790e-02,8.976313239682962367e-03,-7.530056721485164396e-03,-2.157913955974447625e-03,5.202096499676851782e-03,-6.009496439059529641e-03,2.115219121107306602e-02,1.457456978748425565e-02,3.343373342554361357e-04,1.903891846333089985e-03
-2.503001580297679884e-02,8.844598870736445143e-03,-7.559894564327256962e-03,-1.664926565616076928e-03,5.777302699298190319e-03,-5.624011420546463913e-03,2.121605784209474460e-02,1.432986132084405895e-02,-5.988403142942074327e-05,2.734958639449233155e-03
-2.502543927338980734e-02,8.708734475983786333e-03,-7.593519248414732324e-03,-1.163203437986574766e-03,6.378485323065398796e-03,-5.213594542004062506e-03,2.131913508856056808e-02,1.404625104187601572e-02,-4.426146230973488651e-04,3.670999141444745983e-03
-2.502084446994348385e-02,8.571561534076326677e-03,-7.629106687293001239e-03,-6.650984214422526585e-04,6.973419918045535223e-03,-4.767405576881916969e-03,2.141617126645643798e-02,1.377639995016457543e-02,-8.258487894792842588e-04,4.573738251585008838e-03
-2.501624118064529542e-02,8.433549418950241072e-03,-7.666056138094469972e-03,-1.715915483465450548e-04,7.560292263424246532e-03,-4.301047578206303700e-03,2.150837623973374593e-02,1.351340709281053168e-02,-1.208664592538765585e-03,5.458198741081363853e-03
-2.501162935863438311e-02,8.294968620028620246e-03,-7.703903536209095147e-03,3.169994426905164519e-04,8.138350656358012136e-03,-3.837001447137416109e-03,2.160211041664360579e-02,1.325103177788995203e-02,-1.592972990560442056e-03,6.346013893410045771e-03
-2.500701403152414196e-02,8.156005986188645529e-03,-7.742596676653938637e-03,8.002607740740658171e-04,8.705817470184978868e-03,-3.375489913159637496e-03,2.169518465420550157e-02,1.299353924935061841e-02,-1.975925894184325446e-03,7.224512750562595356e-03
-2.500239739324111241e-02,8.016789033067546824e-03,-7.782091074109537612e-03,1.278037887634109323e-03,9.261355411813000996e-03,-2.920422518055272934e-03,2.178686399481060895e-02,1.274009655632420135e-02,-2.352235304786014832e-03,8.089151248359122484e-03
-2.499778160433391641e-02,7.877419770004376320e-03,-7.822320160223661389e-03,1.750091153232252034e-03,9.804018540568467874e-03,-2.474100354975545830e-03,2.187710408927607403e-02,1.249153912454146684e-02,-2.719351371286587906e-03,8.935964229818030291e-03
-2.499316806955915321e-02,7.737986290902792823e-03,-7.863253560123155059e-03,2.216272239516664782e-03,1.033308499915331496e-02,-2.039066489899636452e-03,2.196517012546616437e-02,1.224705250574731341e-02,-3.074587624255956109e-03,9.762023793409145556e-03
-2.498855858419156070e-02,7.598561988740931347e-03,-7.904841235133922006e-03,2.676371221162396861e-03,1.084782035980510345e-02,-1.617160813830369496e-03,2.205137435749386643e-02,1.200740424028094895e-02,-3.416045887445479882e-03,1.056384911077675251e-02
-2.498395451776968743e-02,7.459220280260350430e-03,-7.947059111589488758e-03,3.130256437745904726e-03,1.134768833327910384e-02,-1.210601042745541433e-03,2.213512719292633560e-02,1.177207526145982765e-02,-3.741533473751276935e-03,1.133958424471568499e-02
-2.497935750965726148e-02,7.320028745085756239e-03,-7.989860918811840518e-03,3.577714666601479812e-03,1.183215216316940016e-02,-8.208907083211956519e-04,2.221640832119351969e-02,1.154176056429929466e-02,-4.049626261116623729e-03,1.208636664495051603e-02
-2.497476878183329391e-02,7.181055206464957534e-03,-8.033225534101485002e-03,4.018630989069642626e-03,1.230078415731561230e-02,-4.498698438728896830e-04,2.229460621525601940e-02,1.131578109446751412e-02,-4.338408264837664147e-03,1.280255944357447384e-02
-2.497018999300626430e-02,7.042362167034964780e-03,-8.077108710252004289e-03,4.452813272539630531e-03,1.275314646376179972e-02,-9.889924776728630494e-05,2.236977199883136147e-02,1.109489923246626854e-02,-4.606810176425042355e-03,1.348580128546462281e-02
-2.496562233607681550e-02,6.904015242513142706e-03,-8.121489022267306887e-03,4.880156140640096001e-03,1.318888600818704168e-02,2.304114800387300664e-04,2.244131147256358400e-02,1.087839084479950806e-02,-4.853082821916285781e-03,1.413458740699915020e-02
-2.496106723968118807e-02,6.766069160260969849e-03,-8.166326049731484349e-03,5.300482925999175365e-03,1.360772896176546884e-02,5.371353885605011569e-04,2.250906113866295646e-02,1.066696319534414343e-02,-5.076629412019965926e-03,1.474744795436416268e-02
-2.495652590486285155e-02,6.628587107847152236e-03,-8.211598602248583109e-03,5.713703718732134236e-03,1.400939222011791073e-02,8.198669002061090240e-04,2.257247497196647468e-02,1.045988043727048324e-02,-5.275899716670418883e-03,1.532310060234881241e-02
-2.495199992441381187e-02,6.491624249369954899e-03,-8.257265098055823621e-03,6.119665517729559572e-03,1.439362183352744899e-02,1.077628928261425804e-03,2.263161990064651088e-02,1.025787721886783563e-02,-5.450380870150790293e-03,1.585997040426534443e-02
-2.494749052289945215e-02,6.355237152298989084e-03,-8.303305142845733913e-03,6.518298810414087027e-03,1.476024510770216486e-02,1.309215022487713372e-03,2.268598990934346527e-02,1.006049052913987260e-02,-5.598928092761600028e-03,1.635772632059892540e-02
-2.494299913936364951e-02,6.219476672634844348e-03,-8.349679756455466451e-03,6.909472539233993231e-03,1.510910484543277234e-02,1.514006820371797436e-03,2.273568791618363338e-02,9.868168118386951362e-03,-5.721276690627989658e-03,1.681471405072439140e-02
-2.493852689756806060e-02,6.084397968464910766e-03,-8.396369126049334913e-03,7.293126712532631457e-03,1.544011690699800821e-02,1.691123830865903311e-03,2.278008151164003306e-02,9.680297105583754447e-03,-5.816492488543672894e-03,1.723079386282724140e-02
-2.493407526672879529e-02,5.950050713941236122e-03,-8.443334166820063227e-03,7.669147283591734587e-03,1.575319844636947214e-02,1.840049327297432497e-03,2.281919656802076229e-02,9.497441395578428217e-03,-5.884546129133532907e-03,1.760494583007139735e-02
-2.492964538710406089e-02,5.816485183597674101e-03,-8.490555311314099823e-03,8.037496661863950675e-03,1.604834355528913029e-02,1.960118138587217500e-03,2.285260042958600982e-02,9.319000085083564353e-03,-5.924761147900027038e-03,1.793721146439208533e-02
-2.492523867946541682e-02,5.683748535078759698e-03,-8.537994541515433328e-03,8.398085152672960657e-03,1.632553146552081016e-02,2.051021116955491826e-03,2.288031155679925988e-02,9.145526788405996046e-03,-5.937331364979149019e-03,1.822691694022699621e-02
-2.492085628449314944e-02,5.551889835510273770e-03,-8.585631451096373615e-03,8.750891122897437244e-03,1.658481647922519994e-02,2.112276814347913059e-03,2.290192378889763930e-02,8.976387738832976304e-03,-5.921724409720240979e-03,1.847426013498870354e-02
-2.491649954231109701e-02,5.420949565690552988e-03,-8.633431217734816726e-03,9.095846124542646474e-03,1.682631214807273415e-02,2.143895380864238847e-03,2.291749762829757217e-02,8.812062576672989589e-03,-5.878533865772227369e-03,1.867903887073013580e-02
-2.491216959036693032e-02,5.290975036158379954e-03,-8.681372736309214688e-03,9.432948271880131283e-03,1.705012106994041945e-02,2.145576736480937167e-03,2.292667313561494100e-02,8.651943495035896436e-03,-5.807403128365494493e-03,1.884166925112081351e-02
-2.490786780821568208e-02,5.162008375086173974e-03,-8.729419753047988964e-03,9.762147204884550830e-03,1.725637691520285136e-02,2.117395637282180366e-03,2.292954310429122164e-02,8.496459727408584364e-03,-5.708937066714502712e-03,1.896194628257944631e-02
-2.490359528945606041e-02,5.034091953186886279e-03,-8.777552382389940122e-03,1.008346046259758072e-02,1.744527346745988056e-02,2.059324184499296880e-03,2.292580236462591139e-02,8.345021563060722389e-03,-5.583090028597630095e-03,1.904070478944396710e-02
-2.489935339650998364e-02,4.907265629913950926e-03,-8.825735006471744498e-03,1.039685863588246315e-02,1.761700644292361895e-02,1.971607670436037203e-03,2.291558138161307184e-02,8.198032371060081161e-03,-5.430653699066756435e-03,1.907798331709120027e-02
-2.489514320585222915e-02,4.781570241245216256e-03,-8.873947279630412660e-03,1.070237483599201754e-02,1.777183017440866347e-02,1.854397781729886585e-03,2.289856589372531864e-02,8.054905913096004413e-03,-5.251747080464710601e-03,1.907485512195676580e-02
-2.489096602158499816e-02,4.657042201659447080e-03,-8.922155016214830883e-03,1.100000328115349237e-02,1.791000201015245999e-02,1.708166563739381893e-03,2.287499918950316666e-02,7.915910810482516130e-03,-5.047316946609660925e-03,1.903136333413963516e-02
-2.488682294216645885e-02,4.533720420456134950e-03,-8.970337278393126362e-03,1.128979219578557687e-02,1.803183331648580343e-02,1.533209710694378352e-03,2.284462708823413804e-02,7.780498425153947913e-03,-4.817656478757527568e-03,1.894885421558451313e-02
-2.488271529246263367e-02,4.411641046788947716e-03,-9.018458868505354470e-03,1.157176713982263974e-02,1.813762830698980796e-02,1.330171255757868877e-03,2.280767135538545182e-02,7.649025463892409130e-03,-4.563922343092221938e-03,1.882784668703882044e-02
-2.487864408705853583e-02,4.290839023462637500e-03,-9.066501266969017453e-03,1.184596830454214510e-02,1.822771491745782055e-02,1.099376976879609539e-03,2.276392450657330202e-02,7.520902553063640340e-03,-4.286351779785468712e-03,1.866949514887291869e-02
-2.487461065047288922e-02,4.171349680184423085e-03,-9.114429025661670986e-03,1.211243769957224409e-02,1.830245432407573078e-02,8.416053694556767080e-04,2.271365048592332084e-02,7.396394893130593499e-03,-3.986197390200440886e-03,1.847440721478922285e-02
-2.487061602309881964e-02,4.053205610187866209e-03,-9.162222687304535582e-03,1.237125540503661476e-02,1.836227693890114462e-02,5.575339358884401266e-04,2.265669369581513673e-02,7.274967440658945336e-03,-3.664141396280191487e-03,1.824432097486641813e-02
-2.486666148997577347e-02,3.936440078353367449e-03,-9.209848119196223717e-03,1.262246716730420180e-02,1.840755513407193317e-02,2.479593923332759631e-04,2.259334994075453198e-02,7.156878937934843705e-03,-3.321395013944527814e-03,1.797983800106429247e-02
-2.486274808216978882e-02,3.821085578163162418e-03,-9.257284303182783738e-03,1.286616663665970939e-02,1.843872709554997616e-02,-8.635298590006108279e-05,2.252353300164153943e-02,7.041563937458173404e-03,-2.958605952279662245e-03,1.768261345535508677e-02
-2.485887703939947471e-02,3.707172384778974206e-03,-9.304498334078769445e-03,1.310241612092671523e-02,1.845621448426295469e-02,-4.444574931600062573e-04,2.244758654929521202e-02,6.929244397472401548e-03,-2.577126600892995847e-03,1.735343485684995302e-02
-2.485504939830459128e-02,3.594731435804006912e-03,-9.351469592180732676e-03,1.333132273613384100e-02,1.846048725449537381e-02,-8.254918116299102271e-04,2.236544812298836907e-02,6.819402202382573823e-03,-2.177710125257617448e-03,1.699407877723427968e-02
-2.485126639773041143e-02,3.483791742910529940e-03,-9.398165416459594232e-03,1.355295814323968784e-02,1.845201139273607016e-02,-1.228433832781985644e-03,2.227745674752747845e-02,6.712292269557909759e-03,-1.761737258014803298e-03,1.660549724565607219e-02
-2.484752903773987040e-02,3.374382651529933292e-03,-9.444565109374761236e-03,1.376744144010112053e-02,1.843127140598151484e-02,-1.652334087382385493e-03,2.218360691005188609e-02,6.607356685938860393e-03,-1.330078760257855097e-03,1.618953456721018355e-02
-2.484383840876661434e-02,3.266532794865388296e-03,-9.490637515703774507e-03,1.397485109182619936e-02,1.839876939674880280e-02,-2.095949834437638940e-03,2.208412013757321546e-02,6.504609897436695876e-03,-8.841125293402946278e-04,1.574696119281912901e-02
-2.484019562106903542e-02,3.160268920562085693e-03,-9.536361150167283265e-03,1.417532055189987643e-02,1.835500622645394597e-02,-2.558372528199619189e-03,2.197918703683819988e-02,6.403735776792451352e-03,-4.246991567129125653e-04,1.527979656140222506e-02
-2.483660197234550601e-02,3.055614307321589951e-03,-9.581704236292801213e-03,1.436895243391421093e-02,1.830048342267003719e-02,-3.038548501166818405e-03,2.186935950895789807e-02,6.305231930170246933e-03,4.664850846570837148e-05,1.478949625271412313e-02
-2.483305831319072149e-02,2.952597564252251641e-03,-9.626646934355472321e-03,1.455587491017320580e-02,1.823574213656996637e-02,-3.535261246665555648e-03,2.175453118293712781e-02,6.208337743575920858e-03,5.291026112314374703e-04,1.427761253989555910e-02
-2.482956580065226113e-02,2.851243236561565308e-03,-9.671158307667151316e-03,1.473619047173350440e-02,1.816129880317117473e-02,-4.047298078566591989e-03,2.163510435597847809e-02,6.113301069373151125e-03,1.021217554215594686e-03,1.374533005269942473e-02
-2.482612537819622878e-02,2.751575893707422331e-03,-9.715218521974631344e-03,1.491004292957448865e-02,1.807770016141081390e-02,-4.573511153743913156e-03,2.151118875806242586e-02,6.019630171860624462e-03,1.522100900281626347e-03,1.319449253716552597e-02
-2.482273811042144326e-02,2.653619638520890531e-03,-9.758797473181483190e-03,1.507753765353445075e-02,1.798547955986934746e-02,-5.112593480493675575e-03,2.138310839590715912e-02,5.927455679334214626e-03,2.030338383526431555e-03,1.262624922220572342e-02
-2.481940492533855208e-02,2.557398025402339743e-03,-9.801875422544530439e-03,1.523882746505879002e-02,1.788520194634294833e-02,-5.663325882222314603e-03,2.125099049895949957e-02,5.836303703219422948e-03,2.544997590209528617e-03,1.204245790549998696e-02
-2.481612686935460305e-02,2.462931977199429683e-03,-9.844424056784734089e-03,1.539401417257602218e-02,1.777738180649779051e-02,-6.224503178609521424e-03,2.111522184847841252e-02,5.746419450880616703e-03,3.064789203561700537e-03,1.144423422797750250e-02
-2.481290489955555872e-02,2.370243442978757584e-03,-9.886423444195923185e-03,1.554325932564269534e-02,1.766258294249702099e-02,-6.794943777227812828e-03,2.097602591211988887e-02,5.657437845557320745e-03,3.588775022972105332e-03,1.083355756110026755e-02
-2.480974028256154040e-02,2.279349579221586885e-03,-9.927843461802067504e-03,1.568669504190727676e-02,1.754131055326836608e-02,-7.373584050116099506e-03,2.083417302594783166e-02,5.569999438464191995e-03,4.115581125413145247e-03,1.021201086031758333e-02
-2.480663385539854521e-02,2.190270662831575454e-03,-9.968666154199874382e-03,1.582447493917116602e-02,1.741413309475799143e-02,-7.959217919730270444e-03,2.068978983928252552e-02,5.483671814352058735e-03,4.644351878614870650e-03,9.581417480912707285e-03
-2.480358650171296184e-02,2.103027625781911034e-03,-1.000886434644007207e-02,1.595671145084871789e-02,1.728158396052595011e-02,-8.550413076037245708e-03,2.054313339394683857e-02,5.398474893730111079e-03,5.173836793780976946e-03,8.942707048092845071e-03
-2.480059902757643722e-02,2.017639370000350128e-03,-1.004842097817246725e-02,1.608355901067303959e-02,1.714422135609896050e-02,-9.145973971887929460e-03,2.039436519051948324e-02,5.314004996161647738e-03,5.703201522082507191e-03,8.297674173081828058e-03
-2.479767239717635408e-02,1.934123120298130230e-03,-1.008730894260293116e-02,1.620514092616278171e-02,1.700256130834626803e-02,-9.744621221957612198e-03,2.024392463533775458e-02,5.230546337055375777e-03,6.231251966508399506e-03,7.647478012888196675e-03
-2.479480740585930654e-02,1.852495809712383741e-03,-1.012551209582385030e-02,1.632161432533615203e-02,1.685714518582571986e-02,-1.034520943520356347e-02,2.009203523391217550e-02,5.147787620153336692e-03,6.757184894934785413e-03,6.993916294638326953e-03
-2.479200497705996015e-02,1.772772816144691259e-03,-1.016300442127249411e-02,1.643309948959742472e-02,1.670848540993367937e-02,-1.094646855512700426e-02,1.993918793852369684e-02,5.065964895220732671e-03,7.279873944121781695e-03,6.338039203859901355e-03
-2.478926583268477313e-02,1.694969809573712051e-03,-1.019977125945938090e-02,1.653974907673872591e-02,1.655712557957204206e-02,-1.154725111057226632e-02,1.978552228947788594e-02,4.984780808881750062e-03,7.798550603444059058e-03,5.681623325273843679e-03
-2.478659084614170949e-02,1.619100664898635118e-03,-1.023578770181446732e-02,1.664168252175661847e-02,1.640354712293624201e-02,-1.214633026721182937e-02,1.963152094089371663e-02,4.904525263184242485e-03,8.312178450655858045e-03,5.025690133770528700e-03
-2.478398071311983114e-02,1.545178691142649755e-03,-1.027104018437621433e-02,1.673905413214511056e-02,1.624827740076969021e-02,-1.274263434524290813e-02,1.947740528413156175e-02,4.824957579833396952e-03,8.820047420300564447e-03,4.371939244525749509e-03
-2.478143626653421527e-02,1.473215475497278862e-03,-1.030550519827783292e-02,1.683197783245580365e-02,1.609179138107959955e-02,-1.333496428259791332e-02,1.932367007295240219e-02,4.746384885224746129e-03,9.321175430425879954e-03,3.721411775931225945e-03
-2.477895812052032659e-02,1.403222832596146517e-03,-1.033917111319119370e-02,1.692060153195875521e-02,1.593458986483031053e-02,-1.392227967870572798e-02,1.917050114185707074e-02,4.668570327578815994e-03,9.814889247754773546e-03,3.075746966481439013e-03
-2.477654701092498607e-02,1.335211021589815432e-03,-1.037201599682723886e-02,1.700503033925419849e-02,1.577715001364527608e-02,-1.450337113076624433e-02,1.901830508064534381e-02,4.591745151125576838e-03,1.030032088837160714e-02,2.435777964431005624e-03
-2.477420346922142719e-02,1.269187904548938319e-03,-1.040403073924910625e-02,1.708541565375172253e-02,1.561995581379750468e-02,-1.507722562473869966e-02,1.886736787527056036e-02,4.515671879376605136e-03,1.077683602920656916e-02,1.803051666241664444e-03
-2.477192824751239114e-02,1.205163143924259427e-03,-1.043519414926435962e-02,1.716183922585780980e-02,1.546344504121267664e-02,-1.564284241199370359e-02,1.871801195306032478e-02,4.440766960599181433e-03,1.124368566685417931e-02,1.178493458772895183e-03
-2.476972182575827575e-02,1.143143731037867938e-03,-1.046549803967863207e-02,1.723445178481101264e-02,1.530808815010945532e-02,-1.619925303321166632e-02,1.857046497929060527e-02,4.366862546586120983e-03,1.170027761640624574e-02,5.637105272898630670e-04
-2.476758485679816935e-02,1.083135711936398767e-03,-1.049492364985062792e-02,1.730333144583788216e-02,1.515432065858200034e-02,-1.674539617900007438e-02,1.842514256903742334e-02,4.294209223864199100e-03,1.214588039251176220e-02,-4.063467055695199669e-05
-2.476551776783688860e-02,1.025145165266405905e-03,-1.052346442320401497e-02,1.736860874130929933e-02,1.500260087235268797e-02,-1.728048698912033193e-02,1.828218614674976747e-02,4.222647334301255460e-03,1.258006241619287827e-02,-6.331262628780037847e-04
-2.476352106119932700e-02,9.691712259422122135e-04,-1.055110612717378819e-02,1.743036799570902434e-02,1.485335284429340971e-02,-1.780331004797798544e-02,1.814207354348417248e-02,4.152479668309430084e-03,1.300194719016660970e-02,-1.212888060283554914e-03
-2.476159516081104933e-02,9.152245103206624278e-04,-1.057784210366423394e-02,1.748870612854619769e-02,1.470688599773663577e-02,-1.831353509705408583e-02,1.800472072247163297e-02,4.083817717183476671e-03,1.341154334510788644e-02,-1.778698991908889441e-03
-2.475974066060680073e-02,8.633058356294798664e-04,-1.060365529089515001e-02,1.754369874846397476e-02,1.456375030709048182e-02,-1.880990849488985497e-02,1.787047639523082349e-02,4.016832147748296798e-03,1.380785170098765800e-02,-2.329522975011686942e-03
-2.475795787205812767e-02,8.134221226167703128e-04,-1.062854225245381951e-02,1.759546346318461088e-02,1.442419031934020872e-02,-1.929189345285018189e-02,1.773975400439222957e-02,3.951164021072766860e-03,1.419073036633291922e-02,-2.865023762688964463e-03
-2.475624733994636131e-02,7.655853193784282681e-04,-1.065248276640621931e-02,1.764405532330410795e-02,1.428823159387151293e-02,-1.975916587121141418e-02,1.761278239635338458e-02,3.887580977489755226e-03,1.456051522723317108e-02,-3.384878454133456987e-03
-2.475460987097097623e-02,7.198198467820914005e-04,-1.067545869060099184e-02,1.768963787338227386e-02,1.415626853769222718e-02,-2.021102036979647437e-02,1.748997902515617153e-02,3.825574514231822043e-03,1.491680863222469115e-02,-3.888500660674243641e-03
-2.475304577822310531e-02,6.761128354201785453e-04,-1.069746216207323117e-02,1.773224766435985492e-02,1.402908514923313817e-02,-2.064596064544131637e-02,1.737060921645948441e-02,3.766186769122940609e-03,1.525770267674451258e-02,-4.371925608180969591e-03
-2.475155536739512274e-02,6.344668461017195912e-04,-1.071849088412163420e-02,1.777202884213584938e-02,1.390712907066016073e-02,-2.106306082911033745e-02,1.725517206802483841e-02,3.708879432442959475e-03,1.558261725102496123e-02,-4.834680370484840777e-03
-2.475013867437941134e-02,5.948750299265112736e-04,-1.073854036713184530e-02,1.780895423637846378e-02,1.379022123650106187e-02,-2.146250425778634466e-02,1.714420540277409449e-02,3.654033734598404783e-03,1.589262727414923748e-02,-5.278032664793703803e-03
-2.474879615638673341e-02,5.573449132907917162e-04,-1.075760717100829496e-02,1.784308395875982070e-02,1.367904478550715022e-02,-2.184365140969048852e-02,1.703707405034696545e-02,3.601854348538641778e-03,1.618667304053705500e-02,-5.699439422333652146e-03
-2.474752827537075178e-02,5.218927267620478237e-04,-1.077566634525803542e-02,1.787457069810247448e-02,1.357324362691341400e-02,-2.220601361979887209e-02,1.693509574191518277e-02,3.552170439932523897e-03,1.646558422880794667e-02,-6.100922701340345117e-03
-2.474633527348531550e-02,4.885172530144463610e-04,-1.079272043114957655e-02,1.790347873010940741e-02,1.347346320140724828e-02,-2.254893044447811926e-02,1.683781622498931388e-02,3.505174171987325213e-03,1.672810904866298826e-02,-6.479581474701936496e-03
-2.474521786097620690e-02,4.572384176014345544e-04,-1.080874411928096392e-02,1.792985028130590977e-02,1.337978425599153746e-02,-2.287179696431722309e-02,1.674536503223458817e-02,3.461006118462354487e-03,1.697432743661378418e-02,-6.836039312781359324e-03
-2.474417604481138344e-02,4.280567188053466341e-04,-1.082374239967627376e-02,1.795373420140903425e-02,1.329233473507869176e-02,-2.317501036177717008e-02,1.665764139751983383e-02,3.420100776679367224e-03,1.720456196241235136e-02,-7.169087435514494462e-03
-2.474321057097413415e-02,4.009933334301325042e-04,-1.083768104887940752e-02,1.797536257558491821e-02,1.321105137530875773e-02,-2.345715955696659957e-02,1.657604565757270221e-02,3.381709518043147112e-03,1.741864801252344247e-02,-7.480085423049791411e-03
-2.474232187166908875e-02,3.760640703913660315e-04,-1.085055691478488404e-02,1.799477456502928535e-02,1.313647082071922254e-02,-2.371788424830939199e-02,1.649959642751143429e-02,3.346604759914474647e-03,1.761517707063449747e-02,-7.765523381498227844e-03
-2.474151072316227440e-02,3.532952408138786559e-04,-1.086233596022866989e-02,1.801211731935006138e-02,1.306825249217957209e-02,-2.395665018761375734e-02,1.642937504766436851e-02,3.314395765679269048e-03,1.779488439878734729e-02,-8.027126196195848509e-03
-2.474077718009554117e-02,3.326991497485073165e-04,-1.087302439243176960e-02,1.802731531253389322e-02,1.300645600717519577e-02,-2.417460374539141116e-02,1.636503907434219349e-02,3.285226243866136518e-03,1.795868102213854164e-02,-8.265838603087109077e-03
-2.474012186240722236e-02,3.142827659762730073e-04,-1.088259380093584659e-02,1.804058493480966210e-02,1.295145592808094430e-02,-2.436946721037557689e-02,1.630656382198173229e-02,3.259154529804707268e-03,1.810417931952261819e-02,-8.478113918169789126e-03
-2.473954492365230962e-02,2.980634891633065901e-04,-1.089103870098558947e-02,1.805215196077488218e-02,1.290307909844518215e-02,-2.454131492634274714e-02,1.625557667395284914e-02,3.235784193319032453e-03,1.823255084331324924e-02,-8.666321280011169900e-03
-2.473904783900100768e-02,2.840935687073218685e-04,-1.089831459550790090e-02,1.806186051509482346e-02,1.286123031307062105e-02,-2.469077539583548059e-02,1.621030394577820458e-02,3.216111329036341806e-03,1.834423353284647673e-02,-8.828981935141300835e-03
-2.473862919557309747e-02,2.723234562090931683e-04,-1.090447087213166494e-02,1.806971410057971184e-02,1.282621124948686922e-02,-2.481801128182807570e-02,1.617126235609976648e-02,3.200027600015086481e-03,1.843888899462419947e-02,-8.965976706737169288e-03
-2.473829135193473736e-02,2.628264987560349200e-04,-1.090941408362636721e-02,1.807627811224766026e-02,1.279820044762505077e-02,-2.491919178520876979e-02,1.613973590528916535e-02,3.186591374575584862e-03,1.851358200895692266e-02,-9.074761401541169004e-03
-2.473803313711539151e-02,2.556016436072701208e-04,-1.091319755701067318e-02,1.808106948467860797e-02,1.277648997433826657e-02,-2.499936513131197774e-02,1.611367644483547093e-02,3.177876540022787823e-03,1.857245098185624291e-02,-9.156776137890716358e-03
-2.473785665042670112e-02,2.506872329478822639e-04,-1.091573060308576211e-02,1.808485494175061589e-02,1.276162681222632947e-02,-2.505214456877496651e-02,1.609534688072121120e-02,3.172042217472377697e-03,1.860982589033433748e-02,-9.208492117679410033e-03
-2.473776128488724968e-02,2.481130944820116794e-04,-1.091703771450637170e-02,1.808728509886700642e-02,1.275287316004608019e-02,-2.508216009385289338e-02,1.608651939522962385e-02,3.168016852751431162e-03,1.863210115536165917e-02,-9.239278960980517458e-03
-2.508763732345685796e-02,-2.841578497056779923e-02,3.684811592753130943e-02,1.345090807433984084e-02,-2.122296023322330690e-03,-5.775195632219715276e-03,-4.243617968096723841e-02,-4.963736082741621730e-02,1.263768587300521419e-02,-2.697330550803428775e-02
-2.508793939683300750e-02,-2.840843560651608660e-02,3.684919168824772606e-02,1.342550472167566497e-02,-2.120110629919563262e-03,-5.697647396717269407e-03,-4.241446292693026171e-02,-4.963467515537833136e-02,1.258656682988202116e-02,-2.692452398399259803e-02
-2.508864239103668001e-02,-2.839203225429446850e-02,3.685289489627059656e-02,1.336454573565153299e-02,-2.118982052443000620e-03,-5.511561526196023277e-03,-4.236581978382723129e-02,-4.963283251059417284e-02,1.244525970282782217e-02,-2.682270739213566541e-02
-2.508973458450040189e-02,-2.836613470672833676e-02,3.685797101281948485e-02,1.327083580432986132e-02,-2.114378987930249417e-03,-5.223520597255395907e-03,-4.228969429386056356e-02,-4.962648159836621081e-02,1.223786938438815169e-02,-2.666456970919681840e-02
-2.509122979410164170e-02,-2.833091657419202838e-02,3.686537530786383049e-02,1.314201723042810258e-02,-2.109457122152405724e-03,-4.830873397590517218e-03,-4.218448481232071196e-02,-4.962109133256572407e-02,1.194783488366160315e-02,-2.644225406515171919e-02
-2.509311877933117704e-02,-2.828613769868472752e-02,3.687434780093123282e-02,1.297984231390229490e-02,-2.101733849015346902e-03,-4.335968475060940179e-03,-4.205258723159956830e-02,-4.961250371102694789e-02,1.158817487963754653e-02,-2.616389746949202705e-02
-2.509541373213704241e-02,-2.823189948413916753e-02,3.688564817264135959e-02,1.278239090680048130e-02,-2.093833634514929987e-03,-3.736818927537230006e-03,-4.189265091913881023e-02,-4.960329726942900447e-02,1.114644904295205262e-02,-2.582262790571585379e-02
-2.509810746136614812e-02,-2.816796068763056590e-02,3.689866269927825904e-02,1.255107083908727286e-02,-2.083654703309808284e-03,-3.036225864531234397e-03,-4.170642217480628050e-02,-4.959052819475812807e-02,1.063352766848748784e-02,-2.542439635803848963e-02
-2.510121166342259985e-02,-2.809435866729609668e-02,3.691403469564491502e-02,1.228419269840478299e-02,-2.073535040954708857e-03,-2.232744804476344096e-03,-4.149347068254423399e-02,-4.957616288079465944e-02,1.003920730713155594e-02,-2.496313714666810804e-02
-2.510472121234658127e-02,-2.801084380728974255e-02,3.693127767452480253e-02,1.198283822472879200e-02,-2.061770074338200621e-03,-1.329204266269157610e-03,-4.125509440850569365e-02,-4.955749643328674625e-02,9.372402739356966439e-03,-2.444388368912592951e-02
-2.510864773372218500e-02,-2.791739486911501769e-02,3.695095811932766483e-02,1.164546419050401134e-02,-2.050495057790355669e-03,-3.245895017579099795e-04,-4.099154825883031400e-02,-4.953596576143122487e-02,8.624493505242279007e-03,-2.386110404557916301e-02
-2.511298801196436628e-02,-2.781374346795560323e-02,3.697268897547442701e-02,1.127288122228154235e-02,-2.038334112220084073e-03,7.780942354606398175e-04,-4.070394690624105222e-02,-4.950911752224103346e-02,7.802995282213140947e-03,-2.321918796191591722e-02
-2.511775384038188175e-02,-2.769981202155147315e-02,3.699698441814052580e-02,1.086363752370770631e-02,-2.027315147651977036e-03,1.979392379839510496e-03,-4.039305987472780607e-02,-4.947787911520333537e-02,6.900574964806891094e-03,-2.251322001319898750e-02
-2.512294384239311881e-02,-2.757530548843327781e-02,3.702354072399868801e-02,1.041831076449400810e-02,-2.016371694164564247e-03,3.276081730486581078e-03,-4.005996320251506426e-02,-4.943991059909454144e-02,5.923662179976722439e-03,-2.174687104845869981e-02
-2.512857022546324468e-02,-2.744008829515588374e-02,3.705283726730609212e-02,9.935501801762301743e-03,-2.007492906018315971e-03,4.668180603491093109e-03,-3.970591387046012999e-02,-4.939567402195838702e-02,4.865982840189845247e-03,-2.091581054740856288e-02
-2.513463344343262046e-02,-2.729382967171817276e-02,3.708464442644744674e-02,9.415572593771430118e-03,-1.999899688850872471e-03,6.152106836618410034e-03,-3.933210720951231532e-02,-4.934283389315329699e-02,3.733180531767308578e-03,-2.002307750394627037e-02
-2.514114639453761749e-02,-2.713633274485610994e-02,3.711942086790562950e-02,8.857139257840049643e-03,-1.995605172841982168e-03,7.727306643977497821e-03,-3.894021780668079080e-02,-4.928147206675630859e-02,2.519897871059876247e-03,-1.906498762447813439e-02
-2.514811137384231551e-02,-2.696722103391151551e-02,3.715700572697921283e-02,8.260374319371840621e-03,-1.994153126622784985e-03,9.389685183310170907e-03,-3.853163540875797349e-02,-4.920916760890937242e-02,1.231330910012613323e-03,-1.804421933679400264e-02
-2.515554227361687170e-02,-2.678622991983503968e-02,3.719785015887840801e-02,7.623871654170981220e-03,-1.997640700325796666e-03,1.113800350178759807e-02,-3.810855980605960813e-02,-4.912555923163176852e-02,-1.370428201155181466e-04,-1.695755983244258067e-02
-2.516344332306101605e-02,-2.659292615838590793e-02,3.724185900522896525e-02,6.947618431966727168e-03,-2.005963280799463039e-03,1.296748266668628496e-02,-3.767263043864046285e-02,-4.902808792256134474e-02,-1.580293168993904566e-03,-1.580745262868943693e-02
-2.517182971166753019e-02,-2.638696796175454481e-02,3.728948926971168559e-02,6.230165022900452550e-03,-2.021404379057663379e-03,1.487602875399171576e-02,-3.722659130549668682e-02,-4.891593823615819625e-02,-3.101993976338440588e-03,-1.459135652316702683e-02
-2.518070778349928290e-02,-2.616785143217218237e-02,3.734071192238370279e-02,5.471309314452659812e-03,-2.044250653044039912e-03,1.685795038173186836e-02,-3.677248983627106477e-02,-4.878630790932825256e-02,-4.697227602409894537e-03,-1.331161630482847504e-02
-2.519009439691275928e-02,-2.593514407944364636e-02,3.739600323964668155e-02,4.669530345142568900e-03,-2.077088603925413956e-03,1.891006385997332645e-02,-3.631367353750417082e-02,-4.863789862988319307e-02,-6.368478932026937732e-03,-1.196657126498469961e-02
-2.519999828015209720e-02,-2.568825284084930508e-02,3.745540531996847944e-02,3.824433904934542577e-03,-2.120712716848004425e-03,2.102542416565080646e-02,-3.585269639171700939e-02,-4.846755045294023900e-02,-8.110458008021254744e-03,-1.055876167322696707e-02
-2.521043839939025172e-02,-2.542663679695498016e-02,3.751942770500377167e-02,2.934395992004055088e-03,-2.178139137065692073e-03,2.319945323741465226e-02,-3.539365341022122913e-02,-4.827339032738033747e-02,-9.924386524238718726e-03,-9.087546268660304238e-03
-2.522142624487712370e-02,-2.514959084809320622e-02,3.758819245108240698e-02,1.998816931210757424e-03,-2.250807191904798544e-03,2.542353511816548839e-02,-3.493975180446510370e-02,-4.805178594984328699e-02,-1.180415954205605265e-02,-7.556059644209807413e-03
-2.523298344921677538e-02,-2.485643982052835113e-02,3.766225977301862482e-02,1.015941292991015803e-03,-2.342369696422882432e-03,2.769119407336353283e-02,-3.449598963698827236e-02,-4.780021214253303563e-02,-1.374928740173082288e-02,-5.965167044451756030e-03
-2.524512480605114670e-02,-2.454633568750062486e-02,3.774184618426204563e-02,-1.505702130081872064e-05,-2.455138109050805217e-03,2.999157218540269426e-02,-3.406635723754524586e-02,-4.751437719654074548e-02,-1.575223746126080265e-02,-4.319156797576090452e-03
-2.525787533108419386e-02,-2.421843360082437738e-02,3.782758330427611615e-02,-1.096102435885212530e-03,-2.593687669562335166e-03,3.231563472527646669e-02,-3.365695496573058859e-02,-4.719099369962966029e-02,-1.781019416060049265e-02,-2.621055757994933486e-03
-2.527125389503270120e-02,-2.387170004076443267e-02,3.791980494361544413e-02,-2.228278735694186330e-03,-2.761522782169271387e-03,3.464940394624077546e-02,-3.327277091025544753e-02,-4.682489879928260212e-02,-1.991332338184888598e-02,-8.771838624891738516e-04
-2.528528982260764418e-02,-2.350507099095108451e-02,3.801924242615689620e-02,-3.413711765171894858e-03,-2.964567457948977334e-03,3.698028093687310419e-02,-3.292125218022296657e-02,-4.641186610680139712e-02,-2.205539539403394284e-02,9.060829020971797277e-04
-2.530000716199639482e-02,-2.311726745243691816e-02,3.812637942281671410e-02,-4.653789674171557311e-03,-3.208038621762184135e-03,3.928996420319499222e-02,-3.260859034910846416e-02,-4.594559966948134205e-02,-2.422299027940578997e-02,2.719060405782845833e-03
-2.531544085110406725e-02,-2.270693449808974460e-02,3.824208631866662239e-02,-5.950887854422927566e-03,-3.499848780585006636e-03,4.156078988604312158e-02,-3.234386853497230735e-02,-4.542072722118253858e-02,-2.640485303031307740e-02,4.550180227445814810e-03
-2.533162166748348029e-02,-2.227246086693746713e-02,3.836704572387056311e-02,-7.306752954458599521e-03,-3.847723792644740584e-03,4.376826016116547313e-02,-3.213472234153796903e-02,-4.482947692949855456e-02,-2.858185432704385062e-02,6.384025751454310872e-03
-2.534859201787797653e-02,-2.181209471699287542e-02,3.850232446727173963e-02,-8.724068041807905849e-03,-4.262582267369243935e-03,4.588734857239322451e-02,-3.199213776066629072e-02,-4.416503167250814682e-02,-3.073509803683327143e-02,8.200735159249579465e-03
-2.536639160579806651e-02,-2.132376141231997341e-02,3.864887523471929875e-02,-1.020500376208832889e-02,-4.755946437125509012e-03,4.788443189591505555e-02,-3.192526175720451775e-02,-4.341755977935789906e-02,-3.283632374541321786e-02,9.975335403200802711e-03
-2.538507269259301577e-02,-2.080514594944878407e-02,3.880803980583979323e-02,-1.175259798807638464e-02,-5.343317774548107281e-03,4.972323930471676118e-02,-3.194663582757350379e-02,-4.257775625014368487e-02,-3.485442167878811948e-02,1.167454614297455326e-02
-2.540468555741843062e-02,-2.025348516296618731e-02,3.898110213465950935e-02,-1.336941365600682018e-02,-6.041766546421510099e-03,5.135530467036510116e-02,-3.206431481408519857e-02,-4.163023655063224221e-02,-3.674547668655937793e-02,1.325832279520061663e-02
-2.542528853812139888e-02,-1.966553676946705687e-02,3.916956761829629846e-02,-1.505837338916649407e-02,-6.872419139094010886e-03,5.272241839915096234e-02,-3.228130573220068522e-02,-4.055023374513660323e-02,-3.845529884570812046e-02,1.467710577834453398e-02
-2.544691215593316083e-02,-1.903700078867122045e-02,3.937400179935448413e-02,-1.681997820853032774e-02,-7.854125610298856586e-03,5.373357269573922346e-02,-3.255970848223117137e-02,-3.926491194159588416e-02,-3.990059769335215639e-02,1.588985928084467661e-02
-2.546947268045553214e-02,-1.836075470989953148e-02,3.959037964639263579e-02,-1.864598797294379773e-02,-8.988964515444418379e-03,5.421739786693022950e-02,-3.272048268998532100e-02,-3.753167352971776421e-02,-4.093715525870489369e-02,1.691651673275335055e-02
-2.549233676600666521e-02,-1.761796212585844956e-02,3.979046134858976042e-02,-2.048890814252680992e-02,-1.019596844607549395e-02,5.371773239968290203e-02,-3.206046287922979798e-02,-3.447142091358828403e-02,-4.122186426115453245e-02,1.805671034033147493e-02
-2.551267298118837373e-02,-1.673485485958060501e-02,3.983032466833949514e-02,-2.215780415704886666e-02,-1.111995643591355901e-02,5.087887624883840471e-02,-2.825568359833821597e-02,-2.713733253560603187e-02,-3.979482611126401725e-02,2.049604007370545503e-02
-2.551964055263500342e-02,-1.536189050222050087e-02,3.901754378134129203e-02,-2.304381566841395140e-02,-1.074250719245895165e-02,4.210450892236172055e-02,-1.532350446860776365e-02,-7.587388017379872313e-03,-3.407533435346950940e-02,2.730336150331426695e-02
-2.547845479414906009e-02,-1.165106637838220216e-02,3.394753974155437226e-02,-2.209458387240125984e-02,-7.739281571309643455e-03,2.325826961757574210e-02,1.226461373624352681e-02,3.162847941149326408e-02,-2.091967839971606985e-02,3.963202801177906354e-02
-2.529390239998544065e-02,5.973554329230800451e-03,4.800402204780012880e-03,-2.248865146549431163e-02,-9.465001346343863975e-03,2.447733717714166771e-02,2.623927145624050869e-03,1.094313156761102766e-02,-2.788556066204578993e-02,2.008864112259288112e-02
-2.528858208490432705e-02,7.857987711514946225e-03,2.747458302120824383e-03,-2.324933909917153985e-02,-1.096970378506089035e-02,1.921926976961062933e-02,2.994370467178012526e-03,1.144165193206929214e-02,-2.401669693242389908e-02,1.323387587813410621e-02
-2.529431671119420147e-02,8.281749738213956685e-03,2.764148102972473989e-03,-2.360815047363770333e-02,-1.294035221008487876e-02,1.429531206522411182e-02,2.449744301918559825e-03,1.226761334994289250e-02,-1.924631311916129989e-02,7.303322247723262155e-03
-2.529800950704362561e-02,8.485617359488563036e-03,2.861690254163673248e-03,-2.374352102605367665e-02,-1.460992681247607651e-02,1.056265368635630510e-02,2.203568637671780329e-03,1.261577141330398957e-02,-1.507228134054718928e-02,1.953453799889671386e-03
-2.530008870083348682e-02,8.605090880983171098e-03,2.927061977927207861e-03,-2.378749396329842697e-02,-1.586137292540337404e-02,7.970367037758495019e-03,2.303376976670020240e-03,1.266194268556090213e-02,-1.185753272634410861e-02,-2.448384351349405363e-03
-2.530127967362201177e-02,8.677858031018025053e-03,2.967496477649730121e-03,-2.379650650740600809e-02,-1.675182505150311918e-02,6.239055981033015535e-03,2.562162840477339408e-03,1.255911908722242600e-02,-9.543224746813605205e-03,-5.837681799698448901e-03
-2.530198034738037963e-02,8.722845373208987924e-03,2.992434969703629440e-03,-2.379290090232906094e-02,-1.736740282232565255e-02,5.102424956991738828e-03,2.848113080757835522e-03,1.240201999462237949e-02,-7.939228954443855110e-03,-8.336854778725959897e-03
-2.530240136648027535e-02,8.750940238088915357e-03,3.007874696492177091e-03,-2.378546732466853622e-02,-1.778550287092310611e-02,4.360925264582652533e-03,3.099218725574896111e-03,1.224001156540151236e-02,-6.852588416428747123e-03,-1.012775784001529109e-02
-2.530265830509880950e-02,8.768621335864690974e-03,3.017447023168443650e-03,-2.377758050368080842e-02,-1.806627661553614900e-02,3.877250719359567627e-03,3.295745220965479953e-03,1.209436648696580498e-02,-6.127577247274398377e-03,-1.138618820694866154e-02
-2.530281690970508091e-02,8.779815050698920598e-03,3.023360043002375208e-03,-2.377041875413363897e-02,-1.825340627788421197e-02,3.560308180559199846e-03,3.438219653322203365e-03,1.197124775632515091e-02,-5.649546377355048332e-03,-1.225842073672639768e-02
-2.530291559572233825e-02,8.786933023368593762e-03,3.026970258832168293e-03,-2.376425330633677446e-02,-1.837750908236500044e-02,3.350727764190879806e-03,3.534968437041387766e-03,1.186977593020174977e-02,-5.337836034080292724e-03,-1.285718439175678567e-02
-2.530297730742208512e-02,8.791472985654101568e-03,3.029119680351955585e-03,-2.375901459152351611e-02,-1.845955125505948508e-02,3.210148546945193037e-03,3.595956019764713716e-03,1.178639716129085101e-02,-5.137121516282075820e-03,-1.326558663365002937e-02
-2.530301597063184041e-02,8.794373051352987261e-03,3.030335563582736355e-03,-2.375452544591938678e-02,-1.851368892468756300e-02,3.113895031022073136e-03,3.630228727071320351e-03,1.171703855382252857e-02,-5.010016294249424254e-03,-1.354314253972707487e-02
-2.530304011604099165e-02,8.796223263814396259e-03,3.030949751856775419e-03,-2.375059274654335237e-02,-1.854938794766898200e-02,3.046177468535544303e-03,3.645232455451006322e-03,1.165790277623033125e-02,-4.931485416568242783e-03,-1.373189102458214142e-02
-2.530305517384616454e-02,8.797404758068854205e-03,3.031176311317378136e-03,-2.374707151630950364e-02,-1.857295700167415492e-02,2.996647905151188229e-03,3.646216495853798426e-03,1.160631593767266594e-02,-4.884873062955134675e-03,-1.386007073624768993e-02
-2.530306443995875704e-02,8.798154710190655287e-03,3.031148900135144375e-03,-2.374382667051214493e-02,-1.858855845994332456e-02,2.958847441816767326e-03,3.637409017717526533e-03,1.155985015784742435e-02,-4.859135041753106718e-03,-1.394779242719736134e-02
-2.530307001839586858e-02,8.798626356449804065e-03,3.030953905377211429e-03,-2.374076140949056210e-02,-1.859894298974547333e-02,2.928576765322586997e-03,3.621720706735406890e-03,1.151682770596982285e-02,-4.846971410278187557e-03,-1.400850355979260491e-02
-2.530307324032981392e-02,8.798917398310164215e-03,3.030646380415696027e-03,-2.373780750737084638e-02,-1.860590273721508467e-02,2.903154431105080691e-03,3.601161313059147041e-03,1.147605274996428039e-02,-4.843604425150574953e-03,-1.405116951747237101e-02
-2.530307496576888332e-02,8.799091613019756689e-03,3.030262293908144496e-03,-2.373491448396376421e-02,-1.861063916971216967e-02,2.880834964543721021e-03,3.577153648425531601e-03,1.143667602240962429e-02,-4.845824819501631797e-03,-1.408194426313524698e-02
-2.530307576968711739e-02,8.799191946522266425e-03,3.029825919137188548e-03,-2.373204505532040473e-02,-1.861397779523306373e-02,2.860443014964091871e-03,3.550734456659180357e-03,1.139806006411783236e-02,-4.851419277646499585e-03,-1.410517412766085221e-02
-2.530307599280003442e-02,8.799243798469970693e-03,3.029351551232677565e-03,-2.372917673254729479e-02,-1.861641015925130996e-02,2.841288577064835560e-03,3.522525087485660084e-03,1.135982598580053890e-02,-4.859059665849876745e-03,-1.412346023531331832e-02
-2.530307586482811663e-02,8.799264322030377408e-03,3.028848812947643448e-03,-2.372629256122648841e-02,-1.861827750658440195e-02,2.822911195247941075e-03,3.492978123148270976e-03,1.132169959807126890e-02,-4.867821498909740384e-03,-1.413863395906574463e-02
-2.530307553423090383e-02,8.799264673374692161e-03,3.028323982533787703e-03,-2.372338088797688524e-02,-1.861980241932348693e-02,2.805011929720119951e-03,3.462393738143053432e-03,1.128349672093470132e-02,-4.877082355083735450e-03,-1.415193133789485920e-02
-2.530307510523375006e-02,8.799252396508566026e-03,3.027781099881689947e-03,-2.372043555145231936e-02,-1.862113063294610488e-02,2.787396264077473575e-03,3.430959651966862794e-03,1.124512180648151900e-02,-4.886436233668429302e-03,-1.416411310821046737e-02
-2.530307463221885197e-02,8.799232385009484944e-03,3.027222502162600117e-03,-2.371745053698381608e-02,-1.862235675988105701e-02,2.769937787654920981e-03,3.398827139474632029e-03,1.120652654321950374e-02,-4.895595436672573082e-03,-1.417571273909180862e-02
-2.530307410161740378e-02,8.799207696908051962e-03,3.026648187801617845e-03,-2.371441796721486875e-02,-1.862352944099325905e-02,2.752551921252711919e-03,3.366187711709569402e-03,1.116772025551109743e-02,-4.904336764007828815e-03,-1.418706942503528828e-02
-2.530307332982955487e-02,8.799182272337748717e-03,3.026053176822786350e-03,-2.371132092564978006e-02,-1.862463441474548898e-02,2.735084442135421630e-03,3.333439703821714124e-03,1.112901475677560877e-02,-4.912419884768264196e-03,-1.419823796057671610e-02
-2.530307144809098782e-02,8.799167835834058315e-03,3.025412038450311404e-03,-2.370809664252082963e-02,-1.862547646866363760e-02,2.716982930984153215e-03,3.301865699854782815e-03,1.109182064465067362e-02,-4.919319054611699833e-03,-1.420842166796288351e-02
-2.530306466169517446e-02,8.799210621686238964e-03,3.024606419245966498e-03,-2.370447082604933142e-02,-1.862516293047208893e-02,2.696070753352961240e-03,3.276471641655293119e-03,1.106168560958199418e-02,-4.923298385777134627e-03,-1.421412480080712533e-02
-2.530303660687946779e-02,8.799513154517721661e-03,3.023090380548008882e-03,-2.369923449906282537e-02,-1.861998890844136084e-02,2.663563785122031059e-03,3.276642666708600837e-03,1.106021890644809033e-02,-4.917933726795407912e-03,-1.420167791354412165e-02
-2.530291667294956928e-02,8.800983643795662684e-03,3.018321174872703148e-03,-2.368708737222843114e-02,-1.859502489698169544e-02,2.584842536322374488e-03,3.375700188152048337e-03,1.116987549819560381e-02,-4.879229118080869419e-03,-1.412006372309868203e-02
-2.530239982746962379e-02,8.807736356597321153e-03,2.998320159060581178e-03,-2.364515895632421372e-02,-1.849208234289666242e-02,2.330096395601907386e-03,3.838869164355958059e-03,1.169279124138455049e-02,-4.720336304902096949e-03,-1.378841079431163998e-02
-2.530017150284227800e-02,8.838450149738335745e-03,2.906062357970318373e-03,-2.347768063542698264e-02,-1.809697137201484590e-02,1.457046003218823898e-03,5.543137930744550072e-03,1.364434495675976092e-02,-4.150033379005285510e-03,-1.262756368058390311e-02
-2.529059377855743737e-02,8.977762854045959195e-03,2.465954390225700947e-03,-2.280280145927904636e-02,-1.671272874449942006e-02,-1.252923064864859982e-03,1.083564756367837167e-02,1.975663409441751062e-02,-2.357379052686050559e-03,-9.220719578738410110e-03
-2.524888225586610635e-02,9.618106394495043801e-03,2.633712607737134239e-04,-2.015712725723096260e-02,-1.266100061261938095e-02,-7.307668925498492750e-03,2.225336331394124623e-02,3.238745217743831117e-02,1.591317198473198892e-03,-2.780752391819968881e-03
-2.504874028308441344e-02,1.290704355770259590e-02,-1.233061375408789177e-02,-8.836783274509561747e-03,-4.507762443192354571e-03,-8.023932259173739007e-03,1.783639423921996869e-02,1.810710298923570716e-02,-1.880677465170245346e-04,-5.414984754015486623e-03
-2.504169013313323894e-02,1.295187169827948480e-02,-1.264478316053300501e-02,-8.291351118534011355e-03,-4.076918092610399072e-03,-8.654307097436158072e-03,1.762865229438170811e-02,1.739143144031131752e-02,4.328617286804264789e-04,-5.693324866284084872e-03
-2.503894990250003089e-02,1.289460848960843203e-02,-1.264669226462935593e-02,-7.919842155992612778e-03,-3.785864141413954227e-03,-9.266094798366170809e-03,1.754118636168529310e-02,1.719447662008633318e-02,1.056573759425871685e-03,-6.046359203518952841e-03
-2.503597303032494698e-02,1.282316666460345776e-02,-1.264646334853938153e-02,-7.511289424515977045e-03,-3.442726779572891603e-03,-9.715194888000964341e-03,1.752123002740032381e-02,1.697792641347970269e-02,1.596463831206028708e-03,-6.346775235083390934e-03
-2.503282665759496567e-02,1.274385392180798354e-02,-1.265007074854361362e-02,-7.085728463915576432e-03,-3.052195085918718055e-03,-1.000664961506320290e-02,1.754772124938641306e-02,1.672663485160127625e-02,2.015503826059294405e-03,-6.517068838410388851e-03
-2.502958169892228329e-02,1.265933546068707602e-02,-1.265664166356368116e-02,-6.653780534637502436e-03,-2.624590812494861317e-03,-1.017442079688047132e-02,1.759879997881899985e-02,1.645890546069568583e-02,2.313675019946323519e-03,-6.551095241662631581e-03
-2.502627196078067648e-02,1.257115720417227578e-02,-1.266555649586502928e-02,-6.219531869532089925e-03,-2.169101958165231287e-03,-1.024982589965375834e-02,1.765919574921517160e-02,1.618502902516808992e-02,2.512326892360949512e-03,-6.462100505169933798e-03
-2.502291582318253577e-02,1.248022272194622244e-02,-1.267631521037996915e-02,-5.784908969325102887e-03,-1.693464853653111517e-03,-1.025477882902046251e-02,1.772241012916494357e-02,1.591174215883221776e-02,2.629304002013875020e-03,-6.269129421104898368e-03
-2.501952302660446700e-02,1.238709119067133921e-02,-1.268868534548829238e-02,-5.350619882834261459e-03,-1.203143438771359791e-03,-1.020407604185224332e-02,1.778527387989012679e-02,1.564131933441848324e-02,2.681524400825291594e-03,-5.988406997363228401e-03
-2.501609922763077531e-02,1.229211306639776090e-02,-1.270243296335494057e-02,-4.917236321509744351e-03,-7.025123730617879219e-04,-1.010698284478685899e-02,1.784743640921770957e-02,1.537456183992024286e-02,2.679740134218790062e-03,-5.635200173739446372e-03
-2.501264836235375308e-02,1.219552993481680392e-02,-1.271747651200965355e-02,-4.484919363076205791e-03,-1.945149683429635550e-04,-9.970555641544127587e-03,1.790899512401540605e-02,1.511139985736090208e-02,2.633577027365638628e-03,-5.220964957999485109e-03
-2.500917409688366289e-02,1.209750389569883705e-02,-1.273372181192887649e-02,-4.053867056761098486e-03,3.185636397235590170e-04,-9.800405637807995535e-03,1.797077312237364832e-02,1.485234316105847260e-02,2.547065709749716297e-03,-4.755312267445695185e-03
-2.500567841306660169e-02,1.199816395634919521e-02,-1.275112817784097331e-02,-3.624210340405601815e-03,8.350227750705025050e-04,-9.600317927786298014e-03,1.803320168560091502e-02,1.459709146111982762e-02,2.426309631400655475e-03,-4.245328350556043864e-03
-2.500216260286867651e-02,1.189760722722217091e-02,-1.276962249386299868e-02,-3.196187604575304389e-03,1.353391571713474751e-03,-9.372985185494493374e-03,1.809627119481419660e-02,1.434495946100235869e-02,2.275561419756062104e-03,-3.697149280846136546e-03
-2.499862828487087532e-02,1.179591110804189234e-02,-1.278917697890725839e-02,-2.770018662465999117e-03,1.872457885247545521e-03,-9.119247159929526683e-03,1.815997332913625584e-02,1.409664679385981556e-02,2.097739211075755339e-03,-3.119997569756084114e-03
-2.499507109538332689e-02,1.169301535262652972e-02,-1.280944790369363540e-02,-2.345556073059512810e-03,2.393666163683600117e-03,-8.854114054285910571e-03,1.822982400709058023e-02,1.384377551110349026e-02,1.887365456731188466e-03,-2.499175414108608696e-03
-2.499147090698252555e-02,1.158797521238586793e-02,-1.282986494289790197e-02,-1.919714835353078042e-03,2.926653934578048611e-03,-8.583872903746521399e-03,1.830380674131074081e-02,1.356727163446206155e-02,1.644490233675799601e-03,-1.847280254541195385e-03
-2.498762444584345585e-02,1.147289211914624511e-02,-1.284789867317563672e-02,-1.456218753382815777e-03,3.527652599856074579e-03,-8.315517837828956954e-03,1.838406973414143455e-02,1.322872397734544368e-02,1.421232099836670969e-03,-1.468249770539960643e-03
-2.498153668019748030e-02,1.131623258133006467e-02,-1.283226209186133678e-02,-6.151444981221108107e-04,3.936955269294838827e-03,-9.038998593849042335e-03,1.935333322465254344e-02,1.291644882877937030e-02,2.341454316245938048e-03,-3.827032645259948514e-03
-2.498085744959293447e-02,1.127930355396708842e-02,-1.289669018178985806e-02,-6.888870811522609158e-04,4.374620605176708296e-03,-7.696643684585624708e-03,1.852443423556342575e-02,1.294749131107847916e-02,8.919632108137801269e-04,6.416140087264510803e-05
-2.497707251784528001e-02,1.116642159106926747e-02,-1.292634266816396552e-02,-2.477654164445821576e-04,4.987449679704652507e-03,-7.252163431244288382e-03,1.858991178887537885e-02,1.261913141456134403e-02,7.088438762907225098e-04,8.210163752455804185e-04
-2.497267953357074424e-02,1.103399495615377951e-02,-1.295524090435604299e-02,2.238174711218030434e-04,5.691742613668542700e-03,-7.017297964332499735e-03,1.870896099469826490e-02,1.220385054901835208e-02,3.773302896496887222e-04,1.792857733680873348e-03
-2.497006495407813262e-02,1.096090294206925227e-02,-1.297656319104434700e-02,5.435557973760330765e-04,5.899064003706267802e-03,-6.581513537494581602e-03,1.868013874642822023e-02,1.225542919637618786e-02,1.712526512551733446e-04,2.160109386308623879e-03
-2.496654230972589553e-02,1.085645563522625277e-02,-1.300051030039646102e-02,9.340902310929024600e-04,6.352476624518878581e-03,-6.270088949993606400e-03,1.872820939582748451e-02,1.206394121555186792e-02,-1.411664857701498503e-04,2.823020766175466691e-03
-2.496290965292224245e-02,1.074856605815360626e-02,-1.302742685223166191e-02,1.331845448216872592e-03,6.827157173091656824e-03,-5.939303828640025464e-03,1.880696500081870115e-02,1.184002531773355182e-02,-4.461160923126006881e-04,3.568258615381263675e-03
-2.495926195705142070e-02,1.063962808320828742e-02,-1.305590142143292325e-02,1.726771822509132843e-03,7.296929391787645471e-03,-5.580508122709329326e-03,1.888123643581981342e-02,1.162666517926191911e-02,-7.514682404421529861e-04,4.287845095286653765e-03
-2.495560743720035349e-02,1.053002435523940281e-02,-1.308545482834877483e-02,2.118040588305513099e-03,7.760256541856950900e-03,-5.205961360073170334e-03,1.895177852321447767e-02,1.141872567518595859e-02,-1.056463330936996013e-03,4.992837043735570690e-03
-2.495194613458037725e-02,1.041996917076002706e-02,-1.311572233776374385e-02,2.505396699575110527e-03,8.216546802013587406e-03,-4.833277939120190873e-03,1.902349374118049788e-02,1.121133746302425613e-02,-1.362518740832845653e-03,5.700093434521338008e-03
-2.494828198324991822e-02,1.030961037020221120e-02,-1.314666058496569666e-02,2.888513373120444368e-03,8.664410523432836131e-03,-4.462770909659535649e-03,1.909469887245768618e-02,1.100778160441895533e-02,-1.667409531057586483e-03,6.399856891386696868e-03
-2.494461673912076738e-02,1.019904906841208846e-02,-1.317823403601630673e-02,3.267265075895784548e-03,9.102789912001344255e-03,-4.097509782271143743e-03,1.916480048350756651e-02,1.080744194819006215e-02,-1.966979706278390149e-03,7.088493772271012294e-03
-2.494095210912546448e-02,1.008836626375171457e-02,-1.321039032703308184e-02,3.641462823967511666e-03,9.530936043016349432e-03,-3.739332812163513250e-03,1.923375269468828586e-02,1.061096211862466200e-02,-2.259195915396357106e-03,7.762871312990703848e-03
-2.493728921806137588e-02,9.977631849816081047e-03,-1.324310494785071318e-02,4.010987543446564371e-03,9.948274741273977970e-03,-3.390250946360106633e-03,1.930097839319233274e-02,1.041771600154902527e-02,-2.541929953095092495e-03,8.420655992043965185e-03
-2.493362948303413928e-02,9.866904201363851934e-03,-1.327633851302582706e-02,4.375673681400457822e-03,1.035422494911402737e-02,-3.051734863068128641e-03,1.936671545098521061e-02,1.022829463456553616e-02,-2.813669110714179123e-03,9.059099386329970763e-03
-2.492997399945755949e-02,9.756241560049771014e-03,-1.331007153160567759e-02,4.735415493597239234e-03,1.074835935945505153e-02,-2.725537744494098413e-03,1.943050266089919528e-02,1.004230237267981531e-02,-3.072677652504973451e-03,9.676709510921843380e-03
-2.492632406131310013e-02,9.645697654090817919e-03,-1.334426761148229702e-02,5.090045036441467538e-03,1.113025319363171624e-02,-2.412862465723722167e-03,1.949231797350970546e-02,9.860273269338304392e-03,-3.317817103361448989e-03,1.027122804305111159e-02
-2.492268064732137620e-02,9.535326290525938595e-03,-1.337890960233261740e-02,5.439469818556253757e-03,1.149956583151479431e-02,-2.115163414328409021e-03,1.955168180823570537e-02,9.681685633155001289e-03,-3.547573419455306038e-03,1.084133959169344442e-02
-2.491904506567167027e-02,9.425177175101023819e-03,-1.341396269585756577e-02,5.783538556988436670e-03,1.185595095107668494e-02,-1.833527706430749995e-03,1.960862822420641333e-02,9.507125317894776426e-03,-3.761087783271746705e-03,1.138518117294399015e-02
-2.491541827145864543e-02,9.315302321945693326e-03,-1.344940954408262689e-02,6.122166510628499619e-03,1.219912790910767514e-02,-1.569226336010248442e-03,1.966269071217105133e-02,9.336035350347531708e-03,-3.956982086111414387e-03,1.190154824949822554e-02
-2.491180139328322968e-02,9.205745321689750779e-03,-1.348521834837799159e-02,6.455214719691315141e-03,1.252887981125530049e-02,-1.323003999292145239e-03,1.971373528207180301e-02,9.168958284584499685e-03,-4.134770658190226565e-03,1.238927833971424988e-02
-2.490819539198066424e-02,9.096556249463825031e-03,-1.352137195542542011e-02,6.782610807229851220e-03,1.284498191453465991e-02,-1.095969525641261660e-03,1.976133339927566360e-02,9.005327668909839448e-03,-4.293234515407465778e-03,1.284734561780685388e-02
-2.490460152478130712e-02,8.987778987773625133e-03,-1.355783763656931602e-02,7.104234518738615500e-03,1.314723379424171182e-02,-8.889039507862313456e-04,1.980553245728982475e-02,8.845708868293361560e-03,-4.431956116481831041e-03,1.327451219522843631e-02
-2.490102077128057700e-02,8.879458402034091577e-03,-1.359459887376521757e-02,7.420029785182941096e-03,1.343549796078192388e-02,-7.027586215840786379e-04,1.984593709521014979e-02,8.689748480063451408e-03,-4.550036620533494738e-03,1.367049774037585805e-02
-2.489745426804407247e-02,8.771634960276405643e-03,-1.363162498078071723e-02,7.729893728656642669e-03,1.370965091961615090e-02,-5.380300850756375040e-04,1.988262225424276136e-02,8.537787287307963685e-03,-4.647256292119083046e-03,1.403400800422187518e-02
-2.489390291475138128e-02,8.664352401766753711e-03,-1.366889991284440421e-02,8.033777994103003667e-03,1.396962563008235202e-02,-3.954115000184524505e-04,1.991509309887014995e-02,8.389353021777937527e-03,-4.722884305590526952e-03,1.436491547434833385e-02
-2.489036787154513125e-02,8.557650235113694118e-03,-1.370639289568970597e-02,8.331593221345082872e-03,1.421535776123061465e-02,-2.753164869367987757e-04,1.994336471024352533e-02,8.244877128788427254e-03,-4.776888112882589528e-03,1.466242532391298474e-02
-2.488685005104717893e-02,8.451568353842139197e-03,-1.374408808454904811e-02,8.623308901868294990e-03,1.444684240323530766e-02,-1.782678525559477608e-04,1.996709876759176702e-02,8.103897392401439997e-03,-4.808741473810101454e-03,1.492655791241312771e-02
-2.488335057575739862e-02,8.346144263392552345e-03,-1.378195552956720110e-02,8.908854981535922757e-03,1.466406464827642309e-02,-1.045139178692215399e-04,1.998630567412973402e-02,7.966837077605894851e-03,-4.818588982036231365e-03,1.515679171878916466e-02
-2.487987035791829407e-02,8.241416867804132046e-03,-1.381997875235321284e-02,9.188213751489246461e-03,1.486706790096033876e-02,-5.443060450074787171e-05,2.000066819476146660e-02,7.833207750755646903e-03,-4.806020909010028097e-03,1.535327415811795805e-02
-2.487641045706635509e-02,8.137418423524715727e-03,-1.385813029140073316e-02,9.461332016400156655e-03,1.505594314983535117e-02,-2.801356355908990177e-05,2.001023012138306717e-02,7.703374701272223263e-03,-4.771497040719918301e-03,1.551585559473613214e-02
-2.487297178267134853e-02,8.034186435135010074e-03,-1.389639313200282007e-02,9.728207809905742298e-03,1.523077255903554361e-02,-2.549443238476663254e-05,2.001471096997308949e-02,7.576869166324231263e-03,-4.714747687314331352e-03,1.564485747415864797e-02
-2.486955542523833218e-02,7.931754416809835839e-03,-1.393473868477163209e-02,9.988802335781411107e-03,1.539166364434259478e-02,-4.681543821923985150e-05,2.001418044625210418e-02,7.454017259744446719e-03,-4.636244262103368825e-03,1.574013137464034401e-02
-2.486616225995125912e-02,7.830156000034985478e-03,-1.397315088860835199e-02,1.024312911451831856e-02,1.553877058626640384e-02,-9.199351400444833685e-05,2.000840149912716873e-02,7.334364024872888806e-03,-4.535962037986049356e-03,1.580232864660214426e-02
-2.486279336385750424e-02,7.729422888132710286e-03,-1.401160164849247006e-02,1.049116597399897370e-02,1.567225035370207326e-02,-1.608344745309009003e-04,1.999747368673952461e-02,7.218215496900533788e-03,-4.414521433809565770e-03,1.583149536780303207e-02
-2.485944959826997744e-02,7.629587483615615610e-03,-1.405007455496678007e-02,1.073293891715734749e-02,1.579230532664362141e-02,-2.532122215490060298e-04,1.998115367996183486e-02,7.105118563915782670e-03,-4.272028736991531801e-03,1.582847148110336916e-02
-2.485613199479345947e-02,7.530678772550615345e-03,-1.408854262354765179e-02,1.096844447295801210e-02,1.589914143687712680e-02,-3.687527550298451461e-04,1.995962976202885625e-02,6.995273860794682698e-03,-4.109227818732235672e-03,1.579330941801355970e-02
-2.485284143182965588e-02,7.432727629974862291e-03,-1.412698898421614960e-02,1.119772082420325901e-02,1.599300642166147715e-02,-5.072149481899697636e-04,1.993270635143033417e-02,6.888257684672690132e-03,-3.926363545898413701e-03,1.572706595854705958e-02
-2.484957895729108038e-02,7.335762805926628397e-03,-1.416538585857879048e-02,1.142078915572385979e-02,1.607414340636811184e-02,-6.680885585218446091e-04,1.990055562189263841e-02,6.784339754596501945e-03,-3.724345345485007355e-03,1.563016760004019845e-02
-2.484634538371832679e-02,7.239812058853672787e-03,-1.420371827273063554e-02,1.163768157116509827e-02,1.614281364638645022e-02,-8.511076122976909920e-04,1.986301863174177312e-02,6.683064443365749341e-03,-3.503375274940181278e-03,1.550352329168526097e-02
-2.484314175872104694e-02,7.144903465827735951e-03,-1.424195825335114289e-02,1.184843233631473029e-02,1.619930557102802759e-02,-1.055654086442463268e-03,1.982030115559842501e-02,6.584629975086368249e-03,-3.264440196066011914e-03,1.534763105697154253e-02
-2.483996891481594221e-02,7.051062933761556226e-03,-1.428009008842708732e-02,1.205310502081916382e-02,1.624396128620746518e-02,-1.281184770317378126e-03,1.977228552232676573e-02,6.488622615132195494e-03,-3.008091553308669345e-03,1.516385902372248233e-02
-2.483682786896164105e-02,6.958316906590132807e-03,-1.431808682138472483e-02,1.225173707436300052e-02,1.627707853941240054e-02,-1.527065183629329817e-03,1.971920311850016219e-02,6.395235869349016368e-03,-2.735285716620398065e-03,1.495270268756965400e-02
-2.483371944633113934e-02,6.866691189746003919e-03,-1.435593153921871021e-02,1.244440287312954981e-02,1.629900593718960899e-02,-1.792682638404805235e-03,1.966099123604650445e-02,6.304032212071411859e-03,-2.446548156393191144e-03,1.471546644828841503e-02
-2.483064462851827803e-02,6.776209875477359063e-03,-1.439359823686837958e-02,1.263115299954266704e-02,1.631008009845929738e-02,-2.077284650914221816e-03,1.959791931322168307e-02,6.215176557943138946e-03,-2.142946216583966647e-03,1.445279172271284572e-02
-2.482760424440466282e-02,6.686897528456007926e-03,-1.443107031401115285e-02,1.281207251446139610e-02,1.631067505481770957e-02,-2.380180911672800156e-03,1.952994354394869958e-02,6.128268287176905603e-03,-1.825088391233373056e-03,1.416608039578849676e-02
-2.482459927504377523e-02,6.598777234254907254e-03,-1.446832195475010983e-02,1.298721947739028132e-02,1.630116245661685295e-02,-2.700557964768550770e-03,1.945733021092115045e-02,6.043498424892147954e-03,-1.494065337087891604e-03,1.385610368959836781e-02
-2.482163051989597427e-02,6.511872302301211120e-03,-1.450533651038523990e-02,1.315668844960143566e-02,1.628192815023125212e-02,-3.037655589336257095e-03,1.938007953693664936e-02,5.960434068882963267e-03,-1.150578236358252389e-03,1.352431688483544080e-02
-2.481869884391314091e-02,6.426205505038090279e-03,-1.454208933973212894e-02,1.332054294852027393e-02,1.625337232234219664e-02,-3.390486684333323363e-03,1.929836657379952261e-02,5.879078364892426425e-03,-7.957160203734918707e-04,1.317134946424101255e-02
-2.481580513358059778e-02,6.341798082279853990e-03,-1.457856317976090679e-02,1.347888898227116855e-02,1.621589389401660586e-02,-3.758323209028107802e-03,1.921234689878232108e-02,5.799189851367443291e-03,-4.301721111230309572e-04,1.279879726950472647e-02
-2.481295041639306614e-02,6.258668595676399049e-03,-1.461473289979739812e-02,1.363180909162098851e-02,1.616989279517711334e-02,-4.140325579108429001e-03,1.912245514385856049e-02,5.721150767102966585e-03,-5.514133462522009707e-05,1.240782664553991693e-02
-2.481013537487834417e-02,6.176839733152128357e-03,-1.465058253275549997e-02,1.377940523103075854e-02,1.611579970861259231e-02,-4.535523645078395720e-03,1.902861398961445266e-02,5.644371206466491063e-03,3.287085306681129522e-04,1.199966834765885983e-02
-2.480736092527512787e-02,6.096331042984118841e-03,-1.468608761566649219e-02,1.392175988374525462e-02,1.605402653290972231e-02,-4.942951574649709010e-03,1.893113992165399578e-02,5.569036326593159066e-03,7.202352852007405789e-04,1.157527464878637183e-02
-2.480462782207050812e-02,6.017162044841710584e-03,-1.472123219253662976e-02,1.405898730362464301e-02,1.598500847731062699e-02,-5.361692115196265221e-03,1.883012446127973680e-02,5.494765836462437054e-03,1.118721164889404469e-03,1.113610420603883613e-02
-2.480193690937787521e-02,5.939351917384274281e-03,-1.475599245457222264e-02,1.419117234524754426e-02,1.590917084133797524e-02,-5.790705264775986884e-03,1.872582363275566639e-02,5.421654373449600814e-03,1.523048070802403590e-03,1.068308242157575694e-02
-2.479928892899246548e-02,5.862919366462471769e-03,-1.479035253334053807e-02,1.431843633552293792e-02,1.582696313901790081e-02,-6.229017764705892246e-03,1.861834265103325461e-02,5.349335615198139160e-03,1.932467820625580071e-03,1.021767904906718989e-02
-2.479668471099884600e-02,5.787881060243537518e-03,-1.482429002452315299e-02,1.444086139587137142e-02,1.573879590045584517e-02,-6.675669735647564960e-03,1.850798755935173859e-02,5.277995085818627981e-03,2.345960374442668511e-03,9.740793681921622663e-03
-2.479412502106636759e-02,5.714254408861138730e-03,-1.485778890790808229e-02,1.455857583370375775e-02,1.564511759440699590e-02,-7.129718592220858457e-03,1.839494137049283232e-02,5.207354616759485473e-03,2.762773449361432231e-03,9.253993876108458638e-03
-2.479161086228447511e-02,5.642053104148878062e-03,-1.489082536367570750e-02,1.467168560623009071e-02,1.554633146694134327e-02,-7.590316033351359598e-03,1.827981188236862606e-02,5.137911178976419836e-03,3.181820716958398167e-03,8.758546602137914916e-03
-2.478914290513847124e-02,5.571293245271329020e-03,-1.492338493062877504e-02,1.478031281037731071e-02,1.544288970143264765e-02,-8.056499110788178930e-03,1.816270525317165846e-02,5.069332473281190458e-03,3.602415284940379322e-03,8.255895860950681481e-03
-2.478672185082288204e-02,5.501991481660149612e-03,-1.495544612127731529e-02,1.488454787243703725e-02,1.533521771602930003e-02,-8.527129551633063492e-03,1.804382518352290812e-02,5.001627150947267515e-03,4.023568375549132527e-03,7.746793576858750086e-03
-2.478434834397745187e-02,5.434162832928196227e-03,-1.498699519147320136e-02,1.498451346836942102e-02,1.522375969457187388e-02,-9.001251601861168586e-03,1.792330342146262329e-02,4.934483709635173465e-03,4.444611086271520531e-03,7.232659144307237824e-03
-2.478202314915609744e-02,5.367821020089617520e-03,-1.501801071678163929e-02,1.508030857609817324e-02,1.510892723781660785e-02,-9.477847721383131363e-03,1.780148773419252400e-02,4.868119469491107194e-03,4.864599060664535728e-03,6.714424696412341076e-03
-2.477974690279547906e-02,5.302979488248380294e-03,-1.504847967702177894e-02,1.517205800386696619e-02,1.499115118459951740e-02,-9.956002419041050377e-03,1.767855970033409274e-02,4.802296589859777511e-03,5.282888739085197898e-03,6.193512934272149204e-03
-2.477752033713403676e-02,5.239650493668206351e-03,-1.507838151800498967e-02,1.525985833926608165e-02,1.487084021151854375e-02,-1.043470593261074109e-02,1.755490741270685981e-02,4.737195409763257647e-03,5.698589297434998938e-03,5.670770064424087049e-03
-2.477534403041459568e-02,5.177846473475324757e-03,-1.510770439480638334e-02,1.534383083020544186e-02,1.474842669497155451e-02,-1.091304135594878440e-02,1.743064665744160566e-02,4.672588885984619092e-03,6.111085567814419223e-03,5.147601508046060863e-03
-2.477321867515674958e-02,5.117578486369774547e-03,-1.513642863835359259e-02,1.542407137189431496e-02,1.462429491177963045e-02,-1.139003350135231289e-02,1.730615906810545682e-02,4.608700116705064312e-03,6.519557810278302397e-03,4.624830135379214696e-03
-2.477114482862440015e-02,5.058857095908883203e-03,-1.516454327531593232e-02,1.550070244239530777e-02,1.449886424534631117e-02,-1.186482533339046699e-02,1.718162463060421072e-02,4.545347054896454499e-03,6.923437730729324439e-03,4.103801145167416953e-03
-2.476912315105939122e-02,5.001691547134490441e-03,-1.519202975365267425e-02,1.557381558043605466e-02,1.437251365742100301e-02,-1.233646431532368221e-02,1.705743477294723379e-02,4.482766797451877977e-03,7.321948722826458408e-03,3.585351786060962925e-03
-2.476715413492089346e-02,4.946091211832179084e-03,-1.521887863174018266e-02,1.564352813158224539e-02,1.424564159592449711e-02,-1.280411805215715335e-02,1.693374095767106319e-02,4.420779949030927310e-03,7.714552590556189408e-03,3.070778975352873256e-03
-2.476523836338817910e-02,4.892064267570230517e-03,-1.524507262146297497e-02,1.570992468016694024e-02,1.411862854016538230e-02,-1.326682641719912487e-02,1.681086572083305072e-02,4.359563984065032045e-03,8.100562750882483315e-03,2.560755292082291575e-03
-2.476337626363865618e-02,4.839616974412097594e-03,-1.527060426752738405e-02,1.577312509589244224e-02,1.399185947901728996e-02,-1.372377954357164621e-02,1.668903808880305845e-02,4.298939568137102353e-03,8.479473128587888126e-03,2.056504719871080945e-03
-2.476156843092021040e-02,4.788757014325841117e-03,-1.529545688825942502e-02,1.583319564233474919e-02,1.386568374230553666e-02,-1.417418192088551118e-02,1.656851496455309658e-02,4.239230217251897977e-03,8.850690866095025158e-03,1.558771802855602557e-03
-2.475981525165251579e-02,4.739489941594093002e-03,-1.531962376770737780e-02,1.589025549839837015e-02,1.374047545374402178e-02,-1.461725937369107164e-02,1.644947958160552365e-02,4.180311210140698168e-03,9.213743826265064982e-03,1.068826899283247846e-03
-2.475811724257642385e-02,4.691820594804186999e-03,-1.534309014872097497e-02,1.594436795535573645e-02,1.361658201338286807e-02,-1.505217034547409738e-02,1.633226112463011248e-02,4.122376437083683995e-03,9.568053886195833704e-03,5.872072763150471952e-04
-2.475647474729776587e-02,4.645753755736173156e-03,-1.536585062923033658e-02,1.599563628064162857e-02,1.349436778864700898e-02,-1.547828355919149586e-02,1.621697575194609373e-02,4.065307001837934961e-03,9.913274753195467498e-03,1.150328875084912785e-04
-2.475488816417514143e-02,4.601288863506355215e-03,-1.538789401412014347e-02,1.604412837086370211e-02,1.337417038835193341e-02,-1.589464037631911283e-02,1.610399986780871803e-02,4.009339138511288161e-03,1.024871772858347400e-02,-3.469939354189281104e-04
-2.475335783374880277e-02,4.558434223167644184e-03,-1.540921483397553887e-02,1.608992101479016917e-02,1.325623784594018827e-02,-1.630096548653288749e-02,1.599327231463308630e-02,3.954566056182595539e-03,1.057438113364087690e-02,-7.979044614127917597e-04
-2.475188422569855537e-02,4.517190602599622899e-03,-1.542979969612498156e-02,1.613307525497197081e-02,1.314100541024914963e-02,-1.669627123390929335e-02,1.588506989142364489e-02,3.901119556594195847e-03,1.088948058231211172e-02,-1.236876221393967646e-03
-2.475046759246743097e-02,4.477563475658356829e-03,-1.544964561913890130e-02,1.617368394767530401e-02,1.302866816690720700e-02,-1.708012474641939712e-02,1.577971982234227522e-02,3.848725756980497271e-03,1.119390220022689619e-02,-1.663636748626374237e-03
-2.474910836673946748e-02,4.439562393151245262e-03,-1.546873669635473632e-02,1.621179219757083040e-02,1.291925046824739069e-02,-1.745226676982849709e-02,1.567740716187258909e-02,3.797982514227131890e-03,1.148790794502660070e-02,-2.077926962620402565e-03
-2.474780718850912511e-02,4.403206488856191425e-03,-1.548705844105188051e-02,1.624752886563884252e-02,1.281306650660684297e-02,-1.781212897796453920e-02,1.557845740263853924e-02,3.748502446056645523e-03,1.177117740082714303e-02,-2.479261863136785968e-03
-2.474656430876929006e-02,4.368485851060698553e-03,-1.550460463523761247e-02,1.628092483472157181e-02,1.271073626934145911e-02,-1.815853058526005481e-02,1.548230109021067440e-02,3.701096659595278209e-03,1.204220898044961255e-02,-2.864526341438171624e-03
-2.474537997185413674e-02,4.335402374427190127e-03,-1.552137329820452508e-02,1.631209320581433059e-02,1.261261427739262045e-02,-1.849073375015520757e-02,1.538932848869671230e-02,3.655353087560602940e-03,1.230054442026573720e-02,-3.233332326425725645e-03
-2.474425420864437980e-02,4.303950753817380875e-03,-1.553736097590894573e-02,1.634101393068894750e-02,1.251856643914604078e-02,-1.880887838706649454e-02,1.529996178421341203e-02,3.611568955029032316e-03,1.254702055151773153e-02,-3.586661387144677964e-03
-2.474318738301189979e-02,4.274136920248370990e-03,-1.555256470397028967e-02,1.636773476173055200e-02,1.242912597299684029e-02,-1.911245599080952859e-02,1.521371228786987627e-02,3.569908241596015438e-03,1.278081720122986077e-02,-3.922532487422368368e-03
-2.474217986013792225e-02,4.245973668175049252e-03,-1.556696498489290766e-02,1.639237666645924213e-02,1.234402164442506902e-02,-1.940107845702701561e-02,1.513160952760412084e-02,3.530238576550275616e-03,1.300257162467949312e-02,-4.242503240473008592e-03
-2.474123183865275730e-02,4.219460203550054814e-03,-1.558056343939630793e-02,1.641499090200516583e-02,1.226375818640744117e-02,-1.967421718912892858e-02,1.505330414264907830e-02,3.492712758380232558e-03,1.321130905537368054e-02,-4.544308929793461349e-03
-2.474034387579777602e-02,4.194612191244042644e-03,-1.559334033260538314e-02,1.643561189566762962e-02,1.218840396864854722e-02,-1.993139798123788609e-02,1.497889707722764932e-02,3.457443925819114663e-03,1.340708417666810863e-02,-4.828416630126271779e-03
-2.473951598718209313e-02,4.171430185453216428e-03,-1.560529917294537113e-02,1.645427886671110493e-02,1.211805926307965228e-02,-2.017291850455315769e-02,1.490831605227374915e-02,3.424771495832369585e-03,1.359015478021213114e-02,-5.093888148093359165e-03
-2.473874875929049991e-02,4.149930938539735971e-03,-1.561641319697651756e-02,1.647117523421132504e-02,1.205267948396961282e-02,-2.039767243695117180e-02,1.484265646947699642e-02,3.394114253756412743e-03,1.376037991230612614e-02,-5.341762759364840872e-03
-2.473804254205174552e-02,4.130127056249017527e-03,-1.562667945008836684e-02,1.648633345002076603e-02,1.199268318663131681e-02,-2.060536126477950994e-02,1.478115999305600232e-02,3.366073335295102255e-03,1.391666089277746737e-02,-5.569299085582133171e-03
-2.473739794487577956e-02,4.112039366060084647e-03,-1.563607135051311645e-02,1.649986957611530164e-02,1.193780803541698125e-02,-2.079557211281680973e-02,1.472467098674442448e-02,3.340346879012296658e-03,1.405956664383150277e-02,-5.777837453291848578e-03
-2.473681502088989279e-02,4.095677620800853257e-03,-1.564459333366075011e-02,1.651172552340789482e-02,1.188809986552937133e-02,-2.096918569328569751e-02,1.467292349754171880e-02,3.317047227417544483e-03,1.418980962457841097e-02,-5.968106430317920985e-03
-2.473629425475652038e-02,4.081047532656516957e-03,-1.565222321474176240e-02,1.652207296847345991e-02,1.184385379870276506e-02,-2.112442290261706823e-02,1.462590902256623478e-02,3.296217280941151576e-03,1.430551762023708588e-02,-6.137341669932018864e-03
-2.473583578354364779e-02,4.068162981210213941e-03,-1.565895614147886847e-02,1.653108880459014038e-02,1.180493511545068624e-02,-2.126132633921275911e-02,1.458489148626638046e-02,3.277554232801350477e-03,1.440760712266091897e-02,-6.287367163812793494e-03
-2.473544075241464885e-02,4.057064848082827038e-03,-1.566475761134789382e-02,1.653865297728153785e-02,1.177127169309449134e-02,-2.138039439846410247e-02,1.454849596414844494e-02,3.261836490836299719e-03,1.449641714733139637e-02,-6.417039446566856660e-03
-2.473510808110071860e-02,4.047714886491204228e-03,-1.566966538348696716e-02,1.654477011698413103e-02,1.174309964644740592e-02,-2.148172667082032944e-02,1.451712121348179042e-02,3.248977459400952290e-03,1.457167155752451052e-02,-6.526231828426560383e-03
-2.473483959460213294e-02,4.040170330123772115e-03,-1.567360709753105527e-02,1.654988036806538665e-02,1.172055671245162897e-02,-2.156236633979524697e-02,1.449176939739020044e-02,3.238253751864531103e-03,1.463109594133103070e-02,-6.612979621176183140e-03
-2.473463441126163079e-02,4.034430920530911353e-03,-1.567662316031249656e-02,1.655361252099898234e-02,1.170309183899976083e-02,-2.162619538127339910e-02,1.447084938666640987e-02,3.231272177011029409e-03,1.467788340320322175e-02,-6.678355188500494262e-03
-2.473449415445778607e-02,4.030527081112934840e-03,-1.567864310526079219e-02,1.655656572152867587e-02,1.169113127091048719e-02,-2.166825725431190119e-02,1.445614367713785042e-02,3.226595498769907824e-03,1.470762770344475126e-02,-6.719644479318225179e-03
-2.473441845776950393e-02,4.028483314325639539e-03,-1.567968514304444311e-02,1.655846267037514030e-02,1.168410848090473651e-02,-2.169211685721387020e-02,1.444903811674540066e-02,3.223389170712660269e-03,1.472528035300675955e-02,-6.744130140195486386e-03
-2.516881447788388987e-02,-3.989892353635719757e-02,5.709164616995748148e-02,1.427131955176385095e-02,7.348015008247965954e-03,-2.701718095662322336e-02,-6.292707429590473902e-04,-7.924708946123348863e-03,2.331219686274744324e-02,-1.638403149151745897e-02
-2.516911623831422432e-02,-3.989161467390223148e-02,5.709275036106408602e-02,1.424600557346808981e-02,7.350655588687992660e-03,-2.693918564771571530e-02,-6.070873187220601069e-04,-7.922645845100897977e-03,2.326065609249649418e-02,-1.633555310291471066e-02
-2.516981366739548184e-02,-3.987536950354862025e-02,5.709641186009289937e-02,1.418579277340610567e-02,7.353074432963528986e-03,-2.675367736228466409e-02,-5.576861269097940343e-04,-7.921961053302220210e-03,2.312090826447548916e-02,-1.623447792997179465e-02
-2.517089776170582105e-02,-3.984974013190781955e-02,5.710148576281295907e-02,1.409311130562642539e-02,7.359479645757186807e-03,-2.646628662132910828e-02,-4.803216108265365657e-04,-7.917713725624541191e-03,2.291477629392743576e-02,-1.607744880399046214e-02
-2.517238134105304753e-02,-3.981487770712811847e-02,5.710884279100917477e-02,1.396580046740793397e-02,7.366999332187645390e-03,-2.607462870222093665e-02,-3.735490183116959477e-04,-7.914934748951545085e-03,2.262721494500596897e-02,-1.585707647753202901e-02
-2.517425608565022899e-02,-3.977055891890553252e-02,5.711779242189846811e-02,1.380544717680155450e-02,7.377894705107527346e-03,-2.558085738549869398e-02,-2.395525777869197623e-04,-7.909821563382065865e-03,2.227004456431045179e-02,-1.558081826069057131e-02
-2.517653331169601716e-02,-3.971687101992897595e-02,5.712903138834908578e-02,1.361028412844150944e-02,7.389754622574084414e-03,-2.498316449240745724e-02,-7.716035408792952283e-05,-7.904698695751641996e-03,2.183188824553375026e-02,-1.524238863863621417e-02
-2.517920661214740480e-02,-3.965358717826945184e-02,5.714200252736198471e-02,1.338158316074154752e-02,7.404493601506577025e-03,-2.428415105407010985e-02,1.120317756855368512e-04,-7.896852374366287314e-03,2.132263936307496333e-02,-1.484720502054734728e-02
-2.518228690758420735e-02,-3.958073354528344329e-02,5.715729706916974906e-02,1.311778400219075318e-02,7.419960966467855148e-03,-2.348253392733751915e-02,3.283475821737452931e-04,-7.888051561410222220e-03,2.073296543601230862e-02,-1.438968660552942050e-02
-2.518576974917461492e-02,-3.949807297578320636e-02,5.717447524508662698e-02,1.281985552224466744e-02,7.437703745337912419e-03,-2.258095434109082603e-02,5.705821628966947561e-04,-7.875790371807153342e-03,2.007097185105302661e-02,-1.387439941650249822e-02
-2.518966606468286615e-02,-3.940557535997944033e-02,5.719405952070964749e-02,1.248636542004707105e-02,7.455752923963461683e-03,-2.157854043397659446e-02,8.384239222491965318e-04,-7.861343854411543056e-03,1.932876268250121113e-02,-1.329623717877929413e-02
-2.519397322850489354e-02,-3.930298350198940111e-02,5.721570230082216602e-02,1.211802920875847470e-02,7.475350099775230142e-03,-2.047811442155787753e-02,1.130815911127621342e-03,-7.842427598484021795e-03,1.851316515686833586e-02,-1.265917193809729287e-02
-2.519870239873177667e-02,-3.919021282703293724e-02,5.723987978225527490e-02,1.171349221497946548e-02,7.494618808205212590e-03,-1.927925637549198282e-02,1.446964502109176738e-03,-7.819839505061881510e-03,1.761745559322473731e-02,-1.195865391605580551e-02
-2.520385271403607561e-02,-3.906697859663586098e-02,5.726632202691425699e-02,1.127325116304464699e-02,7.514510726046892165e-03,-1.798501066596579906e-02,1.785827481526321018e-03,-7.791386107597227974e-03,1.664747000169334093e-02,-1.119798968966446116e-02
-2.520943579617142272e-02,-3.893313988204307602e-02,5.729547513906767253e-02,1.079599318044101482e-02,7.533177578974941183e-03,-1.659546710730199284e-02,2.146148508982180254e-03,-7.757425784424418734e-03,1.559745130009977318e-02,-1.037315581173604145e-02
-2.521545254962500107e-02,-3.878837567951452792e-02,5.732713865832053668e-02,1.028201118141828727e-02,7.551299891807836812e-03,-1.511402812196188661e-02,2.526752289518906843e-03,-7.715754824226659161e-03,1.447252177561661989e-02,-9.486876152605601756e-03
-2.522191532351183638e-02,-3.863248519645565149e-02,5.736174172989868397e-02,9.729999351585869385e-03,7.566997856056811161e-03,-1.354134108105043734e-02,2.925981096627928123e-03,-7.666369441390145055e-03,1.326776726475587496e-02,-8.535717776465541126e-03
-2.522882680922909626e-02,-3.846510148551532393e-02,5.739914880613258136e-02,9.140070410667468920e-03,7.580645150104736371e-03,-1.188131525309514026e-02,3.342454540107765715e-03,-7.606970410217336886e-03,1.198791299949912396e-02,-7.522076285754205824e-03
-2.523620037416935899e-02,-3.828595735935093336e-02,5.743978447106248136e-02,8.510890525190304562e-03,7.590272321620742529e-03,-1.013526861885379743e-02,3.774008249010357609e-03,-7.537129466958451124e-03,1.062881927780458778e-02,-6.442949934836118137e-03
-2.524404059644480905e-02,-3.809462911261576878e-02,5.748357569483212443e-02,7.842395016848604378e-03,7.595916199711218349e-03,-8.307785272404928298e-03,4.219001860183743680e-03,-7.454400379943886164e-03,9.194986650532855493e-03,-5.300524825161837331e-03
-2.525236215578554114e-02,-3.789077372797453047e-02,5.753095516260369607e-02,7.133201830900436601e-03,7.595419435258676279e-03,-6.401022023900088641e-03,4.674741612108027945e-03,-7.357916959523235108e-03,7.683165215808800998e-03,-4.092423936975026627e-03
-2.526117170176509288e-02,-3.767389709466201220e-02,5.758191327561584805e-02,6.383064265672946241e-03,7.588440639496361363e-03,-4.420462028650670380e-03,5.139175126589578396e-03,-7.244985218970054555e-03,6.097875460449446797e-03,-2.820759726273217288e-03
-2.527048558895790900e-02,-3.744356687947679452e-02,5.763690369750091441e-02,5.590525482573364784e-03,7.572521196768248856e-03,-2.369334037581757868e-03,5.609017291209454116e-03,-7.114269597117523283e-03,4.436901500338760046e-03,-1.483984558677216075e-03
-2.528031281004197370e-02,-3.719920036987893475e-02,5.769598553927318685e-02,4.755152998401994228e-03,7.546826707851410701e-03,-2.543540305349851149e-04,6.081705877317293216e-03,-6.962717151254035550e-03,2.705154060080156540e-03,-8.442127789535460618e-05
-2.529067182476135711e-02,-3.694025827042678178e-02,5.775964702231452946e-02,3.875384768330074423e-03,7.508472645956516985e-03,1.919874370479393274e-03,6.553222224122798485e-03,-6.788431370888151073e-03,9.016310284358226672e-04,1.378505284044435463e-03
-2.530157434741344899e-02,-3.666604668757469238e-02,5.782802496632213907e-02,2.950588728931468653e-03,7.455995765379623379e-03,4.144991411229388863e-03,7.020348549831415680e-03,-6.587887937467129702e-03,-9.679359685907375178e-04,2.901873940222073935e-03
-2.531304149222821098e-02,-3.637589378578234833e-02,5.790165915592475343e-02,1.979070026671870316e-03,7.385882722397297227e-03,6.414522787569675900e-03,7.478178593370868321e-03,-6.358550041383259806e-03,-2.902891544747873438e-03,4.484809826133257481e-03
-2.532508823459609856e-02,-3.606896395330119048e-02,5.798077864103723389e-02,9.599759111390440518e-04,7.295817009041334969e-03,8.717901427385698135e-03,7.922707998039495852e-03,-6.096240335290169059e-03,-4.896082808285079011e-03,6.123243660306155675e-03
-2.533773905037338056e-02,-3.574441773813039069e-02,5.806599520460332259e-02,-1.085579224145010477e-04,7.181375498145868563e-03,1.104612787908777587e-02,8.347945640123125358e-03,-5.797669410692709961e-03,-6.944587312849866134e-03,7.814204974533509387e-03
-2.535101294361848112e-02,-3.540123572276299840e-02,5.815765278608740763e-02,-1.227635901558922710e-03,7.039071190529848886e-03,1.338556354850885602e-02,8.748886995425465135e-03,-5.457799684328547979e-03,-9.038971660725229548e-03,9.551612664638952505e-03
-2.536493866865706034e-02,-3.503836183062521148e-02,5.825646314100522277e-02,-2.399324009979534548e-03,6.863151370329052640e-03,1.572369111555914356e-02,9.118214059142175018e-03,-5.072411778247943280e-03,-1.117297475853991015e-02,1.132923629743760874e-02
-2.537954034773838574e-02,-3.465453350031300755e-02,5.836291736058411145e-02,-3.625024165684405126e-03,6.648446134878561141e-03,1.804261100434092005e-02,9.449714503623527981e-03,-4.635350966819102962e-03,-1.333361511747371310e-02,1.313766632403994168e-02
-2.539485230508464406e-02,-3.424840703215707022e-02,5.847786616049655689e-02,-4.907051598358144230e-03,6.387242074436260547e-03,2.032480603260832658e-02,9.734457593247586651e-03,-4.141259086961318787e-03,-1.550970226045094401e-02,1.496559893918287393e-02
-2.541090531786284468e-02,-3.381839083629023524e-02,5.860199630099624524e-02,-6.247159092001361783e-03,6.071900232135761001e-03,2.254626700039549445e-02,9.964781320720702412e-03,-3.582527556060725957e-03,-1.768261414494514891e-02,1.679796232975794973e-02
-2.542774111671535636e-02,-3.336274867014545759e-02,5.873635431103340493e-02,-7.647968517272723567e-03,5.691742470184269626e-03,2.468220565054915494e-02,1.012987954305977038e-02,-2.952355994522796404e-03,-1.983364658330667718e-02,1.861532762495074836e-02
-2.544539930298015187e-02,-3.287943008437908821e-02,5.888189282013470138e-02,-9.111647573756329402e-03,5.235391339090540198e-03,2.669960572948476205e-02,1.022057571341038716e-02,-2.241097164961874510e-03,-2.193515646677371769e-02,2.039318745039411102e-02
-2.546393135088985751e-02,-3.236614141584775312e-02,5.903993117804660906e-02,-1.064116969826350498e-02,4.687652793763320315e-03,2.856255643881621190e-02,1.022456932819725516e-02,-1.439428171643640465e-03,-2.395639896612426420e-02,2.209896390389538834e-02
-2.548338720379768330e-02,-3.182014890349817854e-02,5.921174465350512173e-02,-1.223907747505792280e-02,4.031706679161563278e-03,3.022331570176434168e-02,1.013388817052775052e-02,-5.320348691106741848e-04,-2.585421808273090719e-02,2.369336515426241976e-02
-2.550382382998887115e-02,-3.123823327771104927e-02,5.939879696017892619e-02,-1.390819414387440764e-02,3.246920053306041366e-03,3.162399947456747545e-02,9.946304315062012499e-03,5.064695655385315380e-04,-2.757489673228935220e-02,2.512821485356761878e-02
-2.552526929746726236e-02,-3.061609994804667667e-02,5.960155946644946079e-02,-1.564885364295584558e-02,2.315158979754383846e-03,3.267365194699974745e-02,9.701665056082258570e-03,1.751068615029739315e-03,-2.903558862356810100e-02,2.636470304682074842e-02
-2.554763035499626675e-02,-2.994649381466997495e-02,5.981558668854187327e-02,-1.745218642486117550e-02,1.236147160394262699e-03,3.319821819342123198e-02,9.586073839139556962e-03,3.452739581430136918e-03,-3.009073152232910262e-02,2.742821162801054383e-02
-2.557024041596088135e-02,-2.920974846854477308e-02,6.001076731271793446e-02,-1.926878969785726994e-02,9.503274293872915346e-05,3.273223052966432733e-02,1.032111012193071518e-02,6.514156353717616074e-03,-3.039128715948326287e-02,2.862939259446068557e-02
-2.559015501281766344e-02,-2.832740370414906297e-02,6.003407641213884954e-02,-2.090357380045540503e-02,-7.454212641661852549e-04,2.990379252855428563e-02,1.425358243736294522e-02,1.391174459500769435e-02,-2.896480031954694334e-02,3.115979019469394123e-02
-2.559618677889289109e-02,-2.691688773224943862e-02,5.913547615859184731e-02,-2.175371712590077472e-02,-2.772339029067477341e-04,2.120103524597643369e-02,2.719279726790570922e-02,3.331691506387979979e-02,-2.328884043736111076e-02,3.793505584840899808e-02
-2.555099297208150017e-02,-2.269805304708764210e-02,5.316850066887775228e-02,-2.088546051276901974e-02,2.473334196711426004e-03,3.666037749142471609e-03,5.249833993601248777e-02,6.916850201976586232e-02,-1.108445810645605940e-02,4.891492285652346284e-02
-2.529977245443889786e-02,5.303909689703126089e-03,5.956945228243346047e-03,-2.245242687029017081e-02,-9.101557276900698254e-03,2.372765309594505184e-02,4.089442503952591887e-03,1.242654836781079825e-02,-2.735327036827859409e-02,2.055568936907705216e-02
-2.528895967946674650e-02,7.810322748039348964e-03,2.820294733682382742e-03,-2.323996304946277652e-02,-1.096896357636904795e-02,1.920721133295551220e-02,3.015369889240260802e-03,1.148721857425267015e-02,-2.398527692490234203e-02,1.326574699471360329e-02
-2.529428386357862255e-02,8.275975932256672551e-03,2.767667616060482706e-03,-2.360330869547886540e-02,-1.293405069173138473e-02,1.432011503418085564e-02,2.456749641738400092e-03,1.225907864526235881e-02,-1.925863084525105198e-02,7.316757575954213264e-03
-2.529797523187275743e-02,8.483721371452946150e-03,2.861107156724360372e-03,-2.374152464540472962e-02,-1.460116049065814797e-02,1.058718675440699884e-02,2.211057506956856916e-03,1.260949085550627617e-02,-1.509303888144513869e-02,1.973793091541187119e-03
-2.530006942201320011e-02,8.604075704473961028e-03,2.926525686737884140e-03,-2.378673303233569403e-02,-1.585376364993979978e-02,7.989040739142468789e-03,2.306990651008132467e-03,1.265889201739011337e-02,-1.187716883503945123e-02,-2.426718960300007499e-03
-2.530126901608980433e-02,8.677257915978361588e-03,2.967157439426628979e-03,-2.379623545638282975e-02,-1.674604452791956730e-02,6.252042354497324914e-03,2.562944954609188732e-03,1.255811360480841264e-02,-9.558825328890204961e-03,-5.818656112223123331e-03
-2.530197426637314367e-02,8.722481396302361398e-03,2.992225322452858084e-03,-2.379282094700585840e-02,-1.736327489163380644e-02,5.111131566578061038e-03,2.847531295918349654e-03,1.240209225038393231e-02,-7.950691117834880056e-03,-8.321756643285584121e-03
-2.530239778760033295e-02,8.750716183061345993e-03,3.007743498773739112e-03,-2.378545950436209561e-02,-1.778265662394739807e-02,4.366689185783778106e-03,3.098176209421650822e-03,1.224055948376518918e-02,-6.860701677354737703e-03,-1.011645891668470389e-02
-2.530265614281931863e-02,8.768481680231728428e-03,3.017363365882036810e-03,-2.377759749785149368e-02,-1.806435298224410430e-02,3.881070079581725243e-03,3.294671361436387648e-03,1.209506471644201074e-02,-6.133230175686566789e-03,-1.137804579160872631e-02
-2.530281556628834888e-02,8.779726783184187491e-03,3.023305387610281548e-03,-2.377044009163572016e-02,-1.825212301987426053e-02,3.562871622803834987e-03,3.437280791290276381e-03,1.197194990546516721e-02,-5.653476387982683468e-03,-1.225269001414247723e-02
-2.530291473544633157e-02,8.786876253525905886e-03,3.026933404526573144e-03,-2.376427216422013350e-02,-1.837665356354784355e-02,3.352491387240487484e-03,3.534191242313006361e-03,1.187042837291785169e-02,-5.340597283829406905e-03,-1.285320735209351424e-02
-2.530297673430155145e-02,8.791435509501748305e-03,3.029093765390553517e-03,-2.375902900905100396e-02,-1.845897278734215732e-02,3.211410153781148885e-03,3.595312120509097306e-03,1.178699365408683065e-02,-5.139108515783218957e-03,-1.326283372613018367e-02
-2.530301556979157318e-02,8.794347352328497208e-03,3.030316366334937124e-03,-2.375453612243232440e-02,-1.851328108747896800e-02,3.114844894397389777e-03,3.629664842206540946e-03,1.171759641506863944e-02,-5.011503491848269196e-03,-1.354120267148873659e-02
-2.530303982297947563e-02,8.796204876401850573e-03,3.030934732018355539e-03,-2.375060188119870047e-02,-1.854907853410779628e-02,3.046931526485794316e-03,3.644683110952416649e-03,1.165845756763668473e-02,-4.932664365317627510e-03,-1.373042755404849970e-02
-2.530305493948521028e-02,8.797390295540967117e-03,3.031163583021397132e-03,-2.374707936435729860e-02,-1.857269491542392140e-02,2.997298383636475688e-03,3.645660926809632298e-03,1.160686887180017307e-02,-4.885871876572650367e-03,-1.385890891376635910e-02
-2.530306423974673299e-02,8.798142359659312864e-03,3.031137443171767233e-03,-2.374383489433117694e-02,-1.858830902602538054e-02,2.959441921569380858e-03,3.636804061066793974e-03,1.156042618017897455e-02,-4.860041486651823714e-03,-1.394676025983979106e-02
-2.530306983808418980e-02,8.798614984479412662e-03,3.030943073465525682e-03,-2.374077143430790640e-02,-1.859868296267837284e-02,2.929145478752687853e-03,3.621034450526533586e-03,1.151744545323596554e-02,-4.847844577533313298e-03,-1.400748159028183080e-02
-2.530307307672141973e-02,8.798906669633298899e-03,3.030635964011030564e-03,-2.373782028709321701e-02,-1.860562351985281526e-02,2.903706410194046086e-03,3.600378257056704046e-03,1.147672092375572050e-02,-4.844465371153466524e-03,-1.405010991400254192e-02
-2.530307481072568282e-02,8.799080826920541512e-03,3.030251901246100617e-03,-2.373493137760867427e-02,-1.861032350113139139e-02,2.881387495195069856e-03,3.576241598836383227e-03,1.143741492110130278e-02,-4.846715678806800404e-03,-1.408074592914073352e-02
-2.530307561818648937e-02,8.799180609952873128e-03,3.029815259716214185e-03,-2.373206741114945381e-02,-1.861361239506440987e-02,2.861008380132906443e-03,3.549665593172474706e-03,1.139888803702401691e-02,-4.852373567661425781e-03,-1.410375208631624473e-02
-2.530307584431288823e-02,8.799231774425077257e-03,3.029340534973697444e-03,-2.372920558782746353e-02,-1.861598870494352714e-02,2.841869069043159550e-03,3.521280344926706017e-03,1.136075586379294011e-02,-4.860092322518839644e-03,-1.412176716835808130e-02
-2.530307571922201307e-02,8.799251581590202334e-03,3.028837434404135862e-03,-2.372632847411978996e-02,-1.861779663312506522e-02,2.823504562244529698e-03,3.491541842759981942e-03,1.132274200347374062e-02,-4.868938122093015124e-03,-1.413663823023318493e-02
-2.530307539342631362e-02,8.799251266374253505e-03,3.028312240819553119e-03,-2.372342459711784812e-02,-1.861926103374964003e-02,2.805616047295404498e-03,3.460757267137156649e-03,1.128465909858371655e-02,-4.878287446012458117e-03,-1.414961071827628564e-02
-2.530307496730791958e-02,8.799238208548642790e-03,3.027768922804420677e-03,-2.372048702760523597e-02,-1.862052793164926251e-02,2.788013107525336501e-03,3.429126711940008038e-03,1.124640024447709843e-02,-4.887730337038533220e-03,-1.416147526513183985e-02
-2.530307449588038368e-02,8.799217450573559168e-03,3.027209879803520725e-03,-2.371750955079965709e-02,-1.862169472080680774e-02,2.770564336043323042e-03,3.396802954134496653e-03,1.120791999524126288e-02,-4.896972618326078143e-03,-1.417276995637238059e-02
-2.530307396816388471e-02,8.799192368392909011e-03,3.026635172741203028e-03,-2.371448478209223915e-02,-1.862281110587105104e-02,2.753174144610527705e-03,3.363970702084130397e-03,1.116924271904023817e-02,-4.905785802905749879e-03,-1.418380916673765528e-02
-2.530307318718832618e-02,8.799167067596714784e-03,3.026039466208473201e-03,-2.371139453416766518e-02,-1.862386209219006258e-02,2.735680744070806587e-03,3.331049057094227338e-03,1.113069516706176494e-02,-4.913919688094069670e-03,-1.419465232074352927e-02
-2.530307123225541965e-02,8.799153901617019422e-03,3.025395643291435045e-03,-2.370817181332175033e-02,-1.862464259386571036e-02,2.717503498524523331e-03,3.299393371150598393e-03,1.109375229289160519e-02,-4.920822722695408769e-03,-1.420447591176321814e-02
-2.530306408583318442e-02,8.799202045252745019e-03,3.024577581520042271e-03,-2.370452532274914051e-02,-1.862421377908476949e-02,2.696347812559036963e-03,3.274254804549834620e-03,1.106423217996561036e-02,-4.924672106853976786e-03,-1.420962688016353011e-02
-2.530303441975886164e-02,8.799526938098545248e-03,3.023002618210904238e-03,-2.369917281009226162e-02,-1.861868123644460152e-02,2.662989748718792415e-03,3.275914876744935329e-03,1.106475745642889093e-02,-4.918742835385988069e-03,-1.419583994970785752e-02
-2.530290745453833007e-02,8.801095080172478130e-03,3.017953163704251845e-03,-2.368650425722430841e-02,-1.859239357845072008e-02,2.581265862059179805e-03,3.380785253195295326e-03,1.118132369779779346e-02,-4.878026258165179922e-03,-1.411006228175702183e-02
-2.530236016620259279e-02,8.808286382430462538e-03,2.996607616026252668e-03,-2.364237841706597759e-02,-1.848466383576618383e-02,2.316652731117441102e-03,3.863176984150151847e-03,1.172673978516007229e-02,-4.712562532768180268e-03,-1.376570947871433304e-02
-2.529999887243401455e-02,8.841025579896235817e-03,2.897646421531533019e-03,-2.346603051838223181e-02,-1.807427761885752743e-02,1.417833346682177828e-03,5.616540426324738260e-03,1.373527075820520256e-02,-4.124908394722901113e-03,-1.257554727859240724e-02
-2.528976197069290194e-02,8.991249095101816816e-03,2.417388058026169722e-03,-2.275220563168034449e-02,-1.665327732579231432e-02,-1.312900012565981116e-03,1.093776226182306688e-02,1.986561069930180279e-02,-2.318411291210015560e-03,-9.158189642223469457e-03
-2.524236999509996485e-02,9.739159892297327009e-03,-2.053526367028713428e-04,-1.977220485571078504e-02,-1.251934256176033024e-02,-6.962312274749498341e-03,2.143854003655350227e-02,3.129090875941935301e-02,1.391547293288530754e-03,-2.930988660328750269e-03
-2.494092487222657195e-02,1.511787763679180510e-02,-2.081025856108986022e-02,-1.946431492584011543e-03,-2.642544270576987608e-03,1.289561869254472888e-05,1.574537571728540581e-03,1.379125323906698968e-04,-2.972286705153699086e-03,-3.897620604530928432e-03
-2.493429904909577263e-02,1.519015516816322152e-02,-2.116926526213979559e-02,-1.478728508432246725e-03,-2.313201669365344808e-03,-2.773592680075948752e-04,1.267808679320918787e-03,-5.474260183775826044e-04,-2.654266577186620724e-03,-4.056502204531824661e-03
-2.493267966158854709e-02,1.515777284973909497e-02,-2.117285208909596220e-02,-1.262060963683872463e-03,-2.143258326962692480e-03,-6.314245996776701557e-04,1.215717260286381480e-03,-6.662250243999665294e-04,-2.292865645367316713e-03,-4.261714681293810210e-03
-2.493096016126265801e-02,1.511654432731333701e-02,-2.117271168350491964e-02,-1.026006623931248994e-03,-1.944527722988892210e-03,-8.928138516043566996e-04,1.204175835280705533e-03,-7.924041879999859381e-04,-1.979191857123433797e-03,-4.437109453223404831e-03
-2.492914301619478593e-02,1.507075087643099630e-02,-2.117474257980725069e-02,-7.800955554980384824e-04,-1.718436688701346438e-03,-1.063276205574570973e-03,1.219470882157959370e-03,-9.385336054003686921e-04,-1.735104171780852246e-03,-4.537717408324788183e-03
-2.492726876291703406e-02,1.502194511761010924e-02,-2.117848595571642303e-02,-5.304612451211371217e-04,-1.470914591727630468e-03,-1.162256903331605881e-03,1.249005380414244240e-03,-1.094207959380505413e-03,-1.560742178913578125e-03,-4.559716241455217048e-03
-2.492535699777698177e-02,1.497102128503283516e-02,-2.118358429965959064e-02,-2.794810699851845207e-04,-1.207263197667320315e-03,-1.207797164235085204e-03,1.283969257763158730e-03,-1.253463341958114402e-03,-1.443898882098798835e-03,-4.510659547554110756e-03
-2.492341835727325539e-02,1.491850198516365966e-02,-2.118974959162898269e-02,-2.827190471534184529e-05,-9.319433828973022619e-04,-1.212549622813474020e-03,1.320588317990185976e-03,-1.412408259628358071e-03,-1.374280871837820547e-03,-4.401486554518945979e-03
-2.492145847993025923e-02,1.486471040778375788e-02,-2.119684679609855349e-02,2.227531141081678879e-04,-6.481112519171852888e-04,-1.185057018042501948e-03,1.357026988780567515e-03,-1.569716436727500164e-03,-1.342148468776762889e-03,-4.241551777726992704e-03
-2.491948063903546423e-02,1.480984909050162869e-02,-2.120474149107530806e-02,4.732646087399382186e-04,-3.582886846308764141e-04,-1.130676077034148972e-03,1.393072560558923038e-03,-1.724920091824849386e-03,-1.341286730760640712e-03,-4.039644738175167914e-03
-2.491748711021785426e-02,1.475405747604198806e-02,-2.121338611097562180e-02,7.231678554568639122e-04,-6.417548031738974483e-05,-1.053478631816789912e-03,1.428780168606487650e-03,-1.878053433353807020e-03,-1.366160464020347480e-03,-3.802374088487959439e-03
-2.491548000297340998e-02,1.469742918192331986e-02,-2.122272658076969354e-02,9.723487203728146174e-04,2.329106047311066798e-04,-9.566983568521495764e-04,1.464620835785475361e-03,-2.028826747994970283e-03,-1.414421870301643376e-03,-3.535277918373692062e-03
-2.491346046363462907e-02,1.464003858967682405e-02,-2.123273918758529846e-02,1.220730968448113969e-03,5.319876217768286335e-04,-8.425193708596098556e-04,1.500843851028886219e-03,-2.177412590445018930e-03,-1.482564885690708292e-03,-3.242449335154635928e-03
-2.491142924102470943e-02,1.458194173379227104e-02,-2.124338203665999958e-02,1.468177455878228593e-03,8.322068535797310339e-04,-7.124915348471508271e-04,1.537448320832597538e-03,-2.324202153627973663e-03,-1.568135297378053837e-03,-2.927447651084782131e-03
-2.490938724431512874e-02,1.452318275272228114e-02,-2.125463775909643138e-02,1.714562711426779237e-03,1.132877466093247998e-03,-5.671575465522225249e-04,1.574457251247013889e-03,-2.468836582308632163e-03,-1.669476036035340326e-03,-2.595500140694751139e-03
-2.490733189000195191e-02,1.446372298935396337e-02,-2.126630778442594946e-02,1.959983085485094041e-03,1.434870072611395394e-03,-4.151209316982842749e-04,1.615047349686470632e-03,-2.616225540530670371e-03,-1.789704633590202256e-03,-2.238203498685103869e-03
-2.490525065778704389e-02,1.440298081806566828e-02,-2.127805915626728231e-02,2.206345148784063376e-03,1.744118885301839230e-03,-2.600229927079576644e-04,1.658042213025014274e-03,-2.777727330533474089e-03,-1.928730636559033811e-03,-1.862786378532468564e-03
-2.490301791638167145e-02,1.433612940266270827e-02,-2.128847846585998210e-02,2.475423583877013178e-03,2.095229616374398238e-03,-1.054884279836825416e-04,1.701638275252271388e-03,-2.973571102539057046e-03,-2.060229910933068787e-03,-1.636029134712718193e-03
-2.489950684419405327e-02,1.424260832207476304e-02,-2.128328792495521454e-02,2.951755250764629464e-03,2.380446936785747970e-03,-4.078383630042832020e-04,2.128899197041064957e-03,-3.098627312627810423e-03,-1.699244165289212584e-03,-2.698841346355132943e-03
-2.489910748180316005e-02,1.422432287487489753e-02,-2.131648778900072094e-02,2.919725995047402732e-03,2.584150866702828765e-03,2.477262611633904263e-04,1.787351066425196680e-03,-3.139184111459021858e-03,-2.357113378948492034e-03,-7.710605125762383513e-04
-2.489693157645837818e-02,1.415945025091763614e-02,-2.133361296287384495e-02,3.173136878079827177e-03,2.936361561129618644e-03,5.037387469561434164e-04,1.825818076280234185e-03,-3.329404654591641526e-03,-2.462585045025243724e-03,-3.325796917147273279e-04
-2.489440676086003210e-02,1.408360730095933357e-02,-2.134996939700851970e-02,3.445686776026053635e-03,3.335683496395782429e-03,6.352670040383832494e-04,1.907052734353746441e-03,-3.572726746789889069e-03,-2.641342283893787033e-03,2.039233957957829811e-04
-2.489288030573996724e-02,1.404057706704669659e-02,-2.136259842173029305e-02,3.630908821119070273e-03,3.466326683054932970e-03,8.907463099099959805e-04,1.878155279285712888e-03,-3.543117170980703261e-03,-2.772015775483499967e-03,4.428542498144354806e-04
-2.489084715914467033e-02,1.398028295082376186e-02,-2.137641735984243882e-02,3.856529625892583454e-03,3.728850823755863568e-03,1.070970524163976844e-03,1.905748594598491181e-03,-3.654328542477936360e-03,-2.951690667141547604e-03,8.252481916709176329e-04
-2.488874810968304610e-02,1.391792115146344051e-02,-2.139193878416691813e-02,4.086540420823413927e-03,4.004146571051434532e-03,1.261901030629046126e-03,1.951433599157266800e-03,-3.784788511793354526e-03,-3.127428052701660983e-03,1.255071426818796200e-03
-2.488664002807784367e-02,1.385494560676567982e-02,-2.140836429716078473e-02,4.314964294253798537e-03,4.276683419489078763e-03,1.469017781703016966e-03,1.994698646910296642e-03,-3.909314022947711978e-03,-3.303393997516830809e-03,1.670482081373775816e-03
-2.488452793413784697e-02,1.379158279239363176e-02,-2.142541470092837116e-02,4.541287485950519162e-03,4.545510789527376638e-03,1.685306736923237840e-03,2.035859986266699492e-03,-4.030718417678275621e-03,-3.479208933386530953e-03,2.077500112965917790e-03
-2.488241188294698647e-02,1.372795606790500403e-02,-2.144288028682743083e-02,4.765359006351032808e-03,4.810293872157897326e-03,1.900680406980782703e-03,2.077710196233962213e-03,-4.151793588429987872e-03,-3.655702529497375890e-03,2.485802736200625699e-03
-2.488029412006177721e-02,1.366415055133944102e-02,-2.146073509065818397e-02,4.986990337231875410e-03,5.070239500980183375e-03,2.114892863750630209e-03,2.119296574852619179e-03,-4.270681380179472235e-03,-3.831610730989479068e-03,2.889898917873479165e-03
-2.487817566604810793e-02,1.360022463849332175e-02,-2.147895858260861005e-02,5.206107615939668809e-03,5.324738744131933023e-03,2.326187605316018623e-03,2.160269721517185226e-03,-4.387716064425546333e-03,-4.004552539044145022e-03,3.287683960460396123e-03
-2.487605750500270982e-02,1.353622513316588179e-02,-2.149752070421259709e-02,5.422601808552853994e-03,5.573358639088554257e-03,2.533497637317487852e-03,2.200597477115058282e-03,-4.502532604420773910e-03,-4.173347344517850874e-03,3.677353689021626171e-03
-2.487394029046013227e-02,1.347219243584439445e-02,-2.151640714806700785e-02,5.636403489445787618e-03,5.815766356103904168e-03,2.735662386548735978e-03,2.239950519686382136e-03,-4.615482854439381839e-03,-4.336767134888862285e-03,4.057556985388562770e-03
-2.487182483949079356e-02,1.340816035287294671e-02,-2.153559527578773752e-02,5.847417152235469609e-03,6.051625896932019688e-03,2.931827841934840986e-03,2.278460750787977742e-03,-4.726232452511845185e-03,-4.493933999972639717e-03,4.426709964786930927e-03
-2.486971178765165838e-02,1.334416256918798463e-02,-2.155507368745100683e-02,6.055581054559124564e-03,6.280688861213027524e-03,3.120982183256802104e-03,2.315865602243429022e-03,-4.835002947505467018e-03,-4.643845637702910187e-03,4.783941125574279161e-03
-2.486760188155057172e-02,1.328023019637916170e-02,-2.157482147049667731e-02,6.260798419432491053e-03,6.502708986375848460e-03,3.302425567755115816e-03,2.352149377010928546e-03,-4.941492169298343159e-03,-4.785838947636281669e-03,5.127948540465491166e-03
-2.486549569001238885e-02,1.321639436860218113e-02,-2.159482857015295604e-02,6.463015095496151691e-03,6.717488001142713286e-03,3.475317528082887651e-03,2.387038445897235548e-03,-5.045993485906285179e-03,-4.919040013373433828e-03,5.457963871320139874e-03
-2.486339396732990814e-02,1.315268389131525432e-02,-2.161507498074363362e-02,6.662143858340778373e-03,6.924824803097056301e-03,3.639025670843643815e-03,2.420548945256130978e-03,-5.148175907084128790e-03,-5.042946005727145728e-03,5.772911092972095662e-03
-2.486129726841845508e-02,1.308912884868406422e-02,-2.163555054649311110e-02,6.858135057190239102e-03,7.124555961205450601e-03,3.792815418518327361e-03,2.452414263449811428e-03,-5.248352806157786758e-03,-5.156762551049155589e-03,6.072088505681265749e-03
-2.485920624526511552e-02,1.302575455059558698e-02,-2.165623697584768623e-02,7.050908548300036278e-03,7.316554557435941443e-03,3.936250562577722767e-03,2.482554788330162531e-03,-5.346217871258459806e-03,-5.260200495793987928e-03,6.354820696254388085e-03
-2.485712145601080489e-02,1.296258996270515870e-02,-2.167712422707059744e-02,7.240421820412502180e-03,7.500689472250204708e-03,4.068689807749277521e-03,2.510725537938333311e-03,-5.442089901732070738e-03,-5.352557463974438705e-03,6.620509745607940956e-03
-2.485504362616233059e-02,1.289966054659340104e-02,-2.169819347629838371e-02,7.426605476738908952e-03,7.676843579417189610e-03,4.189677094156021679e-03,2.536950469305295202e-03,-5.535648992120794157e-03,-5.433584419184438880e-03,6.868439877819708037e-03
-2.485297332463190165e-02,1.283699229237555278e-02,-2.171943504546213974e-02,7.609426408939890495e-03,7.844935825436501198e-03,4.298661669964735227e-03,2.561004035280240506e-03,-5.627093202480082726e-03,-5.502762345792130624e-03,7.098437654291134269e-03
-2.485091120803792700e-02,1.277460869568693320e-02,-2.174083127693571260e-02,7.788825205589832573e-03,8.004893472745404359e-03,4.395350956805267086e-03,2.582925713074541059e-03,-5.716230273879052345e-03,-5.559956590866117765e-03,7.309758186559478337e-03
-2.484885779954443957e-02,1.271253509337946265e-02,-2.176237276623594827e-02,7.964773255430095122e-03,8.156676085273364615e-03,4.479342489754159842e-03,2.602433094195570965e-03,-5.803326342832139557e-03,-5.604745160547714398e-03,7.502316796222101465e-03
-2.484681376905700789e-02,1.265079442259846310e-02,-2.178404180503801940e-02,8.137218927960765402e-03,8.300245114192769322e-03,4.550392338316288504e-03,2.619531523134354441e-03,-5.888137804450478338e-03,-5.637101341340064985e-03,7.675654470099852779e-03
-2.484477964710677528e-02,1.258940982097006035e-02,-2.180582910340988709e-02,8.306143892725529124e-03,8.435595929778001711e-03,4.608195986390530713e-03,2.634027490385064743e-03,-5.970924814742165077e-03,-5.656721010627470229e-03,7.829773434111867922e-03
-2.484275608226865079e-02,1.252840306986490598e-02,-2.182771741949808553e-02,8.471507628571892101e-03,8.562718550111526189e-03,4.652604776256034566e-03,2.645924244154510864e-03,-6.051448453840183386e-03,-5.663679546703040066e-03,7.964371494489481951e-03
-2.484074360458448164e-02,1.246779672065397894e-02,-2.184969711122548494e-02,8.633299225737172539e-03,8.681636442465251458e-03,4.683399330174200029e-03,2.655040334811461546e-03,-6.129984032457071533e-03,-5.657740943051089988e-03,8.079525589260729349e-03
-2.483874282672809269e-02,1.240760955258862590e-02,-2.187175235175126825e-02,8.791487871854060041e-03,8.792400388015646218e-03,4.700576152181519703e-03,2.661398118126214254e-03,-6.206325666331754913e-03,-5.639161384379707057e-03,8.175147033286382994e-03
-2.483675427711422648e-02,1.234786330787079889e-02,-2.189387319571971940e-02,8.946071741053702661e-03,8.895056403501716558e-03,4.703999182005970565e-03,2.664837242524802086e-03,-6.280737779423673818e-03,-5.607785885318330478e-03,8.251413337177101320e-03
-2.483477858604369107e-02,1.228857746954793891e-02,-2.191604317140373806e-02,9.097028341804435508e-03,8.989665066167128182e-03,4.693696564604656236e-03,2.665395091304766789e-03,-6.353036738297825059e-03,-5.563878513287799817e-03,8.308238147894433587e-03
-2.483281626246770790e-02,1.222977156934289614e-02,-2.193825287439942970e-02,9.244364788114523002e-03,9.076313756266515473e-03,4.669655419686682095e-03,2.662936172322349828e-03,-6.423479264383804080e-03,-5.507424719227669088e-03,8.345988125478839489e-03
-2.483086792887702343e-02,1.217146404075943739e-02,-2.196048611591893893e-02,9.388068170043320851e-03,9.155091727006960459e-03,4.631982999378176334e-03,2.657514939901111945e-03,-6.491893122343852379e-03,-5.438774991880529486e-03,8.364689870570771527e-03
-2.482893408615580513e-02,1.211367369951658890e-02,-2.198273329703685428e-02,9.528152849256732448e-03,9.226114245044917186e-03,4.580749154410975604e-03,2.648992671643572109e-03,-6.558534380853154114e-03,-5.357990597226914599e-03,8.364818569390763264e-03
-2.482701533091850529e-02,1.205641741932586726e-02,-2.200497885881245314e-02,9.664616678508724038e-03,9.289498874683606994e-03,4.516164701838631078e-03,2.637474590112168660e-03,-6.623290862948816998e-03,-5.265493521268508822e-03,8.346405989502215725e-03
-2.482511217371275239e-02,1.199971313516598991e-02,-2.202721293952477483e-02,9.797481125619050130e-03,9.345387118536337134e-03,4.438366327329491649e-03,2.622849368067940289e-03,-6.686402003881486422e-03,-5.161425282423012795e-03,8.310052608373069000e-03
-2.482322522030648571e-02,1.194357757079621447e-02,-2.204941953161775395e-02,9.926758127789458638e-03,9.393918009028117896e-03,4.347643081656294567e-03,2.605213198178754977e-03,-6.747716193814031621e-03,-5.046302725389615468e-03,8.256004056053214968e-03
-2.482135494379725943e-02,1.188802688054012464e-02,-2.207158984945631688e-02,1.005246584337196256e-02,9.435241134674596589e-03,4.244146909852752024e-03,2.584475737239847869e-03,-6.807491107711955390e-03,-4.920244135138838321e-03,8.184778437101128054e-03
-2.481950194965052911e-02,1.183307738688652196e-02,-2.209370777719858389e-02,1.017462377299910639e-02,9.469521765988052342e-03,4.128229509370926267e-03,2.560752600511272559e-03,-6.865615922725928910e-03,-4.783811768229642887e-03,8.096663499532197328e-03
-2.481766672220921122e-02,1.177874417701627215e-02,-2.211576411218812641e-02,1.029326807866812188e-02,9.496955895591394081e-03,4.000201541195390689e-03,2.533977072113805136e-03,-6.922324655595004164e-03,-4.637323616286357503e-03,7.992439916915365303e-03
-2.481584984954429002e-02,1.172504263568737749e-02,-2.213774330977952634e-02,1.040842025282465166e-02,9.517714497043626778e-03,3.860425543992968521e-03,2.504279715178331367e-03,-6.977509170604370703e-03,-4.481325970514549346e-03,7.872395729227942701e-03
-2.481405181162026075e-02,1.167198777880040957e-02,-2.215963548766629321e-02,1.052012269923842738e-02,9.531997490830102643e-03,3.709252404905250943e-03,2.471625409961174247e-03,-7.031417217429749428e-03,-4.316122466824564609e-03,7.737275885881344031e-03
-2.481227317632371185e-02,1.161959364313479813e-02,-2.218142564047971207e-02,1.062840449818656767e-02,9.539998230267033794e-03,3.547112711481429162e-03,2.436166666715638886e-03,-7.083956957133603904e-03,-4.142323191778297074e-03,7.587452175490414473e-03
-2.481051442560683676e-02,1.156787452361144296e-02,-2.220310406744453388e-02,1.073331423894913379e-02,9.541931491357631689e-03,3.374402496137731029e-03,2.397879242933395084e-03,-7.135355112568842612e-03,-3.960279923989356958e-03,7.423726547108113437e-03
-2.480877612696527623e-02,1.151684387335012542e-02,-2.222465587127796585e-02,1.083488535866279981e-02,9.538010827780709841e-03,3.191587858623654884e-03,2.356914025729590217e-03,-7.185504988803149279e-03,-3.770616984771727777e-03,7.246545743822383964e-03
-2.480705874515831688e-02,1.146651526513709808e-02,-2.224607132758068401e-02,1.093317193507010836e-02,9.528458083862196767e-03,2.999105783165404229e-03,2.313271540200713145e-03,-7.234652336011004013e-03,-3.573739343833257694e-03,7.056742461818497902e-03
-2.480536278178032197e-02,1.141690195834730789e-02,-2.226733620547788686e-02,1.102821062707563110e-02,9.513503251572798594e-03,2.797521668635762505e-03,2.267051559818929456e-03,-7.282796930631434129e-03,-3.370270942158207651e-03,6.854683765251108445e-03
-2.480368875131044870e-02,1.136801632896603138e-02,-2.228844043254555110e-02,1.112006214820920533e-02,9.493375818882012623e-03,2.587254573396099901e-03,2.218343697821772813e-03,-7.330074829248174259e-03,-3.160613076204680637e-03,6.641284199913999320e-03
-2.480203724740969243e-02,1.131986923349733928e-02,-2.230936950216346956e-02,1.120877404542522902e-02,9.468305932175515374e-03,2.368787006851671810e-03,2.167395119434676037e-03,-7.376270556870883482e-03,-2.945450232899026952e-03,6.417216338570759862e-03
-2.480040866862139037e-02,1.127247385726645908e-02,-2.233011407965222739e-02,1.129440482909785902e-02,9.438541302555327958e-03,2.142676069438389109e-03,2.114163476362088730e-03,-7.421717927164370003e-03,-2.725169628140909454e-03,6.183188357466329159e-03
-2.479880354478849677e-02,1.122584161131847530e-02,-2.235066004212069024e-02,1.137700207841063106e-02,9.404319090737228021e-03,1.909477072027535765e-03,2.058828522691962589e-03,-7.466314283141779924e-03,-2.500426071215448940e-03,5.939750608184812992e-03
-2.479722231468287769e-02,1.117998387487992989e-02,-2.237099806684570910e-02,1.145663134685581674e-02,9.365889801985327612e-03,1.669718103809258872e-03,2.001443377437002544e-03,-7.510275180114254524e-03,-2.271635373347904389e-03,5.687740628154491253e-03
-2.479566546727900514e-02,1.113491183102240621e-02,-2.239111440337652331e-02,1.153334166917750238e-02,9.323498391489609335e-03,1.423996969468532868e-03,1.942154092781493398e-03,-7.553548743316348783e-03,-2.039439189367410737e-03,5.427694780596277122e-03
-2.479413343378465695e-02,1.109063638169153522e-02,-2.241099978632910689e-02,1.160720265774661981e-02,9.277403609202809764e-03,1.172873942151474299e-03,1.881021587089868555e-03,-7.596342583582898871e-03,-1.804270562186515835e-03,5.160457089676459205e-03
-2.479262669516813997e-02,1.104716726850428835e-02,-2.243064126595665023e-02,1.167826187104192663e-02,9.227842132478089252e-03,9.169015467058662557e-04,1.818220759856911716e-03,-7.638552737712273055e-03,-1.566715658884603769e-03,4.886549881541844310e-03
-2.479114569678960225e-02,1.100451463238861886e-02,-2.245002948997396747e-02,1.174659300510761013e-02,9.175072122817201983e-03,6.566221395712881640e-04,1.753858183944377374e-03,-7.680335164571576792e-03,-1.327210056685962673e-03,4.606874556142162222e-03
-2.478969101781448511e-02,1.096268650829082363e-02,-2.246915070756187044e-02,1.181225723244708724e-02,9.119326207945996007e-03,3.925250038497818351e-04,1.688280632405840054e-03,-7.721408575154797838e-03,-1.086377702036497210e-03,4.322162734567336698e-03
-2.478826304885066098e-02,1.092169228498326983e-02,-2.248799645897948604e-02,1.187532477026854473e-02,9.060864824982388030e-03,1.251650170226681856e-04,1.621550559500283591e-03,-7.761960401610041270e-03,-8.446171425442089474e-04,4.033245347328239493e-03
-2.478686219670778526e-02,1.088154166906013520e-02,-2.250655433011639062e-02,1.193584795898276242e-02,8.999933272685521624e-03,-1.448031712212014856e-04,1.553784571330867927e-03,-7.801987526558621169e-03,-6.024966807327402502e-04,3.740560471860992098e-03
-2.478548883633231725e-02,1.084224343071438570e-02,-2.252481627941831446e-02,1.199389734616011609e-02,8.936787536017763017e-03,-4.168278872306318845e-04,1.485058807415060196e-03,-7.841666613373684050e-03,-3.604043975711706876e-04,3.444924099069941303e-03
-2.478414341038749635e-02,1.080380559475706097e-02,-2.254276993500477569e-02,1.204953018286414497e-02,8.871665054251855545e-03,-6.903231541688210036e-04,1.415572183716904461e-03,-7.880875458108843254e-03,-1.188833192746769209e-04,3.146877076746593203e-03
-2.478282628918762609e-02,1.076623601390127617e-02,-2.256040767246907455e-02,1.210281828057862413e-02,8.804814221044695785e-03,-9.647604488060199622e-04,1.345429965010137754e-03,-7.919748167494659527e-03,1.216930004257595001e-04,2.847237900391306944e-03
-2.478153789667547624e-02,1.072954186425364650e-02,-2.257771762394765111e-02,1.215381754977076616e-02,8.736470841164814538e-03,-1.239558135368833093e-03,1.274854094280715791e-03,-7.958183401261214110e-03,3.608120252010488900e-04,2.546498575421590055e-03
-2.478027856967874101e-02,1.069373040918004947e-02,-2.259469284279336937e-02,1.220259778390734781e-02,8.666884176428503450e-03,-1.514186813597783810e-03,1.203912472245228290e-03,-7.996309039972249524e-03,5.981165420256879953e-04,2.245467795843847977e-03
-2.477904870914563601e-02,1.065880812786432728e-02,-2.261132197418501757e-02,1.224921451633812983e-02,8.596276133312177187e-03,-1.788084564668358844e-03,1.132823423261120196e-03,-8.033999222572788326e-03,8.331346491671329409e-04,1.944624128014158784e-03
-2.477784863957098807e-02,1.062478119972620760e-02,-2.262759857743965389e-02,1.229373824661580961e-02,8.524888529588412617e-03,-2.060756079677661997e-03,1.061691525033921528e-03,-8.071356081740825930e-03,1.065536051064719684e-03,1.644742070157092194e-03
-2.477667874309966503e-02,1.059165505345788585e-02,-2.264351194537926951e-02,1.233622203092475667e-02,8.452940201069923665e-03,-2.331652435754817242e-03,9.907408295186830634e-04,-8.108245633089048235e-03,1.294873497124923029e-03,1.346308263137857477e-03
-2.477553930680859162e-02,1.055943517308634283e-02,-2.265905652126769948e-02,1.237673342095382822e-02,8.380661086334423304e-03,-2.600292229012714749e-03,9.200595135033407413e-04,-8.144768678656762878e-03,1.520834120440757182e-03,1.050069387846314789e-03
-2.477443066836821500e-02,1.052812635708393584e-02,-2.267422233336471860e-02,1.241532152052501371e-02,8.308270818404185978e-03,-2.866122219398961699e-03,8.498326339613402561e-04,-8.180825202561371398e-03,1.743022040974090761e-03,7.564180091819411441e-04
-2.477335307723294716e-02,1.049773230144520654e-02,-2.268900496813642739e-02,1.245205525117479284e-02,8.235991634430062103e-03,-3.128674143510305761e-03,7.801921783899860244e-04,-8.216515720514346727e-03,1.961143112961891404e-03,4.660591550656312926e-04
-2.477230687751283064e-02,1.046825750640811500e-02,-2.270339481041777283e-02,1.248697327950731330e-02,8.164025378877995051e-03,-3.387488735659408955e-03,7.112858054359927264e-04,-8.251656801317905701e-03,2.174855094435833129e-03,1.794263746282233536e-04
-2.477129229509399469e-02,1.043970524850275014e-02,-2.271738787971259999e-02,1.252014406785104290e-02,8.092588028178044485e-03,-3.642118376886952814e-03,6.432194092060736440e-04,-8.286317720543879412e-03,2.383883414292834249e-03,-1.027490442946733318e-04
-2.477030962887807539e-02,1.041207839219334026e-02,-2.273097566971048200e-02,1.255160454955158572e-02,8.021880326005077430e-03,-3.892077969646755981e-03,5.761816221662870684e-04,-8.320388829062577013e-03,2.587894624868584265e-03,-3.801520246210627588e-04
-2.476935907952849264e-02,1.038537973865498627e-02,-2.274415497098215139e-02,1.258141412719940809e-02,7.952112704247433703e-03,-4.137000709203411328e-03,5.102405095301984364e-04,-8.353936406357216279e-03,2.786685497389142143e-03,-6.521370319669314965e-04
-2.476844087804487907e-02,1.035960906994013407e-02,-2.275691932086245164e-02,1.260961222067992320e-02,7.883479978884139205e-03,-4.376336156871734120e-03,4.456108477337124762e-04,-8.386825884892520899e-03,2.979860817676218809e-03,-9.182955294421228090e-04
-2.476755522323992320e-02,1.033477118775145108e-02,-2.276926547340766757e-02,1.263624312142392139e-02,7.816126455891303504e-03,-4.609920197026469782e-03,3.822593084027512268e-04,-8.419002670811703143e-03,3.167413406462902398e-03,-1.178067269065883596e-03
-2.476670238640997848e-02,1.031086663112226222e-02,-2.278118572192511584e-02,1.266134229833514036e-02,7.750302138023105678e-03,-4.837186588421944246e-03,3.203444034194118844e-04,-8.450392266490179896e-03,3.348894320206906826e-03,-1.430978033978899406e-03
-2.476588251610779487e-02,1.028789861635085248e-02,-2.279267822648994857e-02,1.268496315659886110e-02,7.686119925352045794e-03,-5.057883654609887994e-03,2.600543273906016765e-04,-8.481148562423015264e-03,3.524236039384487460e-03,-1.676867534266982722e-03
-2.476509586388970716e-02,1.026587275561406665e-02,-2.280373379984371868e-02,1.270713229606767677e-02,7.623595197068345521e-03,-5.271860264836975007e-03,2.014970310458170119e-04,-8.510933096465170961e-03,3.693586307857293916e-03,-1.915586174201691638e-03
-2.476434279875733974e-02,1.024480003248093470e-02,-2.281434405741459767e-02,1.272792353478031761e-02,7.562909323566601935e-03,-5.478787221384212765e-03,1.448562708586494574e-04,-8.539961740937138460e-03,3.856757546500781848e-03,-2.146843968648630765e-03
-2.476362346794971220e-02,1.022467488918359438e-02,-2.282450537314243896e-02,1.274735536439470900e-02,7.504419197599233003e-03,-5.677985142245180888e-03,8.980824294273907803e-05,-8.567773803862170287e-03,4.012887524239822264e-03,-2.368855811180810896e-03
-2.476293801275577383e-02,1.020549838589712190e-02,-2.283421656131507174e-02,1.276549239086297374e-02,7.448329023235612280e-03,-5.869028669176242288e-03,3.657497968863551323e-05,-8.594600935428556646e-03,4.161711310562994821e-03,-2.581391688493557893e-03
-2.476228645400946685e-02,1.018726757280857126e-02,-2.284347559793259083e-02,1.278232386886534594e-02,7.394565306342314008e-03,-6.051992960982600749e-03,-1.460264727147255017e-05,-8.620274739506796763e-03,4.303701271775049568e-03,-2.785003698354619663e-03
-2.476166900168770904e-02,1.016998589607655094e-02,-2.285228068851476169e-02,1.279787737581548901e-02,7.343431195204682370e-03,-6.226586591638198602e-03,-6.399951697684491366e-05,-8.644700612592294553e-03,4.438393186415523321e-03,-2.978566985604249890e-03
-2.476108586741988457e-02,1.015366074443794196e-02,-2.286062065640353386e-02,1.281222243707981490e-02,7.294774914374498390e-03,-6.392584940090181682e-03,-1.110298466790020659e-04,-8.667953958909796128e-03,4.566145377652834972e-03,-3.162959406104234351e-03
-2.476053716860221118e-02,1.013829179123767674e-02,-2.286849627007058600e-02,1.282538884599131526e-02,7.248884237335639566e-03,-6.549682544209470270e-03,-1.558904027187321955e-04,-8.689946930711602013e-03,4.686401998418764092e-03,-3.336890851267964014e-03
-2.476002322523896543e-02,1.012388803562707523e-02,-2.287589624615255987e-02,1.283739663315265796e-02,7.205800013652364014e-03,-6.697608545358825667e-03,-1.985244015226268321e-04,-8.710614038152287089e-03,4.799192627541574996e-03,-3.500620126894845186e-03
-2.475954405112004014e-02,1.011044994799001860e-02,-2.288282239615615360e-02,1.284826900748865623e-02,7.165579593287721080e-03,-6.836526671848227980e-03,-2.389699502121381757e-04,-8.729762443593153814e-03,4.904662307875787101e-03,-3.653612342749326409e-03
-2.475909998324497124e-02,1.009798719411270432e-02,-2.288925940883745902e-02,1.285811103597090874e-02,7.128198749449115267e-03,-6.965806319995990377e-03,-2.766034998053310142e-04,-8.747721702986165776e-03,5.002729415484372631e-03,-3.796453129148056813e-03
-2.475869122661802577e-02,1.008650714085207109e-02,-2.289520538686039275e-02,1.286694224852566286e-02,7.093895466003734968e-03,-7.085271245022100456e-03,-3.118521115439510999e-04,-8.764151107020596784e-03,5.092766625049896696e-03,-3.927581882055876557e-03
-2.475831813157479411e-02,1.007602182541615654e-02,-2.290064511831651009e-02,1.287482892550295861e-02,7.062520863163717667e-03,-7.194689189618115252e-03,-3.442365951402186707e-04,-8.779221164976439007e-03,5.175099414967474290e-03,-4.047761372554729668e-03
-2.475798073335322078e-02,1.006653695452220179e-02,-2.290558093093264524e-02,1.288173897405038570e-02,7.034101122201875424e-03,-7.294554751268013913e-03,-3.739060535120606894e-04,-8.792868733189981509e-03,5.250129151092244699e-03,-4.157400908597229036e-03
-2.475767930979609968e-02,1.005805589450560998e-02,-2.291000014576916738e-02,1.288777084565414892e-02,7.008804416778537452e-03,-7.383856027706878732e-03,-4.008618737688797017e-04,-8.805069576115587965e-03,5.316793358264619573e-03,-4.254932138029487478e-03
-2.475741394561672623e-02,1.005058678260155498e-02,-2.291389976174875928e-02,1.289302576474021800e-02,6.986553968401017743e-03,-7.462612896011390495e-03,-4.243868198127250424e-04,-8.815994973701118606e-03,5.375609767360740865e-03,-4.341384238500813932e-03
-2.475718529262262504e-02,1.004415295004875211e-02,-2.291726015328525087e-02,1.289743585845810371e-02,6.967308410812287148e-03,-7.531112160531778371e-03,-4.452602165698323826e-04,-8.825201222655407532e-03,5.426776125446605703e-03,-4.416112570321548483e-03
-2.475699274590839952e-02,1.003873292221502296e-02,-2.292010245105184987e-02,1.290100559439442615e-02,6.951204513268707808e-03,-7.589395163386073416e-03,-4.632555927174998459e-04,-8.832738100749928933e-03,5.470119418891411858e-03,-4.479021944425690127e-03
-2.475683733703580927e-02,1.003435918630781257e-02,-2.292238575675842327e-02,1.290398297743309414e-02,6.938315621652890210e-03,-7.635804979709374767e-03,-4.778068934205552008e-04,-8.839011247174859490e-03,5.504371915912460549e-03,-4.529019774502924915e-03
-2.475671858034403025e-02,1.003103207593589001e-02,-2.292413242343854449e-02,1.290616184938064154e-02,6.928332153311986090e-03,-7.672514429521513912e-03,-4.898108933286354858e-04,-8.843112643529332448e-03,5.531314486122683623e-03,-4.566677643569013942e-03
-2.475663739693511473e-02,1.002876903072595638e-02,-2.292530247794683299e-02,1.290788121386788646e-02,6.921491679682934169e-03,-7.696727339078830547e-03,-4.982493284505665285e-04,-8.845860439190996599e-03,5.548469830747271639e-03,-4.590490971361841678e-03
-2.475659362624352614e-02,1.002758490901182672e-02,-2.292590579919214638e-02,1.290898192228968379e-02,6.917479096410772410e-03,-7.710440046023748009e-03,-5.023261645577531539e-04,-8.847731294980457767e-03,5.558628739424086550e-03,-4.604582015631602208e-03
-2.524450797209322819e-02,-5.044445381127315997e-02,7.569518019653781460e-02,1.495838689561977339e-02,1.556845416689723975e-02,-4.619072236696786238e-02,3.746277998016463856e-02,3.158954150447130377e-02,3.305128971932713017e-02,-5.612964825000533835e-03
-2.524480857112779836e-02,-5.043719665530672219e-02,7.569629643712619260e-02,1.493324346676069489e-02,1.557152733533174842e-02,-4.611260124480804495e-02,3.748533966948072726e-02,3.159107975149604702e-02,3.299971878733889280e-02,-5.564804843375716070e-03
-2.524550104970701286e-02,-5.042109818543604599e-02,7.569993088383189517e-02,1.487368106737663696e-02,1.557505200342677171e-02,-4.592757817074449161e-02,3.753542248278634447e-02,3.159069688985358809e-02,3.286118792200387606e-02,-5.464446171885828894e-03
-2.524657769737981977e-02,-5.039570902366211080e-02,7.570499442421667335e-02,1.478194737740740929e-02,1.558307922499792622e-02,-4.564082094388369898e-02,3.761389250295316122e-02,3.159312859245990562e-02,3.265635595622028153e-02,-5.308510016069106774e-03
-2.524805083287048196e-02,-5.036116916871546251e-02,7.571231497887112583e-02,1.465598161111686913e-02,1.559287991126901037e-02,-4.525007029614695059e-02,3.772210089367471902e-02,3.159356403419020382e-02,3.237094725310302873e-02,-5.089854889498614081e-03
-2.524991258911066239e-02,-5.031726409545493606e-02,7.572123709783790124e-02,1.449728778260830214e-02,1.560660658032285604e-02,-4.475738193470026743e-02,3.785798361221153624e-02,3.159562510256035128e-02,3.201617049347415395e-02,-4.815589871284856223e-03
-2.525217383842464497e-02,-5.026407413488743342e-02,7.573242543697630835e-02,1.430417679715485085e-02,1.562195688566872867e-02,-4.416103236484421324e-02,3.802261358421531179e-02,3.159711190155353039e-02,3.158119145150550117e-02,-4.479723432990930995e-03
-2.525482855633863488e-02,-5.020138014635350254e-02,7.574535138413633628e-02,1.407785260230349882e-02,1.564075426497659252e-02,-4.346351831320729303e-02,3.821448239285837878e-02,3.160061987134766409e-02,3.107540185332800797e-02,-4.087401514087578985e-03
-2.525788726651836957e-02,-5.012920300017315034e-02,7.576057957163273571e-02,1.381682139579001357e-02,1.566094478185331429e-02,-4.266363059465128060e-02,3.843385407031195411e-02,3.160447617242010537e-02,3.048991162176396819e-02,-3.633285751844374505e-03
-2.526134584607694564e-02,-5.004731239695141276e-02,7.577769373042839152e-02,1.352199622564765301e-02,1.568400023698152124e-02,-4.176391000899391109e-02,3.867958137191911117e-02,3.161108269137163224e-02,2.983240939582019677e-02,-3.121703742923287537e-03
-2.526521486132932842e-02,-4.995567428264249127e-02,7.579719375779199464e-02,1.319200241063099403e-02,1.570803891619250089e-02,-4.076354744191013763e-02,3.895132041276064272e-02,3.161924165208836179e-02,2.909536541136119661e-02,-2.547760547820368971e-03
-2.526949196558277155e-02,-4.985403781114835370e-02,7.581875181077454839e-02,1.282750901202468936e-02,1.573423992727520856e-02,-3.966526407545586247e-02,3.924805380232225527e-02,3.163114742461210771e-02,2.828525081753401754e-02,-1.915214088142504732e-03
-2.527418798298707373e-02,-4.974231558291435790e-02,7.584282451193505303e-02,1.242721237901697404e-02,1.576080795275263541e-02,-3.846869160980925101e-02,3.956897403725889717e-02,3.164606202115387290e-02,2.739564763309914469e-02,-1.219693936203269848e-03
-2.527930228997057535e-02,-4.962022893078982949e-02,7.586915872407493100e-02,1.199157036463504439e-02,1.578864321985603766e-02,-3.717677254185308700e-02,3.991306646247518713e-02,3.166609887383244754e-02,2.643208274722847959e-02,-4.643184189604076758e-04
-2.528484619490019639e-02,-4.948763511906197066e-02,7.589818328574751694e-02,1.151931605160455563e-02,1.581597474446607560e-02,-3.578963667657900777e-02,4.027907529755086341e-02,3.169094520313357061e-02,2.538905562348932332e-02,3.547878943196183777e-04
-2.529082080341796962e-02,-4.934421913891554740e-02,7.592971210614719857e-02,1.101070995863827860e-02,1.584344119246891905e-02,-3.431058063540448622e-02,4.066584632150471723e-02,3.172273065107602402e-02,2.427141439050546981e-02,1.235066145673584682e-03
-2.529723816483079799e-02,-4.918977933342023878e-02,7.596415887274826639e-02,1.046448854145573017e-02,1.586923794368896162e-02,-3.274028096244582797e-02,4.107173239433731249e-02,3.176149414224970630e-02,2.307446120435990497e-02,2.179831924912596294e-03
-2.530410113963086835e-02,-4.902395486020200144e-02,7.600140035549438067e-02,9.880737289289060268e-03,1.589370663886284160e-02,-3.108253402764362891e-02,4.149536953617116719e-02,3.180946434280295526e-02,2.180267016704414557e-02,3.186840911220450469e-03
-2.531142280211712281e-02,-4.884647860290325383e-02,7.604184706536792904e-02,9.258162239291670148e-03,1.591495218581200424e-02,-2.933867533917706646e-02,4.193461537366036107e-02,3.186709352289598257e-02,2.045208383541138181e-02,4.259000720806216563e-03
-2.531920787008887924e-02,-4.865693323304433326e-02,7.608543655053499888e-02,8.596676061069364119e-03,1.593298895499509898e-02,-2.751316640145725495e-02,4.238784178065708313e-02,3.193676008368611513e-02,1.902696913023910891e-02,5.394267089457102649e-03
-2.532747073147543701e-02,-4.845497678035108613e-02,7.613258842958858796e-02,7.894934768397615654e-03,1.594573564065616955e-02,-2.560816799671760194e-02,4.285238659380330439e-02,3.201934410649191071e-02,1.752422409246698343e-02,6.594950752823958151e-03
-2.533621814710084255e-02,-4.824012196025234678e-02,7.618330216368214558e-02,7.152673305789072900e-03,1.595283761413127457e-02,-2.362902772008384708e-02,4.332620906032062791e-02,3.211747195165766400e-02,1.594814734349562363e-02,7.859073113777589187e-03
-2.534546617528411067e-02,-4.801193855077956485e-02,7.623801904620809700e-02,6.368471823102967409e-03,1.595191625431023608e-02,-2.157896240022999859e-02,4.380606409713667243e-02,3.223248402959224407e-02,1.429663711722362583e-02,9.188147195726003788e-03
-2.535522389131251303e-02,-4.776985134904249142e-02,7.629680583310137487e-02,5.541883392432921281e-03,1.594213478731381153e-02,-1.946453403161863688e-02,4.428940120948765546e-02,3.236736386602871718e-02,1.257438487890745991e-02,1.057998308535688763e-02
-2.536550944839065236e-02,-4.751332435827771566e-02,7.636013881975645123e-02,4.671382633442742668e-03,1.592069444264560332e-02,-1.729031564702601664e-02,4.477225147426134449e-02,3.252400314163010620e-02,1.078046969723472047e-02,1.203515284536249737e-02
-2.537633461335394441e-02,-4.724167212313761660e-02,7.642816109139134728e-02,3.756326842285857750e-03,1.588614202328776301e-02,-1.506448911195586160e-02,4.525140988337107706e-02,3.270585342088710989e-02,8.920398007761929510e-03,1.355087555442517286e-02
-2.538772017690456642e-02,-4.695422753434162072e-02,7.650140068660468695e-02,2.795058025024104754e-03,1.583505896853778031e-02,-1.279347292950616492e-02,4.572203071914649614e-02,3.291543750874634938e-02,6.994868170887076630e-03,1.512631301697932133e-02
-2.539968113354201112e-02,-4.665016465998807205e-02,7.658009148353278617e-02,1.786716666007173064e-03,1.576515412533378499e-02,-1.048762545279239601e-02,4.618012326174221471e-02,3.315685338196530663e-02,5.010792247831569526e-03,1.675755238242054510e-02
-2.541224161102402512e-02,-4.632865053360103041e-02,7.666483346686957245e-02,7.294761510091159716e-04,1.567211226794395715e-02,-8.155857886599787374e-03,4.661976911866806683e-02,3.343336771559093923e-02,2.971090796288375965e-03,1.844170921997602755e-02
-2.542542059277180799e-02,-4.598867708788764719e-02,7.675597377613357919e-02,-3.777705262368389184e-04,1.555249086592260487e-02,-5.811557775013186621e-03,4.703597934642175099e-02,3.374992915781376696e-02,8.849281234934045165e-04,2.017288834351549723e-02
-2.543924645206938756e-02,-4.562919695865519376e-02,7.685421203349293573e-02,-1.537050534259836549e-03,1.540066397779804586e-02,-3.467109951716560497e-03,4.742152252755276604e-02,3.411072515585690523e-02,-1.241496202029073077e-03,2.194501400738451888e-02
-2.545374324073620964e-02,-4.524896119928508570e-02,7.696004060908007149e-02,-2.749763513291589474e-03,1.521153191937836720e-02,-1.140106768677536658e-03,4.777020324913668070e-02,3.452180854837670620e-02,-3.395514172357129087e-03,2.374890941455699844e-02
-2.546894485713475584e-02,-4.484663774717998624e-02,7.707429739261052737e-02,-4.018184209495336175e-03,1.497753496323843414e-02,1.152128821464475312e-03,4.807319323692638147e-02,3.498849643184985536e-02,-5.566076310187277436e-03,2.557352094970614942e-02
-2.548488194406334229e-02,-4.442065173652397225e-02,7.719766800885131952e-02,-5.344057604373048283e-03,1.469113986503485861e-02,3.385972987118964373e-03,4.832284822446411554e-02,3.551827853489018805e-02,-7.734946194423595635e-03,2.740408889821071420e-02
-2.550159574399764664e-02,-4.396928251402688198e-02,7.733118494649041108e-02,-6.729962728904402038e-03,1.434186164362931046e-02,5.536919007203920141e-03,4.850848226540553643e-02,3.611790608324109975e-02,-9.883671083835447388e-03,2.922157404453968807e-02
-2.551912563691789010e-02,-4.349050070782820021e-02,7.747579650540781238e-02,-8.178052887933495718e-03,1.391848029789224603e-02,7.572445513703421512e-03,4.862093744975391069e-02,3.679688917156289513e-02,-1.198510566251079733e-02,3.100191041707689443e-02
-2.553752251204073620e-02,-4.298203365134491138e-02,7.763280568544232707e-02,-9.691254946070853443e-03,1.340605610457326277e-02,9.457046118837355089e-03,4.864806415332569717e-02,3.756450788457699891e-02,-1.400891525778505918e-02,3.271313100656431799e-02
-2.555683593161535080e-02,-4.244117442259359718e-02,7.780347779027339816e-02,-1.127208650521917266e-02,1.278801196200675047e-02,1.114361206811798934e-02,4.858195340383211075e-02,3.843597415822821994e-02,-1.591260492955712952e-02,3.431663343472239613e-02
-2.557712196340614433e-02,-4.186472988748996676e-02,7.798925003427990832e-02,-1.292330701400792349e-02,1.204409783318009103e-02,1.257476156705700232e-02,4.842074558246636795e-02,3.943686525608399579e-02,-1.764304879142750485e-02,3.576530475920046415e-02
-2.559840732284974704e-02,-4.124842777639230185e-02,7.819054560021201916e-02,-1.464516234030190274e-02,1.115667940536813063e-02,1.366004530588907882e-02,4.820507848153698233e-02,4.064292202475614652e-02,-1.911810383925332743e-02,3.702181528605027333e-02
-2.562059436583586508e-02,-4.058498157772028048e-02,7.840273389770913148e-02,-1.642850728014485368e-02,1.012647724420743731e-02,1.422491499900809149e-02,4.812381339540647285e-02,4.230823864058162742e-02,-2.019229024381240939e-02,3.811436896965876564e-02
-2.564300230092245170e-02,-3.985441019688029662e-02,7.859492565698060484e-02,-1.822319627819298654e-02,9.040650810293824127e-03,1.380120072347324964e-02,4.890502982384693081e-02,4.534342786134804709e-02,-2.051509655744898977e-02,3.935789960732481718e-02
-2.566263963166702522e-02,-3.897632037943925265e-02,7.861032546588277159e-02,-1.983281027558803436e-02,8.265619168932961461e-03,1.101370180616659082e-02,5.289924672816977841e-02,5.272658346956465847e-02,-1.911124856348498866e-02,4.194081155036782221e-02
-2.566816820473744390e-02,-3.755327033477270232e-02,7.767310735367803642e-02,-2.065896271828079889e-02,8.808278036639844918e-03,2.400178801633861495e-03,6.581629318727909295e-02,7.195389443979398336e-02,-1.349352784569728819e-02,4.867926439060447225e-02
-2.562072579118656462e-02,-3.306914952466402657e-02,7.122944886671193909e-02,-1.982211358018305669e-02,1.150380371267374635e-02,-1.439845119687550162e-02,8.987616108347076804e-02,1.057272966244965501e-01,-1.819176695206996394e-03,5.879350548429469053e-02
-2.530290918919822496e-02,4.932137855014884914e-03,6.599490280226126548e-03,-2.242885591914630522e-02,-8.876431353006796268e-03,2.327639194576223980e-02,4.979829093391701343e-03,1.330222169980607543e-02,-2.705221242622990810e-02,2.081575755641410647e-02
-2.528915488086483365e-02,7.785773848994244871e-03,2.858163094678805530e-03,-2.323537336386346727e-02,-1.096749927436684903e-02,1.919930511096305803e-02,3.029868070945622004e-03,1.151321688489688987e-02,-2.396894025399173844e-02,1.328239039363859723e-02
-2.529426911454088836e-02,8.273102248250632784e-03,2.769528720331011253e-03,-2.360098176589293939e-02,-1.293106284026053314e-02,1.433194102456710264e-02,2.460249875071528550e-03,1.225514339045359093e-02,-1.926454627552834017e-02,7.323440747301388810e-03
-2.529795879719475699e-02,8.482803162747524356e-03,2.860837003585867469e-03,-2.374056557316640836e-02,-1.459699526283128775e-02,1.059897063085405572e-02,2.214727803295499231e-03,1.260648607925545818e-02,-1.510307536252497411e-02,1.983695643352702005e-03
-2.530006013512374127e-02,8.603587371141450252e-03,2.926267700545351087e-03,-2.378636902617778381e-02,-1.585014725072979996e-02,7.998026140532379230e-03,2.308812466798610546e-03,1.265743274403556551e-02,-1.188667853009254573e-02,-2.416196204658825272e-03
-2.530126387538433191e-02,8.676969712744755231e-03,2.966993675596697310e-03,-2.379610699325048970e-02,-1.674330377764146963e-02,6.258301625165227713e-03,2.563405761475084314e-03,1.255763772596166054e-02,-9.566398592616445762e-03,-5.809415020285957007e-03
-2.530197132636231167e-02,8.722306746222678250e-03,2.992123747263344697e-03,-2.379278379894510589e-02,-1.736132555044744147e-02,5.115338853298146207e-03,2.847332402413395303e-03,1.240213606854122588e-02,-7.956274998243818494e-03,-8.314415203924148748e-03
-2.530239604849501833e-02,8.750608696722745466e-03,3.007679615125640610e-03,-2.378545634329630801e-02,-1.778131975466568440e-02,4.369487370550526051e-03,3.097749539204668230e-03,1.224083485142854651e-02,-6.864675664973937663e-03,-1.011095227565627676e-02
-2.530265508196198609e-02,8.768414607715128636e-03,3.017322283796201182e-03,-2.377760582136542039e-02,-1.806345441329827370e-02,3.882939529974759139e-03,3.294220363270112389e-03,1.209541558809754114e-02,-6.136023625919862813e-03,-1.137406170096350380e-02
-2.530281489490366839e-02,8.779684194736733088e-03,3.023278166063737317e-03,-2.377044984378439557e-02,-1.825152695624093421e-02,3.564144490902909461e-03,3.436884484858811380e-03,1.197230784601110466e-02,-5.655445350927639642e-03,-1.224986335175367799e-02
-2.530291429214237900e-02,8.786848558767537329e-03,3.026914641458165137e-03,-2.376428026587464049e-02,-1.837625647887079078e-02,3.353387550149479999e-03,3.533859637260213220e-03,1.187076890631732703e-02,-5.342010419473462376e-03,-1.285121615773835400e-02
-2.530297642466968269e-02,8.791416816084878308e-03,3.029080148674235216e-03,-2.375903461555577828e-02,-1.845870126444241338e-02,3.212073338999452826e-03,3.595028971524104767e-03,1.178731543164136635e-02,-5.140157508014437174e-03,-1.326141738370049082e-02
-2.530301533941118827e-02,8.794334057731809789e-03,3.030305870314875354e-03,-2.375453993166432021e-02,-1.851308242512115371e-02,3.115365961523669860e-03,3.629398781725752966e-03,1.171791123099769245e-02,-5.012322679529302230e-03,-1.354015339577267774e-02
-2.530303964189829433e-02,8.796194865185145983e-03,3.030926146826014647e-03,-2.375060533495729556e-02,-1.854891685352439909e-02,3.047365188729089878e-03,3.644396532395902371e-03,1.165878652128758512e-02,-4.933348736252686148e-03,-1.372957109702441399e-02
-2.530305478301035291e-02,8.797381845895974745e-03,3.031155952832570877e-03,-2.374708255378880570e-02,-1.857254421797941910e-02,2.997691804162269137e-03,3.645345153790672827e-03,1.160721039819097820e-02,-4.886484871905345632e-03,-1.385816392194329748e-02
-2.530306409662202993e-02,8.798134609555738339e-03,3.031130282003523333e-03,-2.374383888989660060e-02,-1.858815146511208494e-02,2.959817392122746169e-03,3.636433573145496454e-03,1.156079532449690549e-02,-4.860627372957054305e-03,-1.394603492082036218e-02
-2.530306970230166569e-02,8.798607407907286029e-03,3.030936079230059279e-03,-2.374077720711676928e-02,-1.859850642207244026e-02,2.929516847320725800e-03,3.620589940935746431e-03,1.151785374194860996e-02,-4.848433601616062606e-03,-1.400671129767725419e-02
-2.530307294843252633e-02,8.798899190425153727e-03,3.030629078408069062e-03,-2.373782852968074966e-02,-1.860542422490420525e-02,2.904075484312657138e-03,3.599849751795449696e-03,1.147717389960228526e-02,-4.845065928654006954e-03,-1.404927038683443687e-02
-2.530307468666792223e-02,8.799073119560825787e-03,3.030244941201088067e-03,-2.373494300277643326e-02,-1.861009212028717080e-02,2.881761885775767015e-03,3.575609100122923399e-03,1.143792530197109900e-02,-4.847349704293183598e-03,-1.407977995492314983e-02
-2.530307549569322037e-02,8.799172374529838636e-03,3.029808046170412699e-03,-2.373208345260817073e-02,-1.861333995270502903e-02,2.861395343202721969e-03,3.548908688714558397e-03,1.139946936383490726e-02,-4.853063486341306111e-03,-1.410260018531075965e-02
-2.530307572386079201e-02,8.799222962161385928e-03,3.029333029529930089e-03,-2.372922686220940020e-02,-1.861567115137146428e-02,2.842268822881717418e-03,3.520384827694457777e-03,1.136141776012104115e-02,-4.860847393584629902e-03,-1.412039673477222430e-02
-2.530307560154811813e-02,8.799242212760143358e-03,3.028829651040794869e-03,-2.372635547135641329e-02,-1.861743203325283078e-02,2.823914522774192276e-03,3.490496388933263684e-03,1.132349239665633375e-02,-4.869761601301156664e-03,-1.413502722249767446e-02
-2.530307528036294593e-02,8.799241407465144271e-03,3.028304200585190276e-03,-2.372345787421393029e-02,-1.861884878653070896e-02,2.806033425695213766e-03,3.459554730955481574e-03,1.128550373495087154e-02,-4.879181197763484204e-03,-1.414774402175950942e-02
-2.530307485843307294e-02,8.799227820811402964e-03,3.027760596397183809e-03,-2.372052672405495014e-02,-1.862006758461949227e-02,2.788437959592921130e-03,3.427767554898194201e-03,1.124733799117130784e-02,-4.888694623916872879e-03,-1.415935486314135773e-02
-2.530307439018002202e-02,8.799206539647070474e-03,3.027201257551927899e-03,-2.371755546510121923e-02,-1.862118776957957453e-02,2.770995044443390863e-03,3.395292081724206670e-03,1.120894830666489470e-02,-4.898002879177072548e-03,-1.417040879455787501e-02
-2.530307386740566697e-02,8.799181174649700621e-03,3.026626314417773210e-03,-2.371453717540615222e-02,-1.862225991897418012e-02,2.753601104958649896e-03,3.362305901905223576e-03,1.117036982557067029e-02,-4.906874152095504031e-03,-1.418120054376982575e-02
-2.530307308686091314e-02,8.799155946233669021e-03,3.026030276275385247e-03,-2.371145304391950037e-02,-1.862326930335831549e-02,2.736089551498279045e-03,3.329237694528536327e-03,1.113193743716002493e-02,-4.915052519186474678e-03,-1.419179195764150130e-02
-2.530307110228326856e-02,8.799143502549303109e-03,3.025385197117274553e-03,-2.370823387729394452e-02,-1.862400653099160683e-02,2.717866469416204897e-03,3.297481012439139238e-03,1.109515543184804408e-02,-4.921972727344633460e-03,-1.420135189252581982e-02
-2.530306378756148888e-02,8.799194480612228600e-03,3.024561178558607399e-03,-2.370458001749353033e-02,-1.862351089714815375e-02,2.696578652410400265e-03,3.272406827488708904e-03,1.106597298529853057e-02,-4.925767497760338322e-03,-1.420615418235849844e-02
-2.530303334469953536e-02,8.799530656528968195e-03,3.022957636449276689e-03,-2.369917341531898800e-02,-1.861779651097101793e-02,2.662787311734964892e-03,3.274731748743777392e-03,1.106750504889184201e-02,-4.919562998290857685e-03,-1.419164863720546142e-02
-2.530290296280421694e-02,8.801146970245074530e-03,3.017771513935817336e-03,-2.368625332199746428e-02,-1.859086219806812060e-02,2.579582995370875535e-03,3.382367530749736968e-03,1.118745971487078786e-02,-4.877859683756773437e-03,-1.410380366515009455e-02
-2.530234084432560898e-02,8.808553017489678325e-03,2.995768734593869023e-03,-2.364105943431602658e-02,-1.848081381108848328e-02,2.310173322559927554e-03,3.873999730371020973e-03,1.174378547219596947e-02,-4.709189357183139746e-03,-1.375329956227986511e-02
-2.529991452369341476e-02,8.842285965235731696e-03,2.893511158244304465e-03,-2.346038446525517199e-02,-1.806305851103949880e-02,1.398985631558986691e-03,5.650810519156585811e-03,1.377958463238331509e-02,-4.113151623663905895e-03,-1.254917039388995896e-02
-2.528934762906732275e-02,8.998013661148451109e-03,2.392938721092903107e-03,-2.272704621592147242e-02,-1.662429227725405190e-02,-1.340586281456228280e-03,1.098326155829586204e-02,1.991551003085498608e-02,-2.300472631789597221e-03,-9.127412696550546087e-03
-2.523876096691389515e-02,9.807170574775106453e-03,-4.682738556454483819e-04,-1.955666782807411602e-02,-1.244263322281573617e-02,-6.761435480133946158e-03,2.097454276620148300e-02,3.068546156125283308e-02,1.283702204684254418e-03,-2.996108938011024687e-03
-2.483767504939241727e-02,1.722972187153105905e-02,-2.891251097085415292e-02,4.654864417248553293e-03,-8.138884516056516623e-04,7.651044911477628691e-03,-1.379038431209230441e-02,-1.679983487774622253e-02,-5.604807312567291339e-03,-2.337762415924298648e-03
-2.483425674377794101e-02,1.727702808575234603e-02,-2.911995200230587874e-02,4.883233567142424014e-03,-6.710324246048312300e-04,7.607540783744353580e-03,-1.400215489664152248e-02,-1.717058083012993480e-02,-5.526088625719398351e-03,-2.382399562630833738e-03
-2.483373125913375043e-02,1.726689402894516362e-02,-2.912175873224722572e-02,4.952823431271125877e-03,-6.164677897016593083e-04,7.494687139406796747e-03,-1.401933079018337011e-02,-1.720971424974963512e-02,-5.410748695117675172e-03,-2.448049994956851601e-03
-2.483318347285960737e-02,1.725376739580811863e-02,-2.912171188866729751e-02,5.028039472195898474e-03,-5.530454860408139887e-04,7.410994422162615371e-03,-1.402300804064923571e-02,-1.725014328918708303e-02,-5.310425602958608084e-03,-2.504340774941846669e-03
-2.483260465025491706e-02,1.723918314198261137e-02,-2.912234765935565323e-02,5.106399541255750470e-03,-4.809098703032077147e-04,7.356244055432931313e-03,-1.401813348429363851e-02,-1.729690841383847710e-02,-5.232229889528432383e-03,-2.536873634782406146e-03
-2.483200760869180151e-02,1.722363838930193042e-02,-2.912352903146416330e-02,5.185951563821452476e-03,-4.019438945316351633e-04,7.324272281324816468e-03,-1.400871623507689984e-02,-1.734672325801915951e-02,-5.176230464147327757e-03,-2.544383409044876417e-03
-2.483139860072991131e-02,1.720741817638100565e-02,-2.912514223664961280e-02,5.265935500614347953e-03,-3.178354225333154467e-04,7.309340866498688014e-03,-1.399756095628084014e-02,-1.739768474949541371e-02,-5.138560074177307008e-03,-2.529258500659883717e-03
-2.483078101749969582e-02,1.719068906744336545e-02,-2.912709566532306268e-02,5.345994893075982704e-03,-2.300040480052895379e-04,7.307420818855965908e-03,-1.398587310991878871e-02,-1.744855300363297793e-02,-5.115943141757694525e-03,-2.494972566657488108e-03
-2.483015665685167628e-02,1.717355403175146317e-02,-2.912934619498301972e-02,5.425997480376172112e-03,-1.394549613903373314e-04,7.315791937905262443e-03,-1.397423831817391250e-02,-1.749890352729533902e-02,-5.105282770223729463e-03,-2.444501642146707301e-03
-2.482952656229322347e-02,1.715607759230472484e-02,-2.913185112136683699e-02,5.505838463857239823e-03,-4.699056435816783959e-05,7.332747416887193739e-03,-1.396272596661523799e-02,-1.754858640629292435e-02,-5.104599193765410430e-03,-2.380640290799832404e-03
-2.482889145888926216e-02,1.713830414282938031e-02,-2.913459522838224292e-02,5.585487407142642607e-03,4.684786445901935548e-05,7.356991142123982079e-03,-1.395131876186632772e-02,-1.759761155338213090e-02,-5.112133430118091793e-03,-2.305491614503654349e-03
-2.482825201720805994e-02,1.712026349344504539e-02,-2.913756134494878414e-02,5.664907987206011658e-03,1.416410171268705001e-04,7.387494497960013159e-03,-1.393986736842106264e-02,-1.764588738274309315e-02,-5.127134987554363144e-03,-2.220817106062233145e-03
-2.482760860253632393e-02,1.710197930889997137e-02,-2.914074189051263017e-02,5.744075826165468898e-03,2.370762685957545702e-04,7.423562366184226040e-03,-1.392829238551293418e-02,-1.769346871225164694e-02,-5.148490356718713086e-03,-2.127920111194076241e-03
-2.482696145371076496e-02,1.708346942143302780e-02,-2.914412357640111528e-02,5.822947323854124266e-03,3.328835046068254178e-04,7.464702105389138531e-03,-1.391659333922975160e-02,-1.774047944751446643e-02,-5.175418482368684264e-03,-2.027936353779868830e-03
-2.482631085614378508e-02,1.706474779049619445e-02,-2.914770066667274340e-02,5.901482750154086847e-03,4.288442543784572116e-04,7.510732068366109647e-03,-1.390475842050462388e-02,-1.778681247768915813e-02,-5.207396404590016424e-03,-1.922514884004740019e-03
-2.482565597558887213e-02,1.704580144067133207e-02,-2.915140987752335919e-02,5.979714632723702981e-03,5.252423900640967825e-04,7.558920943175699222e-03,-1.389177530549371049e-02,-1.783404578424591103e-02,-5.245410552725627250e-03,-1.808987016295882577e-03
-2.482499267153204237e-02,1.702643898302237668e-02,-2.915514454249729451e-02,6.058270738598230468e-03,6.240338243915449041e-04,7.608100840512464769e-03,-1.387801643689005014e-02,-1.788587134397483930e-02,-5.289413676337795418e-03,-1.689617436481104544e-03
-2.482427956935743044e-02,1.700507702380222447e-02,-2.915846307717338132e-02,6.144214370529434664e-03,7.366784330483611100e-04,7.657130151580689680e-03,-1.386465194775103778e-02,-1.794851906400424246e-02,-5.331546476075260318e-03,-1.616035812368978117e-03
-2.482316130286821645e-02,1.697480583606697513e-02,-2.915737523286134752e-02,6.294489907842122124e-03,8.359825952589010692e-04,7.575693230635092285e-03,-1.375012047663400766e-02,-1.798074642945503634e-02,-5.240475741983197620e-03,-1.914011591113917764e-03
-2.482303361100614281e-02,1.696946231233116900e-02,-2.916735570155750898e-02,6.285942443487290386e-03,8.924194669173175082e-04,7.768975996743605200e-03,-1.383662643168020838e-02,-1.800173140008822989e-02,-5.424737888214217242e-03,-1.343940564018669508e-03
-2.482234210879643785e-02,1.694885217185723714e-02,-2.917280581789005733e-02,6.366471681098080995e-03,1.004299549422233350e-03,7.850337447135832467e-03,-1.382413129008086897e-02,-1.806245032214019025e-02,-5.458142709229057456e-03,-1.204413699544465205e-03
-2.482153988094631947e-02,1.692479612090405650e-02,-2.917796269010648064e-02,6.453331332520447459e-03,1.130277668100289346e-03,7.891756724280650850e-03,-1.379616276255107334e-02,-1.814043741269633428e-02,-5.513341591727078522e-03,-1.037277068173493187e-03
-2.482105087669043281e-02,1.691095397874380415e-02,-2.918203266397962833e-02,6.512438351684106050e-03,1.173786256088917663e-03,7.973493245133628574e-03,-1.380736107147086632e-02,-1.813129463817929679e-02,-5.556422347756545012e-03,-9.571239203727951658e-04
-2.482040338088083858e-02,1.689174910280052955e-02,-2.918643161068342276e-02,6.584334211765222392e-03,1.257589787146713408e-03,8.030941184660887050e-03,-1.379858567436451945e-02,-1.816689862034558817e-02,-5.613509257599545894e-03,-8.353766739246873017e-04
-2.481973453500686128e-02,1.687187385567762501e-02,-2.919137063324881917e-02,6.657663790412726885e-03,1.345528222009629129e-03,8.091726967603431880e-03,-1.378398022392174696e-02,-1.820870846937190993e-02,-5.669396477520386238e-03,-6.985747637009037149e-04
-2.481906275467335096e-02,1.685180167275867127e-02,-2.919659838544753222e-02,6.730495945290346400e-03,1.432600906986441699e-03,8.157675988085928698e-03,-1.377011860423000937e-02,-1.824865329625558613e-02,-5.725358167696533579e-03,-5.663032766369889125e-04
-2.481838968187724884e-02,1.683160551672708422e-02,-2.920202557906672811e-02,6.802661346709792597e-03,1.518495627111991590e-03,8.226565185433977120e-03,-1.375691806267435695e-02,-1.828760611330706998e-02,-5.781284768815751762e-03,-4.366962135082077851e-04
-2.481771533872459759e-02,1.681132459983932653e-02,-2.920758555918065436e-02,6.874111257350965648e-03,1.603107093295849878e-03,8.295194401036438958e-03,-1.374349471840985264e-02,-1.832645334432687553e-02,-5.837443692827523102e-03,-3.066772810617998560e-04
-2.481704043632469020e-02,1.679098598831766515e-02,-2.921326991755722816e-02,6.944785628367402576e-03,1.686184169291621163e-03,8.363475306360152947e-03,-1.373014928724230685e-02,-1.836460845288748547e-02,-5.893435917461019302e-03,-1.779725067905477424e-04
-2.481636530077365593e-02,1.677060828329201073e-02,-2.921907211493711062e-02,7.014660703564280439e-03,1.767533197723382540e-03,8.430850868576441823e-03,-1.371699423424581170e-02,-1.840217447042405072e-02,-5.948506008992613184e-03,-5.125286489573306593e-05
-2.481569024531456516e-02,1.675020639900260538e-02,-2.922498260496847813e-02,7.083701751189930111e-03,1.847016155492746869e-03,8.496980308436066082e-03,-1.370404072467707769e-02,-1.843903604185514328e-02,-6.002276918235030512e-03,7.290776004342814905e-05
-2.481501547877930716e-02,1.672979321238943912e-02,-2.923099680658128308e-02,7.151886542704451351e-03,1.924526784894480978e-03,8.561493958617674704e-03,-1.369139306173693289e-02,-1.847530370283468129e-02,-6.054357540235848906e-03,1.940784389418868873e-04
-2.481434126127044990e-02,1.670937950934195740e-02,-2.923710752441597421e-02,7.219184657524471520e-03,1.999957933223636512e-03,8.624118969300525323e-03,-1.367901007384333435e-02,-1.851087197951120644e-02,-6.104467483233454693e-03,3.117550047648388997e-04
-2.481366779574061682e-02,1.668897603057810375e-02,-2.924331110459251967e-02,7.285576311438030951e-03,2.073230163662475624e-03,8.684533027507230357e-03,-1.366697481840697601e-02,-1.854581036329122287e-02,-6.152287355034420473e-03,4.256581955894227871e-04
-2.481299531996122160e-02,1.666859270242057600e-02,-2.924960090072332985e-02,7.351030695464440962e-03,2.144264817716845517e-03,8.742512286437223792e-03,-1.365529274044300322e-02,-1.858002352304162844e-02,-6.197604947508318987e-03,5.353734431511855728e-04
-2.481232401574323676e-02,1.664823945521801823e-02,-2.925597368603983714e-02,7.415530432345656710e-03,2.212998428014559867e-03,8.797788801441219775e-03,-1.364405048524480572e-02,-1.861360366836162933e-02,-6.240141793569265252e-03,6.406544906625927455e-04
-2.481165412323133382e-02,1.662792548398875012e-02,-2.926242310154779369e-02,7.479047743451203330e-03,2.279366690358871315e-03,8.850160282503537201e-03,-1.363324345430157181e-02,-1.864644646455835414e-02,-6.279736515153149477e-03,7.411583168945666935e-04
-2.481098581977524836e-02,1.660766038297517219e-02,-2.926894589003761066e-02,7.541566687439013247e-03,2.343317258603092208e-03,8.899392486827917281e-03,-1.362295614262640231e-02,-1.867865043154167543e-02,-6.316136118010766062e-03,8.366602613738299441e-04
-2.481031931316233022e-02,1.658745223971555202e-02,-2.927553623462039387e-02,7.603061734133068073e-03,2.404809367359053273e-03,8.945345349024188403e-03,-1.361321425323458109e-02,-1.871011903362880188e-02,-6.349246989582168176e-03,9.269442973284676944e-04
-2.480965478176449038e-02,1.656731029292265317e-02,-2.928219091437736510e-02,7.663519214677362405e-03,2.463800960418899288e-03,8.987814261608120803e-03,-1.360409544285694564e-02,-1.874095250891324657e-02,-6.378845431301488622e-03,1.011818883257163855e-03
-2.480899245667308323e-02,1.654724267653307629e-02,-2.928890394329876010e-02,7.722917011886635055e-03,2.520254427175003687e-03,9.026652993861582902e-03,-1.359559261620040156e-02,-1.877104993530544219e-02,-6.404850699574253688e-03,1.091055585036388104e-03
-2.480833251968450268e-02,1.652725768706218498e-02,-2.929567221563133400e-02,7.781244447912291119e-03,2.574143605759070599e-03,9.061685704172565622e-03,-1.358777721089848844e-02,-1.880047345120579652e-02,-6.427097250323979966e-03,1.164597117310489736e-03
-2.480767518008020547e-02,1.650736283346563790e-02,-2.930249011460527714e-02,7.838482577623342301e-03,2.625445014438998730e-03,9.092818091072539174e-03,-1.358063724569617652e-02,-1.882916246918934361e-02,-6.445540783843520076e-03,1.232206289163228314e-03
-2.480702060515849877e-02,1.648756620405068818e-02,-2.930935462143368156e-02,7.894622161210510664e-03,2.674145414795413029e-03,9.119921400409127313e-03,-1.357426217981369011e-02,-1.885720071130027320e-02,-6.460046645977888038e-03,1.293854162780432677e-03
-2.480636900838776790e-02,1.646787512962705202e-02,-2.931626010303162860e-02,7.949646726678777364e-03,2.720232215779533076e-03,9.142916930177184473e-03,-1.356865084826140710e-02,-1.888451139019293665e-02,-6.470604880809422386e-03,1.349394207564926906e-03
-2.480572055939901654e-02,1.644829700167816516e-02,-2.932320357680636563e-02,8.003550303863196658e-03,2.763703570797417311e-03,9.161707051006757682e-03,-1.356386463229503243e-02,-1.891117629853033763e-02,-6.477118327142160174e-03,1.398825384534745433e-03
-2.480507546493544713e-02,1.642883878332301525e-02,-2.933017955661930756e-02,8.056319952343699714e-03,2.804555990203154089e-03,9.176243368043082715e-03,-1.355990294547515518e-02,-1.893712013293692015e-02,-6.479609507783347377e-03,1.442050951533836159e-03
-2.480443389443623067e-02,1.640950767729756204e-02,-2.933718494967022319e-02,8.107952069405672049e-03,2.842796605552110490e-03,9.186455408933398917e-03,-1.355682335013220184e-02,-1.896242951301716981e-02,-6.478003078579749885e-03,1.479093867437679096e-03
-2.480379604328230431e-02,1.639030969504571070e-02,-2.934421471710889004e-02,8.158436802232700222e-03,2.878441223432128080e-03,9.192340897772500671e-03,-1.355461920938537054e-02,-1.898703958560075608e-02,-6.472378969772534830e-03,1.509925220139761741e-03
-2.480316208039515247e-02,1.637125178164463082e-02,-2.935126567038240722e-02,8.207773439863771947e-03,2.911504183218396272e-03,9.193855893811886393e-03,-1.355334138952100226e-02,-1.901103357472805691e-02,-6.462687664287535515e-03,1.534600010242736894e-03
-2.480253220673664730e-02,1.635234016957549941e-02,-2.935833256603489344e-02,8.255954780341138305e-03,2.942004448593999420e-03,9.191008313030093677e-03,-1.355297846024673854e-02,-1.903435365826644521e-02,-6.449011774612755168e-03,1.553090309408865742e-03
-2.480190658508284185e-02,1.633358110395199611e-02,-2.936541238625454964e-02,8.302982959297352042e-03,2.969969501715095505e-03,9.183793325663465804e-03,-1.355357341083806601e-02,-1.905708064622790854e-02,-6.431346363463583994e-03,1.565511168969569138e-03
-2.480128541390489924e-02,1.631498048249257343e-02,-2.937249997722925568e-02,8.348853823686367207e-03,2.995427460112353325e-03,9.172244095781803899e-03,-1.355510940536347117e-02,-1.907916031638449972e-02,-6.409801631167495566e-03,1.571870744703879460e-03
-2.480066885340433819e-02,1.629654432138067516e-02,-2.937959226010842043e-02,8.393571823701645798e-03,3.018414698362705852e-03,9.156382165113623531e-03,-1.355763040546625713e-02,-1.910067333159220018e-02,-6.384396818445673728e-03,1.572318608319296478e-03
-2.480005709386885748e-02,1.627827802298407664e-02,-2.938668427987594159e-02,8.437136229067649859e-03,3.038968359705893942e-03,9.136273646100791235e-03,-1.356110347680999396e-02,-1.912158447699426056e-02,-6.355264936913869629e-03,1.566864797522525945e-03
-2.479945029854807928e-02,1.626018732325481761e-02,-2.939377287437942160e-02,8.479553764736344479e-03,3.057133184874804340e-03,9.111961435704966916e-03,-1.356556388885937249e-02,-1.914196917221253763e-02,-6.322450832134710388e-03,1.555698815266584600e-03
-2.479884866060648452e-02,1.624227757478884440e-02,-2.940085294716766537e-02,8.520828162731612296e-03,3.072953155862601701e-03,9.083536497594208586e-03,-1.357098155013081696e-02,-1.916177971121009460e-02,-6.286117619633474658e-03,1.538898500849508050e-03
-2.479825233145902322e-02,1.622455394936324347e-02,-2.940792167579995772e-02,8.560965126206359840e-03,3.086475636384623800e-03,9.051046740979546909e-03,-1.357738507221782805e-02,-1.918109729442234873e-02,-6.246302991755050930e-03,1.516627601445803093e-03
-2.479766150415642703e-02,1.620702166984592726e-02,-2.941497392991641174e-02,8.599970798313446782e-03,3.097752980855765156e-03,9.014603150941914722e-03,-1.358473817609111116e-02,-1.919988713207153308e-02,-6.203184644136832890e-03,1.488977509998896682e-03
-2.479707633364892916e-02,1.618968556829691874e-02,-2.942200675571537624e-02,8.637856590681386795e-03,3.106847294591720630e-03,8.974303984237399362e-03,-1.359306198683106828e-02,-1.921822296954368153e-02,-6.156863575196803648e-03,1.456195227917327561e-03
-2.479649700749671920e-02,1.617255056978334632e-02,-2.942901520220508882e-02,8.674629305865757742e-03,3.113812802587297493e-03,8.930263897498270931e-03,-1.360231544086981832e-02,-1.923607087030249768e-02,-6.107512664934286288e-03,1.418372530840464460e-03
-2.479592367923734789e-02,1.615562148178276841e-02,-2.943599610113372886e-02,8.710302344938745597e-03,3.118712890699961316e-03,8.882593982465795610e-03,-1.361250962063556211e-02,-1.925350895584162711e-02,-6.055228447822236931e-03,1.375745212935549234e-03
-2.479535653003887841e-02,1.613890280146481129e-02,-2.944294467168526164e-02,8.744884929043518842e-03,3.121608907358692630e-03,8.831430568285107696e-03,-1.362359647790713051e-02,-1.927050844912891331e-02,-6.000204096627219548e-03,1.328431669828947660e-03
-2.479479571404868618e-02,1.612239910592493455e-02,-2.944985780350849527e-02,8.778392432831195677e-03,3.122569001882282043e-03,8.776899188464918483e-03,-1.363558363830111309e-02,-1.928714081953470522e-02,-5.942551527942793559e-03,1.276685982099812992e-03
-2.479424141229873840e-02,1.610611470603906178e-02,-2.945673074999270724e-02,8.810835472311543543e-03,3.121660957488146121e-03,8.719147542392179789e-03,-1.364842354311941036e-02,-1.930337259525080618e-02,-5.882468586376119607e-03,1.220650442367592417e-03
-2.479369377342988123e-02,1.609005394924916538e-02,-2.946356039385583658e-02,8.842231172034045739e-03,3.118955218549000156e-03,8.658314309724643790e-03,-1.366211603081686835e-02,-1.931928136741514757e-02,-5.820084092995475578e-03,1.160588929908784898e-03
-2.479315295766678848e-02,1.607422108253962756e-02,-2.947034219883194056e-02,8.872591186916795394e-03,3.114524802321984049e-03,8.594578675135168544e-03,-1.367662956941409665e-02,-1.933486725757508837e-02,-5.755595885017178968e-03,1.096618722956425136e-03
-2.479261912939935766e-02,1.605862007191494537e-02,-2.947707293780961468e-02,8.901934760183125017e-03,3.108442607132410208e-03,8.528073729622158428e-03,-1.369193572585127201e-02,-1.935017306200765425e-02,-5.689131759589037551e-03,1.029029889177386766e-03
-2.479209247788660003e-02,1.604325440350272414e-02,-2.948374798782162770e-02,8.930277000376542901e-03,3.100781754569528759e-03,8.458952640412825685e-03,-1.370795643159432482e-02,-1.936513093046697900e-02,-5.620908762511303211e-03,9.580363276588170713e-04
-2.479157313088839118e-02,1.602812829666884140e-02,-2.949036435496348724e-02,8.957636472664894794e-03,3.091620932795154271e-03,8.387392195262077799e-03,-1.372470487349264703e-02,-1.937984609499300570e-02,-5.551050338508474805e-03,8.838631024096055668e-04
-2.479106125740980493e-02,1.601324541169139165e-02,-2.949691753810173775e-02,8.984028308057952217e-03,3.081035517099810651e-03,8.313568741054428238e-03,-1.374212431649081759e-02,-1.939428648048072135e-02,-5.479764206870418181e-03,8.066854240243416995e-04
-2.479055699781088778e-02,1.599860939623405295e-02,-2.950340454803054152e-02,9.009473307117881954e-03,3.069105120476061342e-03,8.237650087162111737e-03,-1.376019786438129576e-02,-1.940852009792554816e-02,-5.407182899368558754e-03,7.267692263248949625e-04
-2.479006050820327725e-02,1.598422383554392798e-02,-2.950982100136928521e-02,9.033987079719071889e-03,3.055907614761235475e-03,8.159826074961819969e-03,-1.377887932270696440e-02,-1.942253081460747904e-02,-5.333510082559823201e-03,6.442855309077912289e-04
-2.478957192650086197e-02,1.597009222398718467e-02,-2.951616392820586438e-02,9.057591716889985128e-03,3.041525241851458349e-03,8.080274755688489352e-03,-1.379814932596504229e-02,-1.943638413166580425e-02,-5.258883743598400523e-03,5.595023690726891015e-04
-2.478909140627715696e-02,1.595621768883789815e-02,-2.952242919859615275e-02,9.080302375958550914e-03,3.026033281923472002e-03,7.999171721435726495e-03,-1.381795249810552524e-02,-1.945004739328315760e-02,-5.183490071792448521e-03,4.725864453464544753e-04
-2.478861909000790870e-02,1.594260347998240415e-02,-2.952861381503682839e-02,9.102142458384998927e-03,3.009513796951866597e-03,7.916689301373640644e-03,-1.383825481918136979e-02,-1.946356953939635051e-02,-5.107467904753023452e-03,3.838242238830492014e-04
-2.478815516226689011e-02,1.592925218296277132e-02,-2.953471339503306592e-02,9.123131435489569355e-03,2.992040807461876072e-03,7.832983154840924764e-03,-1.385894655110531636e-02,-1.947686184866725262e-02,-5.031015400793411273e-03,2.934486257579105219e-04
-2.478769974812389601e-02,1.591616680860163946e-02,-2.954072522416211280e-02,9.143291619348284036e-03,2.973697126450763027e-03,7.748229732114671545e-03,-1.388000768023582576e-02,-1.948998331677585794e-02,-4.954259738074759216e-03,2.017238360932934826e-04
-2.478725297757644261e-02,1.590335046887214263e-02,-2.954664534402725098e-02,9.162639691999003438e-03,2.954560792664235203e-03,7.662637039389815115e-03,-1.390140125833403371e-02,-1.950293320634297403e-02,-4.877381477240745264e-03,1.087899248835142352e-04
-2.478681497058925903e-02,1.589080597814812937e-02,-2.955247117405886484e-02,9.181198071717426926e-03,2.934713231619065325e-03,7.576380669995427808e-03,-1.392310307924336799e-02,-1.951576727957806887e-02,-4.800504468231077751e-03,1.490622313543213277e-05
-2.478638586845645017e-02,1.587853591403224490e-02,-2.955819877028351486e-02,9.198985001785760576e-03,2.914230003415887657e-03,7.489646940956296364e-03,-1.394505012249416809e-02,-1.952844710253094293e-02,-4.723801293519476648e-03,-7.975465873490521500e-05
-2.478596578967957875e-02,1.586654279719186544e-02,-2.956382568489753990e-02,9.216023309671701746e-03,2.893190138215194409e-03,7.402604103985552936e-03,-1.396720884890077612e-02,-1.954101488495452177e-02,-4.647391208730847559e-03,-1.749324852134051924e-04
-2.478555486957775486e-02,1.585482893420855563e-02,-2.956934813475078916e-02,9.232330819481235004e-03,2.871668688804286142e-03,7.315437131751733810e-03,-1.398950893901509257e-02,-1.955343876633852673e-02,-4.571437166182353712e-03,-2.704700665983434077e-04
-2.478515321600291074e-02,1.584339665663181754e-02,-2.957476388782957419e-02,9.247929723281337819e-03,2.849744964142435135e-03,7.228314577812644526e-03,-1.401192865468816988e-02,-1.956575897250447879e-02,-4.496053242628277567e-03,-3.661102368314667131e-04
-2.478476095693756334e-02,1.583224804800459351e-02,-2.958006932475204867e-02,9.262837730146260620e-03,2.827489623888222638e-03,7.141415187004856828e-03,-1.403439880784332003e-02,-1.957793586310314915e-02,-4.421389524460694886e-03,-4.617000690888031474e-04
-2.478437819626544761e-02,1.582138509405257507e-02,-2.958526237515681986e-02,9.277077257803197086e-03,2.804979619498851502e-03,7.054896744509102542e-03,-1.405688603645655933e-02,-1.959000150695405090e-02,-4.347551551330920867e-03,-5.569931894144114406e-04
-2.478400505594938533e-02,1.581080954291395543e-02,-2.959033962646926211e-02,9.290665233592109232e-03,2.782284637764393699e-03,6.968933883574619792e-03,-1.407931931642936001e-02,-1.960191367191708653e-02,-4.274681612988179974e-03,-6.518341159048849807e-04
-2.478364162795207437e-02,1.580052315740076638e-02,-2.959529928988653344e-02,9.303623140080225645e-03,2.759477883520071971e-03,6.883680022627390073e-03,-1.410167049366622440e-02,-1.961370403544419536e-02,-4.202879703225093251e-03,-7.459853104954537913e-04
-2.478328802007134096e-02,1.579052748241152604e-02,-2.960013818806457239e-02,9.315966656970138191e-03,2.736629289030600640e-03,6.799311170579638679e-03,-1.412388083578006506e-02,-1.962534111168155043e-02,-4.132271858355689338e-03,-8.393210787451044815e-04
-2.478294431228926856e-02,1.578082371217466931e-02,-2.960485489593314354e-02,9.327717690916389331e-03,2.713809621998215273e-03,6.715976556499814350e-03,-1.414590838219172489e-02,-1.963685645196551824e-02,-4.062952097834827796e-03,-9.316170625543903055e-04
-2.478261061436890303e-02,1.577141329459811822e-02,-2.960944635077523632e-02,9.338888619630824131e-03,2.691083183961852192e-03,6.633822433898883993e-03,-1.416770623944625662e-02,-1.964819214789064600e-02,-3.995029453972863409e-03,-1.022734596688283822e-03
-2.478228699877562530e-02,1.576229728817592907e-02,-2.961391126651662445e-02,9.349501194939385459e-03,2.668518754000538586e-03,6.552991459599175755e-03,-1.418924070349790630e-02,-1.965936984528431422e-02,-3.928591724862227040e-03,-1.112441023247336385e-03
-2.478197356088459452e-02,1.575347662021541265e-02,-2.961824693347771612e-02,9.359567241199880441e-03,2.646180289999202750e-03,6.473638011416574592e-03,-1.421045193995478656e-02,-1.967035497391596971e-02,-3.863745110548249834e-03,-1.200635211898430687e-03
-2.478167036504447598e-02,1.574495219296848797e-02,-2.962245231320327285e-02,9.369105645140743746e-03,2.624134822730920472e-03,6.395879275817343938e-03,-1.423131815356048872e-02,-1.968116828328762141e-02,-3.800554896404573658e-03,-1.287111638207689025e-03
-2.478137748506098470e-02,1.573672395669340612e-02,-2.962652534533378318e-02,9.378128997149064172e-03,2.602444386724708011e-03,6.319890114001674303e-03,-1.425177135131067488e-02,-1.969176719502416933e-02,-3.739146658095980971e-03,-1.371739664259498609e-03
-2.478109498468467412e-02,1.572879344589641834e-02,-2.963046497997296955e-02,9.386651398620236841e-03,2.581155108438090012e-03,6.245723586153210938e-03,-1.427182188231377984e-02,-1.970213420131069690e-02,-3.679523678955732863e-03,-1.454340620295578937e-03
-2.478082295041532032e-02,1.572116085012563100e-02,-2.963426876443669977e-02,9.394684182381951923e-03,2.560346421421021146e-03,6.173559438263815334e-03,-1.429141949283362599e-02,-1.971224581692322675e-02,-3.621828412353977466e-03,-1.534763505820360609e-03
-2.478056143008235471e-02,1.571382720619399903e-02,-2.963793609212010682e-02,9.402244329185122443e-03,2.540054315538494561e-03,6.103478101803244509e-03,-1.431050435840261655e-02,-1.972215042338031077e-02,-3.566082657994358585e-03,-1.612956793149195218e-03
-2.478031050416559800e-02,1.570679432115986915e-02,-2.964146403347434414e-02,9.409340400642540389e-03,2.520283874544156609e-03,6.035527915827507313e-03,-1.432904193361408951e-02,-1.973174126504071563e-02,-3.512239921177229447e-03,-1.688872857272497464e-03
-2.478007029020357424e-02,1.570006568796267904e-02,-2.964484991220794202e-02,9.415995819871684352e-03,2.501092842045254602e-03,5.969813870038745938e-03,-1.434697436342768223e-02,-1.974108589662578947e-02,-3.460360345235801317e-03,-1.762417770132430981e-03
-2.477984083550304265e-02,1.569363956316648448e-02,-2.964809256678224356e-02,9.422216577863780015e-03,2.482594772453157288e-03,5.906552047611187371e-03,-1.436440410930892031e-02,-1.975003870665339306e-02,-3.410717997267853109e-03,-1.833024734344643625e-03
-2.477962218515621790e-02,1.568751628163784009e-02,-2.965119161153514926e-02,9.428023147240966600e-03,2.464854636192757159e-03,5.845877854666143604e-03,-1.438126096118236795e-02,-1.975867254738907647e-02,-3.363397358111191483e-03,-1.900619554014308481e-03
-2.477941434632430565e-02,1.568169492415536284e-02,-2.965414639520934717e-02,9.433412239765803092e-03,2.447849624906815302e-03,5.787768239059720363e-03,-1.439746863643749132e-02,-1.976693428875299016e-02,-3.318249691746562487e-03,-1.965375806890805582e-03
-2.477921738593113002e-02,1.567617659425754595e-02,-2.965695633191130567e-02,9.438392638927086895e-03,2.431675579220442338e-03,5.732315697995145169e-03,-1.441311362656961560e-02,-1.977479379331369483e-02,-3.275421484733460117e-03,-2.026937978956131793e-03
-2.477903137157719607e-02,1.567096364960677765e-02,-2.965961787157271948e-02,9.442986447810598066e-03,2.416284863448270662e-03,5.679591832582755670e-03,-1.442801062126428981e-02,-1.978227496916068473e-02,-3.234800043541659342e-03,-2.085582568611904844e-03
-2.477885634112408919e-02,1.566605600843568383e-02,-2.966213123189526818e-02,9.447203186542829298e-03,2.401768595283528939e-03,5.629694006696917517e-03,-1.444222160523239012e-02,-1.978934986138272331e-02,-3.196561436081139622e-03,-2.140901117740198409e-03
-2.477869239630400844e-02,1.566145653360081699e-02,-2.966449283384460858e-02,9.451049261584073408e-03,2.388139982512468146e-03,5.582708013772168763e-03,-1.445572869550565583e-02,-1.979599762254495576e-02,-3.160696515644666454e-03,-2.192974549122231939e-03
-2.477853954229954428e-02,1.565716540087120148e-02,-2.966670321962257620e-02,9.454532155979683897e-03,2.375417202680233167e-03,5.538582973458899654e-03,-1.446854352576453125e-02,-1.980215727799300787e-02,-3.127159745572847833e-03,-2.241633316056848482e-03
-2.477839788625997922e-02,1.565318569130181095e-02,-2.966875753191526924e-02,9.457685213546463895e-03,2.363592739075307762e-03,5.497518449352389348e-03,-1.448046878924037946e-02,-1.980793292777354928e-02,-3.095977079216463874e-03,-2.287062005957581946e-03
-2.477826749400557221e-02,1.564951976780197887e-02,-2.967065513525497800e-02,9.460514774976312019e-03,2.352741831348835900e-03,5.459571184372997640e-03,-1.449163891226056683e-02,-1.981321699975934283e-02,-3.067347315121960859e-03,-2.328766767903026665e-03
-2.477814847695680722e-02,1.564617147038983511e-02,-2.967239120271444527e-02,9.463041845533821939e-03,2.342817411939025936e-03,5.424814148850026080e-03,-1.450190249944511255e-02,-1.981806325392445819e-02,-3.041167150237308707e-03,-2.366989078182848982e-03
-2.477804084710688581e-02,1.564314263164078705e-02,-2.967396643767567996e-02,9.465256428893023544e-03,2.333827762771923438e-03,5.393091941852177877e-03,-1.451130636324838089e-02,-1.982245185779459712e-02,-3.017310281781729071e-03,-2.401857546519931604e-03
-2.477794469267943778e-02,1.564043433544638068e-02,-2.967537682088969286e-02,9.467189782330975162e-03,2.325826116101464402e-03,5.364724514499074823e-03,-1.451985042107593535e-02,-1.982637513825588615e-02,-2.996112291419007409e-03,-2.432876848637095541e-03
-2.477786004156268956e-02,1.563804919617075434e-02,-2.967662136361222391e-02,9.468874013358261066e-03,2.318788121905987921e-03,5.339706235667963929e-03,-1.452730808695525816e-02,-1.982988719781941106e-02,-2.977409987390568485e-03,-2.460371307993598333e-03
-2.477778710001705964e-02,1.563599460806587224e-02,-2.967769385736445872e-02,9.470287724810627292e-03,2.312700619280503179e-03,5.317945805771510416e-03,-1.453392539817810816e-02,-1.983284753111747012e-02,-2.961139989672548559e-03,-2.484138039794738136e-03
-2.477772567831366957e-02,1.563426382490409883e-02,-2.967860092761993168e-02,9.471432646647274037e-03,2.307607319414150225e-03,5.299432845344958717e-03,-1.453963078932518464e-02,-1.983527199006081265e-02,-2.947359872545005088e-03,-2.504142806967598646e-03
-2.477767610149784680e-02,1.563286710774192817e-02,-2.967932968788668940e-02,9.472386748618798202e-03,2.303530441849164709e-03,5.284686646628301496e-03,-1.454424596106073699e-02,-1.983728784705549031e-02,-2.936465551354704162e-03,-2.520045169839807853e-03
-2.477763821872947317e-02,1.563180464584298587e-02,-2.967988709808567008e-02,9.473085710716387664e-03,2.300372813803900750e-03,5.273026286047872990e-03,-1.454805312988078844e-02,-1.983860896854318379e-02,-2.927900184782823798e-03,-2.532018837098597066e-03
-2.477761232086916204e-02,1.563108197442866082e-02,-2.968026053718963997e-02,9.473636417070972066e-03,2.298208714988047002e-03,5.265332028460249086e-03,-1.455072954155879963e-02,-1.983949418772293707e-02,-2.922442191162893162e-03,-2.539594867801215055e-03
-2.477759836482202813e-02,1.563070394358044915e-02,-2.968045305120935173e-02,9.473988321735491575e-03,2.296939556200002300e-03,5.260977525246171224e-03,-1.455202222678699323e-02,-1.984009463333137602e-02,-2.919213055243112965e-03,-2.544073889566969126e-03
