-4.719433675038710351e-04,1.146736393972055262e-03,8.087144680915956318e-04,-3.767358973995762247e-03,-8.907753828941305380e-03,-4.858196577789962098e-03,2.091258145714367141e-03,1.988698885210395118e-03,-3.328644977192186938e-03,-5.486352124774591596e-03
-9.495881664889241174e-04,2.033926771971754886e-03,1.895001597483407746e-04,-4.206437519956082033e-03,-1.079610149257300734e-02,-7.136549712016436106e-03,-3.343264066453066879e-03,9.697152530584265441e-04,-1.944368446638169729e-03,8.408456979612462245e-03
-1.953546689990395997e-03,4.057953872534900662e-03,1.110641318658725594e-03,-7.154259624809060879e-03,-1.636628280654726236e-02,-1.000643118555221735e-02,-4.727629802579465896e-04,8.720532213377336223e-03,-5.955795689713255098e-03,-3.807976956202825062e-03
-2.357185930432059880e-03,5.199768358260067891e-03,1.037714883715963382e-03,-9.351979988631815149e-03,-2.256567410343482058e-02,-1.482982754178781282e-02,-5.398294349533017643e-03,5.789550421246645283e-03,-7.066447874541183401e-03,1.052658018197474669e-02
-3.376039783589522645e-03,7.226212570375351203e-03,1.964301349654927302e-03,-1.197193055573503827e-02,-2.699277708441118889e-02,-1.745993417022572922e-02,-1.751043038850637638e-03,1.386015173832755125e-02,-1.056424537787913238e-02,-1.147766923438987103e-03
-3.756682183256313673e-03,8.446542946503588639e-03,2.132570698805661205e-03,-1.384661489145388655e-02,-3.208311483843906409e-02,-2.172172207303789404e-02,-6.991369182181602152e-03,1.071840205398669026e-02,-1.270247269984954921e-02,1.249613823416267228e-02
-4.787643409908316772e-03,1.046715991650264133e-02,2.949290744411503171e-03,-1.619169613072490507e-02,-3.550697095603604081e-02,-2.418196765958497557e-02,-2.702995172363731064e-03,1.893218136834929136e-02,-1.587524325002962269e-02,1.361227267526041044e-03
-5.146737127116149391e-03,1.175935583023115204e-02,3.303699166803667018e-03,-1.782460817224639990e-02,-3.972950614959148280e-02,-2.804820977111185942e-02,-8.173793969264587372e-03,1.559375142596852726e-02,-1.888468388750688676e-02,1.434076209281167497e-02
-6.188733672594129778e-03,1.377085442138240197e-02,4.009320092920150985e-03,-1.995148184532694047e-02,-4.232829384838010522e-02,-3.039663280814467253e-02,-3.330039715822193536e-03,2.384737135813654041e-02,-2.177832901194778556e-02,3.663485493453038592e-03
-6.528161057066429913e-03,1.512829868230836268e-02,4.511310430133906937e-03,-2.138838541364729978e-02,-4.583116311625436839e-02,-3.392489241003734252e-02,-8.977926961036252970e-03,2.032684082145858745e-02,-2.553168766966895653e-02,1.596864662143941682e-02
-7.580837371930137722e-03,1.712673595345901717e-02,5.104477584654371417e-03,-2.333882867783926632e-02,-4.775160433886043582e-02,-3.617711566342789176e-02,-3.660117254758345554e-03,2.857224837170332932e-02,-2.815084821057764475e-02,5.703157316755114691e-03
-7.902146290400023990e-03,1.854394469627009684e-02,5.734317741222856590e-03,-2.461392825160171188e-02,-5.065742822654129007e-02,-3.937815657017801341e-02,-9.450155600309595449e-03,2.488562093094840930e-02,-3.252460168206251778e-02,1.731722813687627816e-02
-8.965281767277011316e-03,2.052579072112819050e-02,6.217713867362778535e-03,-2.641808934141828130e-02,-5.201810739232531206e-02,-4.151802517064982073e-02,-3.733890424679914624e-03,3.310346025751049331e-02,-3.485355149436527439e-02,7.428081714439926930e-03
-9.269825519020844298e-03,2.199778429677088851e-02,6.964175336750417014e-03,-2.755560786317530139e-02,-5.442601895480440877e-02,-4.437580098414206642e-02,-9.644111489071894444e-03,2.927509919162395863e-02,-3.973007911482342308e-02,1.833762981976025386e-02
-1.034321303910357842e-02,2.396005455728834194e-02,7.344916959253728478e-03,-2.923488963067586918e-02,-5.532053977213058360e-02,-4.637048552171566668e-02,-3.599998274131385213e-03,3.746045853825236138e-02,-4.174076407095540786e-02,8.796829464858140629e-03
-1.063218830931397796e-02,2.548230730272919159e-02,8.201353961336369652e-03,-3.025135276320709693e-02,-5.730817700978045603e-02,-4.885599690074281243e-02,-9.615462253211071869e-03,3.351913687246018542e-02,-4.701359853653726273e-02,1.898993305551879146e-02
-1.171564079014784064e-02,2.742238358456213290e-02,8.488664352454787509e-03,-3.182038990631120418e-02,-5.780865926883479999e-02,-5.066573769494533280e-02,-3.309687342384376885e-03,4.167633497939726012e-02,-4.867235867382193465e-02,9.777049935147460666e-03
-1.199009720044671989e-02,2.899087171888270822e-02,9.451462483243045290e-03,-3.272640411082551604e-02,-5.943397092335635928e-02,-5.274673858544697697e-02,-9.419222436911770316e-03,3.765112208176926711e-02,-5.424727428360850284e-02,1.924204877290626101e-02
-1.308346866512046132e-02,3.090635703058419725e-02,9.654571365551291307e-03,-3.419463249579782205e-02,-5.959320941867992522e-02,-5.433275469592964424e-02,-2.913457873049267368e-03,4.578962665142483762e-02,-5.552048762770464552e-02,1.034377128216413567e-02
-1.334432267060345172e-02,3.251755685787116601e-02,1.072194163063246858e-02,-3.499615191099772482e-02,-6.089611204768156927e-02,-5.598030022412878171e-02,-9.107325926872633648e-03,4.170725836456760927e-02,-6.131617418812643217e-02,1.906909750823905861e-02
-1.444751860897713382e-02,3.440619995937403697e-02,1.084900272832437992e-02,-3.636892859743366679e-02,-6.074952765471317712e-02,-5.730917007646636752e-02,-2.458860302548641300e-03,4.983921340691430807e-02,-6.217364696912704158e-02,1.047851349253605020e-02
-1.469557346000824674e-02,3.605703185193030041e-02,1.202018159103217416e-02,-3.706826218868514849e-02,-6.175397419564290780e-02,-5.850052049126831105e-02,-8.727500124727106262e-03,4.572341315007865531e-02,-6.812045812638688191e-02,1.845305314409058720e-02
-1.580854270062336323e-02,3.791668672721416888e-02,1.207803293915528375e-02,-3.834774666936891646e-02,-6.132220215873143698e-02,-5.954486821940550151e-02,-1.989670702474003686e-03,5.386227587271805173e-02,-6.853672051534673293e-02,1.016754957926257162e-02
-1.604451182467237641e-02,3.960440460309352928e-02,1.335295871316474758e-02,-3.894420492570266346e-02,-6.203878188871485982e-02,-6.026311830195574953e-02,-8.323417360147555497e-03,4.973398696942694930e-02,-7.457467860501040824e-02,1.738078098086635534e-02
-1.716722744352009583e-02,4.143304248590390371e-02,1.334721297899462561e-02,-4.013009471831219949e-02,-6.132952698126349633e-02,-6.100164699964930742e-02,-1.546135587805755806e-03,5.789290739620986392e-02,-7.453028618736494415e-02,9.398666094759996689e-03
-1.739176916418770300e-02,4.315509300911057194e-02,1.472602260774987654e-02,-4.062055374800978280e-02,-6.175766347797491396e-02,-6.123547432864021728e-02,-7.934939529995806151e-03,5.377149812977189552e-02,-8.060632282138684157e-02,1.584323458285776670e-02
-1.852420116989297871e-02,4.495085573693893138e-02,1.466137015865135590e-02,-4.171072185895083329e-02,-6.076756299515339438e-02,-6.165212863699430501e-02,-1.165206333011368058e-03,6.196262429564750734e-02,-8.008817376273175137e-02,8.160445404647094156e-03
-1.873795515614056981e-02,4.670471445950448441e-02,1.614401602333682267e-02,-4.209004112542893278e-02,-6.089734662559626727e-02,-6.139555153345906818e-02,-7.598504309837861813e-03,5.786684703216272291e-02,-8.615356614422327308e-02,1.383481753959802871e-02
-1.988003345714061190e-02,4.846597833479058398e-02,1.602487763764818759e-02,-4.308104311622774213e-02,-5.961417320084012178e-02,-6.147697197812006242e-02,-8.810184099517227559e-04,6.610086601500710091e-02,-8.515486792463176913e-02,6.440510119608301547e-03
-2.008366111510559437e-02,5.024894456132539960e-02,1.761103379411562558e-02,-4.334252226464544583e-02,-5.942893257219616227e-02,-6.072691822208770712e-02,-7.348153421924259916e-03,6.205074899859652077e-02,-9.116134782754473087e-02,1.135209058690925601e-02
-2.123523320634124190e-02,5.197442540248918552e-02,1.744204621859742066e-02,-4.423021091025185897e-02,-5.783329414851299394e-02,-6.046053807349099918e-02,-7.256594914419276518e-04,7.033636233201134846e-02,-8.968173251595570883e-02,4.223784141498406267e-03
-2.142945999450085806e-02,5.378342804373233838e-02,1.913078037802158279e-02,-4.436597531251748605e-02,-5.731092725340384414e-02,-5.921707839927138617e-02,-7.215734388429193881e-03,6.635423881595538254e-02,-9.557965222174359676e-02,8.392998000953126939e-03
-2.259024613557479230e-02,5.547228307067580272e-02,1.891723958172511835e-02,-4.514608428352857861e-02,-5.537730134255276077e-02,-5.859013233810873855e-02,-7.290780664835132220e-04,7.469689574222453110e-02,-9.362710981698238455e-02,1.489422610638505484e-03
-2.277589831233395312e-02,5.730367494749585150e-02,2.070681143657977785e-02,-4.514761057006773382e-02,-5.449179060015134357e-02,-5.685641357662649109e-02,-7.230902980181724837e-03,7.080852065769648040e-02,-9.936289291879416008e-02,4.954202166179440432e-03
-2.394545586692383571e-02,5.895557545294965313e-02,2.045521993530806382e-02,-4.581646599594477176e-02,-5.219069889165453557e-02,-5.585296372299372591e-02,-9.191835654909413572e-04,7.921091462800865235e-02,-9.695227316453104704e-02,-1.789977665544835277e-03
-2.412347369269320085e-02,6.080497378786871299e-02,2.234355823525000298e-02,-4.567519463147953068e-02,-5.091458633025388453e-02,-5.363327552391709829e-02,-7.421980571882823979e-03,7.544768127664981672e-02,-1.024648173601932638e-01,1.030436500974341680e-03
-2.530117429762458389e-02,6.242011506525519532e-02,2.206209085453595189e-02,-4.623049736021361128e-02,-4.821338860274172050e-02,-5.223556022898211831e-02,-1.322027371405187128e-03,8.390973933518303118e-02,-9.961684031155074170e-02,-5.646616171738116918e-03
-2.547255271337241569e-02,6.428244943442552872e-02,2.404774450980182859e-02,-4.593851846573199921e-02,-4.651750561066052281e-02,-4.954222174725362443e-02,-7.816622516238210666e-03,8.031048000818750976e-02,-1.048324737532516926e-01,-3.378876329331570970e-03
-2.665749473869547664e-02,6.586165070290631030e-02,2.375180406797218480e-02,-4.638042258175327504e-02,-4.338363542843753223e-02,-4.773702546492288729e-02,-1.964420349371442508e-03,8.883548824885476036e-02,-1.015587108160986296e-01,-1.009534276877793041e-02
-2.682289513928443059e-02,6.773209093285877114e-02,2.585490928490095930e-02,-4.593314040292874323e-02,-4.124677034032218220e-02,-4.460724606854149510e-02,-8.449252941162693764e-03,8.545721921428277301e-02,-1.063566255467393307e-01,-8.239882310568486315e-03
-2.801306321807017774e-02,6.927887633494879405e-02,2.562250369854303031e-02,-4.626582735319195033e-02,-3.765768356735234301e-02,-4.244533161966041607e-02,-2.892651912477430410e-03,9.408135501790788890e-02,-1.025565600727641746e-01,-1.503908829686106084e-02
-2.817023756007974722e-02,7.116020600034481114e-02,2.806596534477356908e-02,-4.566172112914019393e-02,-3.507634999118206670e-02,-3.912053938958935662e-02,-9.417845459136271746e-03,9.103784385468904894e-02,-1.063749468919757690e-01,-1.323065918290961679e-02
-2.935754336865083886e-02,7.269692100798984258e-02,2.860960097122752788e-02,-4.590917474754210165e-02,-3.105064123196968687e-02,-3.721502286553418637e-02,-4.257742856928946329e-03,9.974253423157766751e-02,-1.006626071281970652e-01,-2.000211953721824434e-02
-2.951234109009528983e-02,7.458053375428191911e-02,3.374158368226865684e-02,-4.527660051372489614e-02,-2.807508593698010424e-02,-3.571482379888584607e-02,-1.085830968846281976e-02,9.567181937624580357e-02,-9.725808667179849931e-02,-1.889032382288802908e-02
-3.083416593514623494e-02,7.572225362753214062e-02,4.247780506481042828e-02,-4.603338770382189860e-02,-2.325843600071235764e-02,-3.955658112655421887e-02,-4.356638616350919438e-03,9.591163367677960072e-02,-6.926550182905485964e-02,-3.513301411511123018e-02
-3.174872125541054052e-02,7.447843139384367761e-02,6.061043353522595906e-02,-4.547625031481448976e-02,-1.775627930531522430e-02,-5.555022336678983735e-02,-1.984433855981513391e-03,6.972606508084679133e-02,9.625584754333936857e-03,1.427622189472506006e-02
-3.125081053840591400e-02,7.467622254513765767e-02,6.725592805135960361e-02,-4.529246474938118661e-02,-1.564277519969586860e-02,-6.513393224747039689e-02,1.208185468788389909e-03,6.944124076300398074e-02,2.492379036698607817e-02,1.049407661255541760e-02
-3.173543034049273320e-02,7.461612693490006498e-02,6.544872284543541696e-02,-4.510931635335168471e-02,-1.207993028572928833e-02,-6.132014341316855549e-02,-7.341187829585298997e-04,5.858024819300070712e-02,2.664553994170871729e-02,2.188974264885587204e-02
-3.120374702023757246e-02,7.493571399511128606e-02,6.958664887290709478e-02,-4.493430395504920821e-02,-1.004125671077161011e-02,-6.728789616719065003e-02,2.237700660845198027e-03,5.995602633165315887e-02,2.700489390919841651e-02,1.113893719141389842e-02
-3.169317434879577455e-02,7.488409416520107331e-02,6.755190343474788695e-02,-4.455281899789715477e-02,-6.258968878817354128e-03,-6.292557356395007961e-02,3.576796047071382199e-04,4.918960650735700046e-02,2.777543568268379601e-02,2.227828412071387529e-02
-3.115894782450408240e-02,7.521876821517602119e-02,7.173386513519272589e-02,-4.426857312200327410e-02,-4.100937346770881786e-03,-6.859171344026637751e-02,2.952434098535366806e-03,5.050295576101892364e-02,2.797041638303387687e-02,1.153920165173212380e-02
-3.165092343722399060e-02,7.516892604011531087e-02,6.966341240989913641e-02,-4.390840855876895765e-02,-5.469995919366464534e-04,-6.424880899253944400e-02,1.248630647940298126e-03,3.967808518737767770e-02,2.894257306921109441e-02,2.297515064938770654e-02
-3.111635123058001384e-02,7.550346506678272396e-02,7.396871600472051944e-02,-4.336893914748735090e-02,2.180054186494909205e-03,-6.940073641786344283e-02,3.353141060386580739e-03,4.117162792346890782e-02,2.929377303314953385e-02,1.189962504171629062e-02
-3.161817954030442940e-02,7.542078610952601680e-02,7.203439217083415502e-02,-4.208731782901004720e-02,7.831254672570186343e-03,-6.369563484512116847e-02,1.273754908881281856e-03,3.141496690253006013e-02,3.107950845391150782e-02,2.363840717297990487e-02
-3.109215722049200881e-02,7.571709797698168709e-02,7.660439198117850734e-02,-4.038583648570043955e-02,1.333047961379886168e-02,-6.703147995920269442e-02,2.376018121183661336e-03,3.416121075319836914e-02,3.225799525397041179e-02,1.245354436652704871e-02
-3.160070075202044831e-02,7.561231804966041248e-02,7.477262582429303195e-02,-3.844727262442469706e-02,2.047968668550444876e-02,-6.033316117590791644e-02,4.258346579694387827e-05,2.519640457114538309e-02,3.468741961757306619e-02,2.424659754916308821e-02
-3.107628095866777143e-02,7.589748894222837772e-02,7.946129455655374929e-02,-3.645181080048776751e-02,2.667295158654352238e-02,-6.307627539313788445e-02,6.971150476929591699e-04,2.821178872643762686e-02,3.612292680408100282e-02,1.298727420162316265e-02
-3.158634068156159630e-02,7.578974645225514117e-02,7.765932941976740056e-02,-3.433301496140029468e-02,3.418310335982138043e-02,-5.604578789928571503e-02,-1.620940849589443036e-03,1.951682908114234921e-02,3.884045336745724913e-02,2.475312555896732464e-02
-3.106250124827403952e-02,7.606778672038405631e-02,8.242766771786035063e-02,-3.223223367081411161e-02,4.061036688760705921e-02,-5.845392383489745464e-02,-1.281200545407977162e-03,2.259905082455235595e-02,4.048714417220303230e-02,1.350069364676937528e-02
-3.157120013253713470e-02,7.596743591196768175e-02,8.061945159954209128e-02,-3.016157248357707182e-02,4.793599325645829523e-02,-5.141075486572586201e-02,-3.473592061809280089e-03,1.393594317474639716e-02,4.336578510218790788e-02,2.518932677334465714e-02
-3.104773372769174117e-02,7.624009604797865602e-02,8.545091277124780560e-02,-2.807743335990135758e-02,5.430352130200589988e-02,-5.363747297030450889e-02,-3.348635170741820835e-03,1.693297056509674575e-02,4.512222388286409730e-02,1.389476680796656975e-02
-3.155538105732553361e-02,7.614442912010130349e-02,8.366645184171485339e-02,-2.593417336349346930e-02,6.173462881973749289e-02,-4.641198374134943710e-02,-5.532645653989237862e-03,8.459528070205285175e-03,4.822194646127211243e-02,2.551177687604333846e-02
-3.103306319669172850e-02,7.640903091940137726e-02,8.856068443574093008e-02,-2.385514767848265910e-02,6.806020227356758545e-02,-4.841541571714128717e-02,-5.608229054037246197e-03,1.138458885262872908e-02,5.007456051873829944e-02,1.418250434882557982e-02
-3.153622975562597741e-02,7.633076553889600602e-02,8.676179035419004371e-02,-2.194319198341918367e-02,7.486842053586939549e-02,-4.144432159447137415e-02,-7.635291928825373164e-03,2.767963481958480524e-03,5.321848845944780748e-02,2.569536887889336402e-02
-3.101245515721942972e-02,7.659790456627216249e-02,9.164610242968576626e-02,-2.022563514134123955e-02,8.028217469453978461e-02,-4.370458774479731717e-02,-7.670552700658369617e-03,5.228636409297980972e-03,5.491506280603160317e-02,1.435837026884364924e-02
-3.150088659660093410e-02,7.657677197767033539e-02,8.967616447201362528e-02,-1.959065080939799766e-02,8.396150651855105451e-02,-3.848813786275157023e-02,-8.939317196612665828e-03,-4.726643088463619233e-03,5.739911517584064121e-02,2.574361346079652099e-02
-3.095882258172753462e-02,7.691315990248041856e-02,9.420163949620127819e-02,-2.016772555865754130e-02,8.379786766896839267e-02,-4.371921470034494800e-02,-7.730705204276381443e-03,-4.908993585203338429e-03,5.760148295401954638e-02,1.441512030882214843e-02
-3.143077556856217064e-02,7.695560498202658195e-02,9.207068394123835153e-02,-2.089700962861735720e-02,8.414447930814909771e-02,-4.039533881334321508e-02,-8.215727819434389192e-03,-1.630987535860604215e-02,5.947293852007349418e-02,2.565839456574164554e-02
-3.089242209674884429e-02,7.727506238549800011e-02,9.660167711819170333e-02,-2.147634045194640393e-02,8.389238174007689064e-02,-4.529995660848076811e-02,-7.144648390895755839e-03,-1.647699538050738377e-02,5.974578780586032450e-02,1.429237608313169323e-02
-3.135880060263143698e-02,7.733695138020808824e-02,9.458327392599702454e-02,-2.223145264099735119e-02,8.413689704629830068e-02,-4.199225455632187715e-02,-7.706650130119071553e-03,-2.782449163820433988e-02,6.194352778731344877e-02,2.541391082419874881e-02
-3.082511011467584799e-02,7.763537974366190031e-02,9.909105411293142596e-02,-2.283411743176005232e-02,8.371221795510258579e-02,-4.656156940213673073e-02,-6.755461296404629071e-03,-2.792748404405976867e-02,6.222191645506555679e-02,1.403775133356384430e-02
-3.128337898964514419e-02,7.772532364371000091e-02,9.723993108702351507e-02,-2.369162287979114170e-02,8.367698253524552543e-02,-4.342236988713955165e-02,-7.401513875612986820e-03,-3.932566763044930552e-02,6.484844062221595262e-02,2.507471193365065978e-02
-3.075527124755459904e-02,7.799812886180952642e-02,1.017278975721978701e-01,-2.430463032505536525e-02,8.305569052793039531e-02,-4.763472902903959083e-02,-6.586184854146710094e-03,-3.922044583382645888e-02,6.524249507455598396e-02,1.377907354251018714e-02
-3.120246888931164919e-02,7.812454750596309339e-02,1.002111565192685960e-01,-2.521208942485260451e-02,8.284831510117884878e-02,-4.474618802176298649e-02,-7.432387525046688787e-03,-5.056025689052344452e-02,6.873853160449006072e-02,2.495525890859119980e-02
-3.067807912217897920e-02,7.837223236586572661e-02,1.048780056390383603e-01,-2.575256815778902489e-02,8.210902484928755962e-02,-4.871005012818582086e-02,-6.915270276391246099e-03,-4.984618665196170056e-02,6.985788954499640158e-02,1.432948360796548228e-02
-3.110466770401014783e-02,7.855911067460326358e-02,1.043128554914074108e-01,-2.654374992824256804e-02,8.200244357102622061e-02,-4.650935906463318781e-02,-8.322758207556757784e-03,-6.059917463285732081e-02,7.571686511778005779e-02,2.674565240321509496e-02
-3.056872165147066570e-02,7.881556047831657363e-02,1.102877040895703514e-01,-2.663662928006868894e-02,8.172187937245865841e-02,-5.090796651672249012e-02,-8.753417883627720789e-03,-5.806459584909474253e-02,8.050833319701999891e-02,1.906446890764541130e-02
-3.093338105067573729e-02,7.917708355740024628e-02,1.130341127696777165e-01,-2.716435219052218408e-02,8.154234070566528103e-02,-5.169081498522928864e-02,-1.153136844919429999e-02,-6.703469802078078355e-02,9.450752894210086297e-02,3.695357377604540500e-02
-3.035638837649368149e-02,7.954518691463147162e-02,1.225944969417005481e-01,-2.686882314121405435e-02,8.177285854509129537e-02,-6.222838605340247353e-02,-1.315773397038385098e-02,-6.293200327494301305e-02,1.102961662374805640e-01,3.784475486818428269e-02
-3.107388369146316803e-02,7.889937709406362465e-02,1.104445557326069888e-01,-2.514612302977491110e-02,9.359265058594198883e-02,-8.165499169459949913e-02,-9.925715819537354531e-03,-7.044101852855522150e-02,1.052711027472208738e-01,5.524685998670564313e-02
-3.245254144409662894e-02,7.297915496176282657e-02,2.285245199072785324e-02,-2.711258664593238152e-02,1.033144484231808130e-01,-2.529679318840046681e-02,4.472704785465097393e-02,-8.429831817735732036e-02,-1.454107128970235641e-01,-9.710778565782575422e-02
-3.240588266458859640e-02,7.330689010118966731e-02,1.062780247356708702e-02,-2.353813684700865883e-02,1.111340836808989291e-01,-5.169143880906066496e-02,5.021910762665543482e-02,-9.423207218318011003e-02,-1.718631680826897823e-01,-8.734513778121295868e-02
-3.210480610965056603e-02,7.271147315416059964e-02,1.053236375567412689e-02,-2.430163542207512684e-02,1.093662989858809886e-01,-5.293352950778148353e-02,5.038586743445934435e-02,-9.436977201730385734e-02,-1.708659180873679517e-01,-8.854900757306702341e-02
-3.188603111109201971e-02,7.314907119567988503e-02,1.139405225675555952e-02,-1.985951459885152912e-02,1.025555810538597012e-01,-4.539557347706825452e-02,4.533692775467672298e-02,-9.090595768688737588e-02,-1.612827174891693638e-01,-7.751299458271536380e-02
-3.156637850469495160e-02,7.236389998578636462e-02,1.434766498667541974e-02,-2.086698155546378580e-02,9.152170311518674495e-02,-2.563138847867535083e-02,4.188306910317698278e-02,-8.493898266722341162e-02,-1.496498657595712600e-01,-8.278547575700083427e-02
-3.131985014219904051e-02,7.274386992953954523e-02,1.725563735469587065e-02,-1.668335487504365305e-02,7.920190834119239520e-02,-6.284930459541085944e-03,3.458790891454228272e-02,-7.817647312581882391e-02,-1.330890463240573252e-01,-7.429544294895351619e-02
-3.101323964433379959e-02,7.184815696604558710e-02,2.062543222710844920e-02,-1.677636509604315401e-02,6.908736699502832090e-02,1.820228680465329693e-02,3.007954330166175833e-02,-7.006757863487207694e-02,-1.193081361127500128e-01,-7.978414200062861061e-02
-3.077959073702193557e-02,7.214816253015061964e-02,2.421238725485182902e-02,-1.015314919992750357e-02,6.275427273375121240e-02,4.113724976413167533e-02,2.112931856738049091e-02,-6.048323038618470121e-02,-1.006334543261485082e-01,-7.186621222804523423e-02
-3.050006843995836311e-02,7.116795307250722846e-02,2.709328246224684128e-02,-8.637557995630177829e-03,5.817403844972274946e-02,6.441615518879899305e-02,1.646838194962906704e-02,-5.167045453135672706e-02,-8.816573550213002708e-02,-7.678777818790537280e-02
-3.025859711640178917e-02,7.150914186407358875e-02,3.029299287079952052e-02,-2.544143186234009129e-03,5.210993326585766638e-02,8.332801169045102319e-02,8.329069038434387326e-03,-4.361175863340665398e-02,-7.149479741603431693e-02,-6.892155541447375633e-02
-2.999295510075727922e-02,7.059533360408143388e-02,3.103841822134730324e-02,-1.912950331332344007e-03,5.061587232971458822e-02,9.349389800465641998e-02,6.626720541195676821e-03,-3.962291274194943563e-02,-6.687314826247937882e-02,-7.233328830338123239e-02
-2.975899992484151366e-02,7.104176396965361517e-02,3.220048381160397349e-02,3.589344379794075918e-03,4.903470286011223783e-02,9.787507816099703939e-02,1.335185272502910012e-03,-3.634813624713943703e-02,-5.843224879908090474e-02,-6.315726255548363699e-02
-2.950182933196255491e-02,7.014475697112654284e-02,3.184147202649038888e-02,3.793719100633604398e-03,4.928180270438985849e-02,1.014967067783469346e-01,1.177140119739381735e-03,-3.484872169477881004e-02,-5.779048395520914455e-02,-6.587591041218082699e-02
-2.925964362653411463e-02,7.058125088802308378e-02,3.321385576121036604e-02,8.966989218483304228e-03,4.656046191947901813e-02,1.065267474992245972e-01,-4.137904861826484718e-03,-3.134391298062556841e-02,-4.886452782219846691e-02,-5.710931767161953748e-02
-2.900125798249589618e-02,6.967191702648542484e-02,3.277719745151012887e-02,8.735622825644665662e-03,4.602310810610100306e-02,1.098804700538531798e-01,-3.652770639545077982e-03,-3.047234365722611971e-02,-4.825548737840854724e-02,-5.953571522734817101e-02
-2.875235857136042641e-02,7.010689022077418175e-02,3.371458223377976626e-02,1.378298355340724923e-02,4.483819124770224707e-02,1.114373913525862625e-01,-1.174245761363206138e-02,-2.834926994309496309e-02,-4.080310219289196710e-02,-5.201773912991187326e-02
-2.851952537709971994e-02,6.908207218492812274e-02,3.284619838732780878e-02,1.521959732645151823e-02,4.812591451988987995e-02,1.133226103384371852e-01,-8.391565050126177649e-03,-2.580817778773050047e-02,-4.294847993247902229e-02,-5.532085431409100584e-02
-2.851417151312806569e-02,6.941678131523165707e-02,3.348606850205891605e-02,3.008674205762941478e-02,7.238674863470076493e-02,1.237548922353579606e-01,2.174567587687856185e-02,-5.943069619723726806e-03,-3.281656160395162586e-02,-1.905141246233455626e-02
-2.924078072861098151e-02,8.327483156510517848e-02,2.703050908586549297e-02,4.685374824417080225e-02,-9.060204993263898388e-02,1.268390394815466227e-01,7.236233045056951474e-02,-1.134759240957238652e-02,-2.659715263095178625e-02,2.972074221988027509e-01
-2.817838820246783282e-02,5.177101357504360069e-02,4.461062646603083937e-02,-7.437116200183438441e-02,-7.924358680776930064e-02,1.574101284224466712e-01,4.675346119998645134e-01,8.273093000123882268e-02,3.891960433560718441e-02,1.702358244299908563e-01
-2.776359055660128014e-02,4.729425570043643140e-02,4.638797924760678509e-02,-8.744125867004656771e-02,-5.644119740633347926e-02,1.649522942641947210e-01,4.885564660489251088e-01,1.054845797795954110e-01,4.868619012667929624e-02,9.705855489175914397e-02
-2.692056024717054061e-02,4.953179863216454482e-02,3.903209183742156752e-02,-7.285684772209305438e-02,-3.305769451206613113e-02,9.682845626118234683e-02,3.257236217259011357e-01,3.910248370991639688e-02,-6.904666511927548371e-03,-2.509406688152563542e-02
-2.710945698101733040e-02,6.865564424156631040e-02,2.872916968262296394e-02,1.992150252368873539e-02,2.374275412827566920e-02,9.953018948550231004e-02,2.626866400079550662e-02,-2.473255406480091498e-02,-3.832575169499914669e-02,-6.824102426382982166e-03
-2.673550172518261020e-02,6.845870601650891341e-02,3.149081280033408370e-02,2.691248902455819006e-02,2.858862403983796277e-02,1.047301890160089455e-01,-1.825265114430654756e-02,-2.424610969823037462e-02,-2.880667741812007604e-02,-2.773115578466283163e-02
-2.644812870064048443e-02,6.763543254331877419e-02,3.011929976591947930e-02,2.292172172242191303e-02,2.304209487402452197e-02,1.016817161709372835e-01,-1.897566590068640313e-02,-3.007536406943914567e-02,-3.080817135298948711e-02,-3.014073850610217431e-02
-2.617442620232875508e-02,6.806449645027873308e-02,3.028130644043149425e-02,2.452969980539833339e-02,1.432798936786674159e-02,9.667088013555150128e-02,-1.857977783071304220e-02,-3.005318600717779565e-02,-2.743190748804093249e-02,-2.132199691352377330e-02
-2.590281934102829642e-02,6.714031055147012816e-02,2.888819215039661187e-02,2.150394926347119762e-02,9.879754619506804503e-03,9.410611042479120891e-02,-1.572663223239587418e-02,-3.380296222650886612e-02,-3.081346095161600560e-02,-2.438221755384072445e-02
-2.562562199002877891e-02,6.751224315234237439e-02,2.913945466354042613e-02,2.351952480293267519e-02,2.629484098539955784e-03,8.975657500602630956e-02,-1.895669711621654832e-02,-3.344263656844449067e-02,-2.681969216408811377e-02,-1.726596078764225731e-02
-2.535923831531716049e-02,6.655553474323834540e-02,2.786044891764392906e-02,2.105840932585826067e-02,-1.239048154272164534e-05,8.790671140558870000e-02,-1.611296460410105783e-02,-3.681113927831506510e-02,-2.959644744302342492e-02,-1.999658411434721353e-02
-2.508771549619545627e-02,6.687828587635484545e-02,2.814834040965515094e-02,2.360019571185201920e-02,-5.679080120504622319e-03,8.405594378309833026e-02,-1.952090530015855932e-02,-3.558616503328435043e-02,-2.556674552486142005e-02,-1.311350893517699776e-02
-2.482723330025838129e-02,6.587495985939170740e-02,2.702392517367145988e-02,2.183409331831638600e-02,-6.437250733734687855e-03,8.340401126296526080e-02,-1.707753572175659679e-02,-3.825407359935598800e-02,-2.767818055704420258e-02,-1.590503807396798780e-02
-2.455980629035856011e-02,6.615089378826530253e-02,2.739539445905795484e-02,2.480692545266471177e-02,-1.085731762408718472e-02,8.028667816060618134e-02,-2.077059463594385300e-02,-3.617212595331396885e-02,-2.342210663162283199e-02,-9.347246810120644206e-03
-2.429560729408942674e-02,6.513819289994786377e-02,2.624816585445942721e-02,2.268694421639447928e-02,-1.227199337348484215e-02,7.936011151494609672e-02,-1.809375859017057012e-02,-3.932118133178125197e-02,-2.558991852569288475e-02,-1.214512271050600424e-02
-2.402567919965232363e-02,6.539289822290965393e-02,2.659017509211873687e-02,2.537537198465117383e-02,-1.717139153865053849e-02,7.600453266236689709e-02,-2.164334904648652913e-02,-3.719832084297777786e-02,-2.157612902135742916e-02,-5.951002707873669778e-03
-2.376290838690426135e-02,6.435127091533376920e-02,2.550730513543231215e-02,2.345459457450092128e-02,-1.790380620391950756e-02,7.555732467138555342e-02,-1.906300623851114873e-02,-4.018761375077762460e-02,-2.343938770402380356e-02,-8.717076781518220616e-03
-2.349648726770505944e-02,6.456183348081141748e-02,2.592548678733078149e-02,2.651320337489632140e-02,-2.168513340961024036e-02,7.285291749647275494e-02,-2.285927518385467636e-02,-3.730924805015582019e-02,-1.923610374076003757e-02,-2.899077931774553252e-03
-2.323543063292017943e-02,6.349107633866957201e-02,2.489903035646118257e-02,2.480880422173255273e-02,-2.166785919936739524e-02,7.284972446957704850e-02,-2.037683824834433596e-02,-4.011591275746509422e-02,-2.082163427009479234e-02,-5.611125665177704377e-03
-2.297200149955289095e-02,6.365736823566341129e-02,2.542246888978770547e-02,2.821419251459511557e-02,-2.447418404472176748e-02,7.097339269235515558e-02,-2.444291779620079083e-02,-3.646331998234370042e-02,-1.632159959707993671e-02,-1.910842013254133195e-04
-2.271484204665462706e-02,6.254590970431776753e-02,2.453783042202285422e-02,2.700036753343328447e-02,-2.315725297631536506e-02,7.207136931458547890e-02,-2.227928868402762747e-02,-3.866918521253360358e-02,-1.728577086078981334e-02,-2.877385825359039025e-03
-2.245430676188825761e-02,6.266938874050342889e-02,2.515647988439734598e-02,3.073533843155865086e-02,-2.500783700290366840e-02,7.094520168632127699e-02,-2.659254483380438239e-02,-3.429878506973234320e-02,-1.253150406376934804e-02,2.161636271624559850e-03
-2.219143549911227475e-02,6.155872870416021631e-02,2.418082945668375075e-02,2.891255220362018083e-02,-2.490915164199054496e-02,7.128788974610682228e-02,-2.402320121241596773e-02,-3.723077115083919808e-02,-1.381568373003152356e-02,-4.547687598671686245e-04
-2.192361432246762998e-02,6.168133272162680536e-02,2.468624714923212463e-02,3.184544362108429616e-02,-2.847599236411801557e-02,6.918658109089476094e-02,-2.787009451954395797e-02,-3.348735173273890975e-02,-9.661582777278122230e-03,4.236978445216161432e-03
-2.165904706924391340e-02,6.055626577004966787e-02,2.368627650755095529e-02,2.984657508248571636e-02,-2.854100895090455961e-02,6.935810310506226872e-02,-2.515451295294466802e-02,-3.664593680301574813e-02,-1.098809013422400241e-02,1.693193781716661626e-03
-2.139259029105093635e-02,6.064439100390679738e-02,2.424171606212203317e-02,3.292692601866931135e-02,-3.154423124675195811e-02,6.764070849508560523e-02,-2.911543853445612215e-02,-3.245977795666817739e-02,-6.766325014581021403e-03,6.043421941237478792e-03
-2.112775144033633354e-02,5.949971140161020716e-02,2.323946064298711492e-02,3.090469153130262492e-02,-3.140153413244975433e-02,6.784514627022494859e-02,-2.634532739562329973e-02,-3.566224725576547933e-02,-8.042404136285881411e-03,3.574655651438289530e-03
-2.086039323259978109e-02,5.956272753565885342e-02,2.380533685488192205e-02,3.388551874485217635e-02,-3.443701628076938082e-02,6.616963512001154679e-02,-3.027126858998394413e-02,-3.132577651606603675e-02,-3.916970680865113075e-03,7.596883513446167982e-03
-2.059518528902806386e-02,5.839924306798940923e-02,2.279518877115548070e-02,3.182686574098161220e-02,-3.411644989883843432e-02,6.637752819772992086e-02,-2.743741997976231403e-02,-3.458028853939381503e-02,-5.164341690234634449e-03,5.207039886046381343e-03
-2.032773303117773461e-02,5.843447080958626139e-02,2.338835566353299200e-02,3.479733706723412562e-02,-3.697036608924655215e-02,6.487735891974831526e-02,-3.138429020970955746e-02,-3.000201356901271640e-02,-1.066624503759073476e-03,8.912649953140212508e-03
-2.006251410638529992e-02,5.725126469480175395e-02,2.237299934056565659e-02,3.273948105721525420e-02,-3.638104136864068333e-02,6.512838748641848474e-02,-2.850749121431928046e-02,-3.326226220626862101e-02,-2.273815701391938664e-03,6.605779681297393492e-03
-1.979489659623010628e-02,5.725951056823621460e-02,2.299361270471890484e-02,3.569204854668245330e-02,-3.907180574365522879e-02,6.379867809435542381e-02,-3.247226352198310378e-02,-2.846009684838452305e-02,1.797675860254110015e-03,1.000717705916598713e-02
-1.952961633635735481e-02,5.605724382047774790e-02,2.196943294165721802e-02,3.362877049105443550e-02,-3.823049004366694398e-02,6.407664034277529841e-02,-2.954780502770886635e-02,-3.172875246613075101e-02,6.155395205102806187e-04,7.787198557608215194e-03
-1.926168756495688639e-02,5.603960339721306833e-02,2.261631364169317329e-02,3.654803936466886893e-02,-4.079611048617629021e-02,6.290245852375210556e-02,-3.352301550148503034e-02,-2.672879115302292247e-02,4.657326077291488141e-03,1.089686318119943362e-02
-1.899673024805537819e-02,5.481725576411532880e-02,2.158801645610062755e-02,3.452133175093900080e-02,-3.960379696598067406e-02,6.325952937900555795e-02,-3.057529279748173387e-02,-2.995502674633441359e-02,3.517679637163342605e-03,8.766127111637258759e-03
-1.872997572715657394e-02,5.476844881528140224e-02,2.228985401292967253e-02,3.757041254109939887e-02,-4.165324495828079399e-02,6.247833789698754858e-02,-3.466218138240657193e-02,-2.458002302506422793e-02,7.649535365827520028e-03,1.159575807478245221e-02
-1.846625696418139825e-02,5.352285406835310955e-02,2.127344812560277854e-02,3.568181522904478181e-02,-3.987067522806093944e-02,6.305817649812532621e-02,-3.175320581676544657e-02,-2.764367356129088932e-02,6.615781710891863003e-03,9.555185918542798140e-03
-1.819912428457058987e-02,5.344954613716704217e-02,2.200274624955301378e-02,3.869147437634536807e-02,-4.181369947415145005e-02,6.243703065506769206e-02,-3.585068643844229602e-02,-2.209463988710554105e-02,1.072754153894864282e-02,1.211897866101979346e-02
-1.793512107899314714e-02,5.218727306932550297e-02,2.096740059212219565e-02,3.677415981193031536e-02,-3.984246153938915402e-02,6.299160464448673447e-02,-3.287669364952693074e-02,-2.518525371360189752e-02,9.670510944958517902e-03,1.017175485504546659e-02
-1.766818786053156454e-02,5.208798610423048120e-02,2.173297782703460107e-02,3.980600548188848592e-02,-4.152735651405468909e-02,6.260838858052869549e-02,-3.702118914315126463e-02,-1.940542755545518819e-02,1.380229718724638663e-02,1.248498473335718680e-02
-1.740436979454508190e-02,5.080786902434417107e-02,2.068375528280033682e-02,3.791079929705616636e-02,-3.924258680308002206e-02,6.319159570670861148e-02,-3.400969478327544454e-02,-2.246740431249790934e-02,1.274010980680560096e-02,1.063303537670165499e-02
-1.713661925398480071e-02,5.068754762110631862e-02,2.146280487318179622e-02,4.085034449474224394e-02,-4.093725197225953072e-02,6.286306201628701074e-02,-3.812790134751044974e-02,-1.660442483991394352e-02,1.680290743856650490e-02,1.271345562890188220e-02
-1.687176368760302803e-02,4.939405888571594960e-02,2.038894184120190051e-02,3.885566046013340380e-02,-3.866472659924896638e-02,6.337021449299475029e-02,-3.501774332468685774e-02,-1.975190376729289710e-02,1.568446708804634507e-02,1.094837449320087627e-02
-1.660264248605805570e-02,4.925388334126489659e-02,2.119628231605467580e-02,4.166382885339711684e-02,-4.052565302320854101e-02,6.318460545927166716e-02,-3.911377531396748736e-02,-1.381590359652076425e-02,1.973819247269233829e-02,1.279438837827865869e-02
-1.633667636881127802e-02,4.794780333160514330e-02,2.009607746891720753e-02,3.956475769463807524e-02,-3.828142137059977607e-02,6.360680246136786453e-02,-3.590186891682948384e-02,-1.705193414262472923e-02,1.855437407170529296e-02,1.111690614975766045e-02
-1.606634809823594134e-02,4.778945807944212643e-02,2.091049085610195354e-02,4.224060859562521475e-02,-4.025761253305955301e-02,6.342920489705129727e-02,-3.995002343482087492e-02,-1.109685482614178320e-02,2.252283651248383062e-02,1.276072354735285214e-02
-1.579939906821793347e-02,4.647156798288994140e-02,1.977514938889219503e-02,4.004431089683530010e-02,-3.800188667682910526e-02,6.371164828214102849e-02,-3.662801211194353229e-02,-1.443156774285906351e-02,2.123396799423005188e-02,1.117518742574697722e-02
-1.552806356212153155e-02,4.629525544671916210e-02,2.059673212515725563e-02,4.260718436186691077e-02,-4.004259435830095915e-02,6.355208797648977115e-02,-4.063644644837212383e-02,-8.452627756519882213e-03,2.512099498565513456e-02,1.263147385272825156e-02
-1.526042827822645873e-02,4.496496403004350551e-02,1.943122814173026472e-02,4.034873351682455311e-02,-3.769343017801741330e-02,6.373846006059469271e-02,-3.722435756327275441e-02,-1.184598175889973494e-02,2.374255486049516375e-02,1.113545378969662929e-02
-1.497481281738476805e-02,4.482376578649479443e-02,2.001186991501860413e-02,4.134425329312800546e-02,-4.329649516742061638e-02,6.152337175710022310e-02,-4.030464473507658352e-02,-7.514988169849978056e-03,2.653420126332969170e-02,1.242851210609965604e-02
-1.469546059651328715e-02,4.352509178334613288e-02,1.861064993100396830e-02,3.781772830334181879e-02,-4.375475317732942931e-02,5.989042620156673907e-02,-3.606534825799907751e-02,-1.234288140094909510e-02,2.421765401663498324e-02,1.102799790621561762e-02
-1.441054424764200842e-02,4.336101890076278498e-02,1.922557295535686633e-02,3.888653145655177057e-02,-4.897459882122734420e-02,5.794011206518414475e-02,-3.921514283995045091e-02,-7.805015931776452219e-03,2.704875228088830103e-02,1.216232862269254859e-02
-1.412860960285644389e-02,4.205845628038593076e-02,1.776040250662379652e-02,3.509839054372349693e-02,-4.982873912458966881e-02,5.592516537017443862e-02,-3.476352323382927295e-02,-1.291617897156842332e-02,2.449405748202399674e-02,1.084694858862775106e-02
-1.384345988930601144e-02,4.187603824809114222e-02,1.839097625942299682e-02,3.613919950778586576e-02,-5.491184196094348741e-02,5.409241857134953341e-02,-3.791967081050616473e-02,-8.300176787859327512e-03,2.729288508907452143e-02,1.183707108557987414e-02
-1.356123709081573370e-02,4.056103622185102536e-02,1.690635763548256620e-02,3.234649545232236995e-02,-5.555114828321011666e-02,5.206446019939044850e-02,-3.341303914855558305e-02,-1.339902749993942058e-02,2.467751994885888922e-02,1.060171384935095981e-02
-1.326799350264543965e-02,4.039215023583164060e-02,1.740408097456454251e-02,3.249847286214448128e-02,-6.256726002803571218e-02,4.911522530448667739e-02,-3.604735242445240850e-02,-9.702243001987975041e-03,2.683875624292145212e-02,1.146752811034460265e-02
-1.297083435352022057e-02,3.912296792223875219e-02,1.562813943813378889e-02,2.710045248785379612e-02,-6.684282744945142796e-02,4.478968567342210549e-02,-3.050768272297779693e-02,-1.661559766796728496e-02,2.304108826489498912e-02,1.031906538789550097e-02
-1.266978565566820314e-02,3.896753949419303614e-02,1.599457214141992295e-02,2.639456859810698081e-02,-7.571467172103996113e-02,4.075067677951767220e-02,-3.263442415234377170e-02,-1.382120482148390533e-02,2.457538891169779027e-02,1.107302790720185622e-02
-1.237171602583076249e-02,3.768944312279486064e-02,1.419066119391785077e-02,2.093512375604753700e-02,-7.992382222399588287e-02,3.632870202054438308e-02,-2.700430448552448501e-02,-2.078577593660170184e-02,2.067093138326555127e-02,9.996167807376917305e-03
-1.207313646387488462e-02,3.750797395053756533e-02,1.461486942437949244e-02,2.049880445639682899e-02,-8.794312148827883313e-02,3.279744700674239177e-02,-2.930842430907508109e-02,-1.762340024042429246e-02,2.235808310721665651e-02,1.064276913430198604e-02
-1.177919945621236017e-02,3.620163645883359149e-02,1.287889371799953199e-02,1.553746901153362121e-02,-9.074784192647721015e-02,2.907499589204728604e-02,-2.392900544811334476e-02,-2.400007678849138890e-02,1.873481871384408484e-02,9.629347420402766325e-03
-1.148410499913230659e-02,3.599117368222294611e-02,1.337660140015310868e-02,1.548287885925088772e-02,-9.764364873275480083e-02,2.619714435238488723e-02,-2.647425913890292734e-02,-2.036005403419438933e-02,2.064290178081520932e-02,1.017948971026500470e-02
-1.119250571145846522e-02,3.466417724995552591e-02,1.167776372917153464e-02,1.083048104535240877e-02,-9.950641880403394979e-02,2.290532837054182203e-02,-2.123007283779918680e-02,-2.636360202688034504e-02,1.716885487793249482e-02,9.226017792314076746e-03
-1.089992207308995882e-02,3.442958787213293986e-02,1.222802552139067890e-02,1.105239062305205314e-02,-1.055307935272325054e-01,2.051858144929111574e-02,-2.394772323350572926e-02,-2.238419942503232229e-02,1.921478307324071128e-02,9.691184187611875944e-03
-1.061045687149352913e-02,3.308322957465418407e-02,1.056572574369427434e-02,6.695157138892845333e-03,-1.064934244378450134e-01,1.763946584480273125e-02,-1.883050189897634424e-02,-2.802889017090377452e-02,1.588116586237320327e-02,8.792351882149003484e-03
-1.032034009259643649e-02,3.282579000770666222e-02,1.116421310142886453e-02,7.190067495003059882e-03,-1.116518958999979660e-01,1.572187131105541938e-02,-2.171264776263941154e-02,-2.373454391305009070e-02,1.804934498092338954e-02,9.182732119430419421e-03
-1.003246535184972033e-02,3.146277525430973832e-02,9.530777914297631354e-03,3.076828940099600364e-03,-1.118439185884037151e-01,1.317773436756802634e-02,-1.669012255033134121e-02,-2.907912830059040596e-02,1.481861015599298705e-02,8.333937108595512386e-03
-9.744145143968102260e-03,3.118624662369993278e-02,1.016147242075172812e-02,3.773168685491324649e-03,-1.163050310599591936e-01,1.160947227486759832e-02,-1.968694321268029887e-02,-2.457281665772922605e-02,1.704489542067357324e-02,8.659707537663485777e-03
-9.457611397380260090e-03,2.980807359342222893e-02,8.555715883684776590e-03,-1.136562098659482526e-04,-1.157772156470595060e-01,9.373814834737899740e-03,-1.474811826361463289e-02,-2.963642046258306226e-02,1.390582285281884503e-02,7.855580925489472413e-03
-9.171431785170684400e-03,2.951223813978198773e-02,9.221598183623334541e-03,8.242115991266895985e-04,-1.194407583714860721e-01,8.193812507349256327e-03,-1.787762193020239060e-02,-2.489447902246049241e-02,1.620316774933707252e-02,8.125405273513785012e-03
-8.886526087692414588e-03,2.811834698178285533e-02,7.651787833938148743e-03,-2.794801929394760340e-03,-1.181002777775286144e-01,6.318258503017332856e-03,-1.304644653626958924e-02,-2.963047260106774564e-02,1.318323642883253641e-02,7.360467005051595304e-03
-8.601961971275740373e-03,2.780645441821898503e-02,8.339378118119548586e-03,-1.670202011249927393e-03,-1.210925784096625601e-01,5.427485159802792648e-03,-1.626797744493244449e-02,-2.473929197870014182e-02,1.549620950556161551e-02,7.583344882230515747e-03
-8.317626695717596219e-03,2.640126312630123456e-02,6.793755436618910577e-03,-5.122654926730744150e-03,-1.192006068683845593e-01,3.785747188865050232e-03,-1.148629725767560950e-02,-2.925517565486639854e-02,1.253930641672712856e-02,6.849776386031994693e-03
-8.034188318098392512e-03,2.607605905899972043e-02,7.496056254092139763e-03,-3.856796291311462808e-03,-1.216381301781396251e-01,3.129505287963768156e-03,-1.477066569145670319e-02,-2.428189217951458659e-02,1.483618162709403852e-02,7.029795043395217248e-03
-7.750311775750144856e-03,2.466063488670770798e-02,5.975271665823229765e-03,-7.143830567494554272e-03,-1.192021423941269642e-01,1.704982391032335487e-03,-1.003537340675562245e-02,-2.858062604525146363e-02,1.193786192846955918e-02,6.322902454803871683e-03
-7.467909714158644553e-03,2.432407757268828172e-02,6.681529395285046302e-03,-5.747068693871231447e-03,-1.210891659879590326e-01,1.213707010154742348e-03,-1.336215414497743913e-02,-2.357367768444881134e-02,1.417296553688770361e-02,6.471281079216351963e-03
-7.184251175353006426e-03,2.290003189518124635e-02,5.183478148819915636e-03,-8.883476840293932919e-03,-1.181477311694220655e-01,-3.550564561172404095e-05,-8.660989083487002915e-03,-2.767464104293876001e-02,1.131748638942463997e-02,5.787191405881599721e-03
-6.902874460591337455e-03,2.255342967031290571e-02,5.890082220959716279e-03,-7.352076490278487871e-03,-1.194664560894026784e-01,-3.817918194649148477e-04,-1.202393104745036814e-02,-2.265855754034008449e-02,1.347128843961928855e-02,5.910875829497485787e-03
-6.619359211353936963e-03,2.112158914004355625e-02,4.418022845345997811e-03,-1.033174593604856660e-02,-1.160122836122891021e-01,-1.459332401491350616e-03,-7.359299545042661747e-03,-2.655318960441794413e-02,1.066408250943452068e-02,5.244489871375910411e-03
-6.338806370309136434e-03,2.076698540097203505e-02,5.118830696573238755e-03,-8.681199390682174666e-03,-1.167913494241669820e-01,-1.705513394382636222e-03,-1.074086336701698258e-02,-2.157514242862046405e-02,1.270452260618655169e-02,5.349645511698039070e-03
-6.055226193876390127e-03,1.932864456868699232e-02,3.674650842610836798e-03,-1.151080823976928860e-02,-1.128493925043630441e-01,-2.631917569715743876e-03,-6.108076859824629508e-03,-2.526747131569381452e-02,9.944659639969228443e-03,4.696178175801113755e-03
-5.775427093386495229e-03,1.896756729274537770e-02,4.366821826642243269e-03,-9.740556616819339569e-03,-1.130781778674075366e-01,-2.799109072762406922e-03,-9.500623475886697811e-03,-2.035805461688642778e-02,1.185034116685640231e-02,4.788093654480469162e-03
-5.491681448001980992e-03,1.752358851909351090e-02,2.954859697497743808e-03,-1.241354343737947376e-02,-1.086415627344712725e-01,-3.579176416718219712e-03,-4.903031054829596995e-03,-2.383587585362493058e-02,9.146744523147136777e-03,4.143499297719849782e-03
-5.212568373847641968e-03,1.715758533812933653e-02,3.636440556076015861e-03,-1.052099461254626597e-02,-1.083034985498235597e-01,-3.685840957977629638e-03,-8.300286532338638917e-03,-1.902567460686824252e-02,1.089673653379457860e-02,4.227371465688640161e-03
-4.928513312384977078e-03,1.570895973806205742e-02,2.260990550450184614e-03,-1.303364607314116269e-02,-1.033727010188287831e-01,-4.330544101002986764e-03,-3.739682491170862044e-03,-2.227777043609290714e-02,8.257937785744769513e-03,3.589056494840492991e-03
-4.649979513240151165e-03,1.533974430324846171e-02,2.930526862872731304e-03,-1.101832495348770841e-02,-1.024551590384506355e-01,-4.397219955060661586e-03,-7.134375782289549203e-03,-1.760229121531147953e-02,9.829646317248886059e-03,3.669523044065512146e-03
-4.365476486989767167e-03,1.388739989579155197e-02,1.596992542084104370e-03,-1.336429566799231597e-02,-9.702485877998492936e-02,-4.916359719531538872e-03,-2.614475255903201192e-03,-2.061188746603188904e-02,7.267410122948005265e-03,3.035328214013094036e-03
-4.087394306662618312e-03,1.351678478107536975e-02,2.254183152849129502e-03,-1.122586202738304686e-02,-9.551449135049758232e-02,-4.961907953165216670e-03,-5.999709840333215978e-03,-1.610960225718029160e-02,8.637716944527154550e-03,3.116696878688259703e-03
-3.802314678735332042e-03,1.206154167347586216e-02,9.695309413919999666e-04,-1.339449171031291234e-02,-8.957007796720475867e-02,-5.361767021455726874e-03,-1.527613757630942939e-03,-1.885140101551140493e-02,6.169663577261094538e-03,2.486603045879802552e-03
-3.524612250715410122e-03,1.169112697138158241e-02,1.616835475292963684e-03,-1.112402205762296273e-02,-8.743214882227903773e-02,-5.389855550075326254e-03,-4.902428873294941911e-03,-1.455413265815139884e-02,7.322120034286227173e-03,2.573793240096319129e-03
-3.238850734788647177e-03,1.023363226712401333e-02,3.904635819189558577e-04,-1.309773300611555800e-02,-8.094364367928401360e-02,-5.670199578977875091e-03,-4.905214845131493839e-04,-1.699047422202742616e-02,4.974346154831181879e-03,1.949454420740749953e-03
-2.961470439715277111e-03,9.864983105623710211e-03,1.032479853265231250e-03,-1.068287405768127661e-02,-7.813469654326977987e-02,-5.675016927131543154e-03,-3.856792504131815232e-03,-1.292965696920730587e-02,5.895851018140406408e-03,2.048824838706927564e-03
-2.674967724657614614e-03,8.405563750676537868e-03,-1.220040955019232161e-04,-1.243259669504066106e-02,-7.104714322055148690e-02,-5.821065533588591114e-03,4.734587889371004422e-04,-1.500341515554485562e-02,3.708656911243352321e-03,1.433097682407950173e-03
-2.397985037689982259e-03,8.039746839295454708e-03,5.238002973151144152e-04,-9.845353644100380067e-03,-6.748611796965861553e-02,-5.767167419338557061e-03,-2.896452755595989737e-03,-1.119675663416910827e-02,4.398614535262509138e-03,1.552767438011957686e-03
-2.110697232391536057e-03,6.578499278180680553e-03,-5.402033383106438812e-04,-1.133171700383468240e-02,-5.972388093160441169e-02,-5.751238798430188814e-03,1.321314988583783927e-03,-1.283050469980530524e-02,2.428285970631465472e-03,9.500099780063923742e-04
-1.834193159257937588e-03,6.216601497244921004e-03,1.209891053595342513e-04,-8.543568690383441036e-03,-5.532909498894616335e-02,-5.590416763953731834e-03,-2.065852488920273157e-03,-9.300491447963629005e-03,2.889894314329955350e-03,1.100763235932989336e-03
-1.546176536784873295e-03,4.753009146474477392e-03,-8.259281480898546940e-04,-9.706824846467039872e-03,-4.677470870308655243e-02,-5.355635369804116232e-03,1.991639655410524807e-03,-1.037979761945561838e-02,1.221064989527887584e-03,5.172424232151148684e-04
-1.270553109245191889e-03,4.395009556091662370e-03,-1.284936368717923413e-04,-6.657365253655261883e-03,-4.138894259511981949e-02,-4.974905968517695683e-03,-1.447071493481413796e-03,-7.121538608565940870e-03,1.483797433201683750e-03,7.105936214021597950e-04
-9.821674633734519579e-04,2.927358936267964330e-03,-9.187569347507648122e-04,-7.400975065327475809e-03,-3.185132564351887685e-02,-4.409661243828731127e-03,2.373192180282568918e-03,-7.468405322278862460e-03,2.513598635126027209e-04,1.559546765398054920e-04
-7.086273507149835069e-04,2.571364509600646865e-03,-1.642217344861551765e-04,-3.995033346622603281e-03,-2.522216094264177061e-02,-3.634919870247590480e-03,-1.165055932258470851e-03,-4.462202845358670400e-03,3.478960219818936182e-04,4.065654978935651976e-04
-4.216710259208613048e-04,1.095723306696973860e-03,-7.087382900253918214e-04,-4.115245532892855725e-03,-1.431390146917998520e-02,-2.437582901206723600e-03,2.253046373556096514e-03,-3.737493420098591916e-03,-1.658610598642172378e-04,-1.281888595717596362e-04
-1.375990149436715935e-04,7.865304337077121252e-04,1.739237313363402098e-04,-2.011202376287341258e-03,-1.112352105562971517e-02,-1.809095931628021186e-03,-7.161900007695827606e-04,-2.441276096148059602e-03,-3.010731808037042114e-04,3.545851108705693112e-05
-7.650234482570032225e-04,2.511078029403543215e-04,-6.686387555751357060e-04,-2.447441907113469262e-03,-3.561324529889432072e-03,-1.398373145004284902e-03,3.903980264632366838e-03,-1.318368867788577642e-03,-2.797517173904645257e-03,-8.916060832601680267e-03
-1.473720786063256781e-03,3.962000992330481377e-04,-1.604630187750764924e-03,-2.234720409771914253e-03,-3.077291358878495725e-03,-1.760454483651237821e-03,-1.584149009085762064e-03,-3.564034522555919321e-03,1.109977941302035505e-03,6.814369472111972588e-03
-2.945576191265867391e-03,9.787024351448434661e-04,-1.415715140460179194e-03,-4.161741323371288132e-03,-3.812507746168533346e-03,-8.638232445735156279e-04,4.410238099445563248e-03,-1.379421359583894594e-03,-2.067124484817461395e-03,-9.850788938114427365e-03
-3.679546386785365573e-03,1.075793936982105421e-03,-3.095582619740843647e-03,-5.228443772964603067e-03,-6.051734290306289878e-03,-2.697247823191788445e-03,-5.101394535497661602e-04,-5.849507435669971771e-03,8.589257524723584777e-04,5.023736700010762897e-03
-5.169458845371397923e-03,1.610147792260333867e-03,-2.959413386854530328e-03,-7.001681020260908453e-03,-6.461410722200247418e-03,-1.573262731964268895e-03,5.567324511462304164e-03,-3.501301661661998695e-03,-1.772579956994578022e-03,-1.141162794044368878e-02
-5.903880963662482516e-03,1.701238644874526924e-03,-4.605781478319751626e-03,-7.942606856875309915e-03,-8.432152693664351703e-03,-3.159401581655737513e-03,3.417479409092530644e-04,-7.782414258657134425e-03,1.332750428235439681e-03,3.127125646653584109e-03
-7.405798383737428880e-03,2.198321473475563920e-03,-4.486752727941190066e-03,-9.614081298198337566e-03,-8.660620493979949777e-03,-1.837282913130463147e-03,6.415289967015949321e-03,-5.319285851803014394e-03,-9.133650571253421838e-04,-1.311742555033105703e-02
-8.141487306359553380e-03,2.281101515300984831e-03,-6.116359550915495547e-03,-1.045984906669914644e-02,-1.044768195556162321e-02,-3.239926403237438409e-03,9.612041104215966790e-04,-9.407121983551432198e-03,2.462391862260413650e-03,1.162094833294694115e-03
-9.652685370282994629e-03,2.746711353823024469e-03,-5.991275987907085029e-03,-1.204901832661729733e-02,-1.053542346401864852e-02,-1.742412957775448835e-03,6.983043290166489336e-03,-6.852176105049967610e-03,4.928892531558143894e-04,-1.493012966834591365e-02
-1.039026838881448173e-02,2.819698473141316313e-03,-7.613471292928955525e-03,-1.281603408537693167e-02,-1.217793652472394690e-02,-2.999503225361281871e-03,1.352315731273767002e-03,-1.075427358268724910e-02,4.181977858541288326e-03,-8.545761085243967293e-04
-1.190885427462599205e-02,3.258232250295038830e-03,-7.467800268796242341e-03,-1.433828716889814017e-02,-1.214880904085289051e-02,-1.360322699969057072e-03,7.297467576367779214e-03,-8.127833078473914105e-03,2.408092294249100911e-03,-1.681568883977464790e-02
-1.264873723407648753e-02,3.320661111773568624e-03,-9.089368704741310895e-03,-1.503954178336036618e-02,-1.367005872111814666e-02,-2.507047736715118259e-03,1.532427753208982215e-03,-1.186267866029640586e-02,6.419661387969187276e-03,-2.908850365853121820e-03
-1.417333655979050554e-02,3.735457045272648664e-03,-8.915611275927408028e-03,-1.650668182888039015e-02,-1.353597454611356853e-02,-7.627469066505055588e-04,7.387823305309979514e-03,-9.182987268243994819e-03,4.778000149381937504e-03,-1.874935182762388353e-02
-1.491575971992063591e-02,3.786979058019579372e-03,-1.054136199102019555e-02,-1.715213972655169408e-02,-1.494873120073678466e-02,-1.831481302534212346e-03,1.523704370610853061e-03,-1.277136119278423319e-02,9.103679771293378062e-03,-4.989292245289967363e-03
-1.644535329772347718e-02,4.180546129948763817e-03,-1.033627975408754097e-02,-1.857327546081560116e-02,-1.471409469982168546e-02,-1.668743628988180060e-05,7.282760627935705271e-03,-1.005493186032813471e-02,7.544492073357171764e-03,-2.071317684131957285e-02
-1.719043786043020564e-02,4.221055664857878420e-03,-1.196951032348218466e-02,-1.917049616328086320e-02,-1.602470223863184176e-02,-1.035224727359357376e-03,1.349282853119526237e-03,-1.351615552988720895e-02,1.216725499674560680e-02,-7.087929926595982859e-03
-1.872426500092812252e-02,4.595241380244497256e-03,-1.173240228579852489e-02,-2.055266920793675720e-02,-1.568918279310861294e-02,8.190211921315262555e-04,7.008888720082666682e-03,-1.077746539034712438e-02,1.065165748447881831e-02,-2.269447420329893939e-02
-1.947204620861550661e-02,4.624764203776578035e-03,-1.337534582180393596e-02,-2.110730997766309402e-02,-1.689992654956100002e-02,-1.719869208275637252e-04,1.031356444669519722e-03,-1.412837251077118245e-02,1.555087441564447295e-02,-9.199827804799977360e-03
-2.100953388594504340e-02,4.980880827262233572e-03,-1.310670843784961237e-02,-2.245599249138459721e-02,-1.646041694072310213e-02,1.695651653298122907e-03,6.590092779091641546e-03,-1.137970998970415544e-02,1.404911310889153317e-02,-2.468465780742276974e-02
-2.175998562461633687e-02,4.999493224235896163e-03,-1.476071202746106863e-02,-2.297225670859903701e-02,-1.757136359639695569e-02,7.155139566354843479e-04,5.901363945222615421e-04,-1.463365525190507208e-02,1.920347857625266316e-02,-1.132320447198126474e-02
-2.330070031371237957e-02,5.338414084068739476e-03,-1.446140798234644108e-02,-2.429165339299448056e-02,-1.702332844130609313e-02,2.576220880821105015e-03,6.047342211328850942e-03,-1.188507014476083805e-02,1.769373646040846640e-02,-2.667961729448120600e-02
-2.405375091165795273e-02,5.346183066797192789e-03,-1.612712405556118722e-02,-2.477261096588198597e-02,-1.803329082964686900e-02,1.596142730680397527e-03,4.339139759649323692e-05,-1.505194175352850619e-02,2.308286736288133259e-02,-1.345880539359410946e-02
-2.559736631229639001e-02,5.668420469092131861e-03,-1.579799909277342790e-02,-2.606601920416545815e-02,-1.737129735482135021e-02,3.434917369204901899e-03,5.398750689499072324e-03,-1.231152598859539156e-02,2.155007498536095495e-02,-2.867887541239990193e-02
-2.635290979701931588e-02,5.665374058733696656e-03,-1.747549423898919763e-02,-2.651386398333786115e-02,-1.827836514785025762e-02,2.449523226241996383e-03,-5.932673976918185739e-04,-1.539773688331693563e-02,2.715514512498345273e-02,-1.560978384946460143e-02
-2.789918371760366153e-02,5.971123182888511682e-03,-1.711716132934263529e-02,-2.778387646860590657e-02,-1.749648535787381304e-02,4.256343595862387315e-03,4.660118768035322392e-03,-1.267150898714269024e-02,2.559012412691299282e-02,-3.068521691071861290e-02
-2.865708427377310075e-02,5.957233923489843770e-03,-1.880608073310121794e-02,-2.820013873933192861e-02,-1.829796681180941020e-02,3.264315490818670267e-03,-1.306066444844390315e-03,-1.568043241016187778e-02,3.139347548419562511e-02,-1.778144806173269366e-02
-3.020584697864130141e-02,6.246407107508949487e-03,-1.841888151097113499e-02,-2.944888066977820879e-02,-1.738998992903862187e-02,5.033488848452207821e-03,3.845331594574641701e-03,-1.297292542557133659e-02,2.979227269635376790e-02,-3.270453827080791603e-02
-3.096593679786837500e-02,6.221583046211313570e-03,-2.011833964812713080e-02,-2.983468318136069802e-02,-1.808275521939304437e-02,4.037472121113589926e-03,-2.082631274929079655e-03,-1.590506544415650966e-02,3.577719848143139786e-02,-1.998149220108308768e-02
-3.251708523737312229e-02,6.493805840127328012e-03,-1.970246155704856797e-02,-3.106401187599947336e-02,-1.704201663984882681e-02,5.766624449125420590e-03,2.967121623636451589e-03,-1.321926338407449115e-02,3.414071205323424008e-02,-3.474582818427312397e-02
-3.327916029031003503e-02,6.457903709897737897e-03,-2.141114521617624999e-02,-3.142025379312310407e-02,-1.762218503142087139e-02,4.771754852194438727e-03,-2.911187461100629877e-03,-1.607277061878278901e-02,4.029030544371469541e-02,-2.222011790668642142e-02
-3.483265637759248856e-02,6.712509035617876887e-03,-2.096680235986352059e-02,-3.263198787551967184e-02,-1.644163431411454698e-02,6.461043516565184372e-03,2.037749675380870745e-03,-1.341033199168633304e-02,3.862369299326490202e-02,-3.682120243486315669e-02
-3.559646672239025200e-02,6.665330541213375024e-03,-2.268283865834565954e-02,-3.295964390596931026e-02,-1.690457164958950043e-02,5.474459735080772389e-03,-3.779753936861446773e-03,-1.618145446442733476e-02,4.492048686834481525e-02,-2.451081385532164619e-02
-3.715234289683793517e-02,6.901315503555888707e-03,-2.221035564596710726e-02,-3.415581539102770237e-02,-1.557680379626417110e-02,7.125975175189203960e-03,1.069953855957344073e-03,-1.354238375515593937e-02,4.323366143399792749e-02,-3.894636768814059569e-02
-3.791757915337736623e-02,6.842620945706142516e-03,-2.393131181510690583e-02,-3.445623496312201495e-02,-1.591718729193953435e-02,6.156286661955795263e-03,-4.675298455006433179e-03,-1.622567108648487536e-02,4.965855771172954930e-02,-2.687063045551758497e-02
-3.947594199728220871e-02,7.058592066358603326e-03,-2.343133378892911511e-02,-3.563948607345854280e-02,-1.443428652458076354e-02,7.772979418621097161e-03,7.792115127798045974e-05,-1.360846122214368764e-02,4.796591698870711351e-02,-4.114114073180942521e-02
-4.024222366197923589e-02,6.988094910107552939e-03,-2.515431112380027423e-02,-3.591480310731841319e-02,-1.464576121973772994e-02,6.829229479745000699e-03,-5.582360236456482619e-03,-1.619721187881101657e-02,5.449696194681610817e-02,-2.932267217805714990e-02
-4.180325772248041222e-02,7.182188857968480923e-03,-2.462782227330395646e-02,-3.708881387670569241e-02,-1.299935991114102053e-02,8.414558650961483435e-03,-9.210711304307183950e-04,-1.359845637016748009e-02,5.281656477333170063e-02,-4.343236081597118270e-02
-4.257012831138790726e-02,7.099496881154642586e-03,-2.634967216627803754e-02,-3.734284539680607362e-02,-1.307558987549790018e-02,7.507523602972058022e-03,-6.481095555725070213e-03,-1.608515313325432211e-02,5.942824136176585309e-02,-3.189992262894630892e-02
-4.413409225885654708e-02,7.269279137669937968e-03,-2.579878612152318798e-02,-3.851332905118459715e-02,-1.125736150470038263e-02,9.065553712999416952e-03,-1.903698635217043788e-03,-1.349998588730856423e-02,5.777674243318166314e-02,-4.586089754492129328e-02
-4.490102357743825517e-02,7.173699846687247618e-03,-2.752014011199224036e-02,-3.875141486927152074e-02,-1.118922754162136358e-02,8.210644660206860984e-03,-7.344016442580068166e-03,-1.587411241204142454e-02,6.443029078355268224e-02,-3.465191058051511619e-02
-4.646813377173270032e-02,7.315964208125008868e-03,-2.695816773281977177e-02,-3.992557177798556484e-02,-9.188317722003605872e-03,9.756717240285008724e-03,-2.835346181728560459e-03,-1.328744231010398763e-02,6.277990803324545732e-02,-4.848582792606968145e-02
-4.723375701619726696e-02,7.206787582473964116e-03,-2.871522137730316004e-02,-4.015779885811573968e-02,-8.975969862368661165e-03,8.998412273025941169e-03,-8.118625876245426018e-03,-1.550485940840811740e-02,6.925447600088703581e-02,-3.763358714760740159e-02
-4.879953069079271538e-02,7.320348332222892385e-03,-2.826727304182707554e-02,-4.133936656259431380e-02,-6.815810120614792730e-03,1.063130187032383309e-02,-3.631086324319079354e-03,-1.271269452650100953e-02,6.693336962084345254e-02,-5.114108941559955546e-02
-4.953556227067069939e-02,7.215672666350442070e-03,-3.045054197541952057e-02,-4.150495128032960501e-02,-6.539924167024186927e-03,1.031432424244849849e-02,-8.625562496881660629e-03,-1.386674770064652389e-02,7.049391585737015131e-02,-3.946722301650995579e-02
-5.095451348655102852e-02,7.393677333881420316e-03,-3.153475791673585743e-02,-4.221000503188499647e-02,-4.310165702763096331e-03,1.313943932240926177e-02,-4.074815331539018322e-03,-7.004005055789060651e-03,5.896758863672971196e-02,-4.556701279575595814e-02
-5.091737411408545771e-02,8.005594301811072219e-03,-3.586449562669718344e-02,-4.097676194781012943e-02,-4.426807122699907143e-03,1.711681664320952381e-02,-9.954380811813327151e-03,2.626363089672114400e-03,2.958313705676102537e-02,-3.771661118489405551e-02
-5.055132271835749425e-02,7.801520627415900640e-03,-3.613135071326249725e-02,-4.178786095475890000e-02,-4.186608000027136796e-03,1.830549144791089600e-02,-5.408234130548436255e-03,2.527134811171895170e-03,2.496317379400938771e-02,-5.423992288225843589e-02
-5.092150148870163567e-02,7.844419886776553275e-03,-3.729194075596903302e-02,-4.127840972362502303e-02,-4.034163594461980841e-03,1.712596796299081792e-02,-9.080947796838491695e-03,3.881538299874367874e-03,2.576348890012227985e-02,-3.801239085648894234e-02
-5.057316297352125456e-02,7.674958791903720504e-03,-3.743043484424164735e-02,-4.195669807837758281e-02,-3.808082444946688828e-03,1.771547715940613096e-02,-4.766431317240812406e-03,3.595868058748274369e-03,2.355630721415833892e-02,-5.265287531625489209e-02
-5.094069897176636830e-02,7.751224493891314266e-03,-3.857886156368110775e-02,-4.133155985890844125e-02,-3.669665086547246272e-03,1.649351188698455761e-02,-8.477145486768755678e-03,5.027231459212783311e-03,2.438391367137145507e-02,-3.646421994424136476e-02
-5.059709538241823762e-02,7.578697388541708914e-03,-3.874631459497240860e-02,-4.196143820833572735e-02,-3.425305935950290377e-03,1.697938444849207348e-02,-4.340823514853246572e-03,4.616204029954124738e-03,2.224072537448159095e-02,-5.062212875665526163e-02
-5.096041817403535595e-02,7.675896172795054935e-03,-3.989534751312540789e-02,-4.133573331845687843e-02,-3.419478838492439211e-03,1.570230486333631589e-02,-7.955872613814094288e-03,6.042931997409250328e-03,2.289777331034770561e-02,-3.458536382448049867e-02
-5.062142877753190995e-02,7.491803252410582023e-03,-4.009091541341915782e-02,-4.190036884285812391e-02,-3.031503097255834091e-03,1.617448627809335918e-02,-3.972937021608256153e-03,5.602297842479501098e-03,2.085003765539208270e-02,-4.829986427645804881e-02
-5.098365686972339272e-02,7.594522486330444050e-03,-4.117946404321973924e-02,-4.100943653974434971e-02,-2.452138713189397270e-03,1.525879386354103001e-02,-7.644692301289136675e-03,7.353214842122834417e-03,2.154225619845994213e-02,-3.260426837047798038e-02
-5.065148475354593754e-02,7.386702565492269529e-03,-4.135595015658179857e-02,-4.120622715580230661e-02,-1.159473657161564156e-03,1.615121290447006988e-02,-3.983180294628700137e-03,7.268790527321004370e-03,1.981451549634008491e-02,-4.586080193089101670e-02
-5.101248665498182844e-02,7.494420868653282886e-03,-4.239215535313967803e-02,-4.010964553821426415e-02,-1.234232439814961398e-04,1.552902658503567228e-02,-7.666347932841741791e-03,9.287120565034258368e-03,2.051112214042356482e-02,-3.050276226608414354e-02
-5.068418609354383153e-02,7.273198382331163940e-03,-4.259464244889094725e-02,-4.022500695856452702e-02,1.399126023019663101e-03,1.643751784496292820e-02,-4.140000951067125678e-03,9.244819218640591349e-03,1.888648656667106171e-02,-4.335939028811184454e-02
-5.104267219858583254e-02,7.391039028855482529e-03,-4.360928410479564254e-02,-3.911232947048918357e-02,2.451455561300220666e-03,1.584496126799408641e-02,-7.724422840167982814e-03,1.131396991316043106e-02,1.947175083034278706e-02,-2.836300844041816926e-02
-5.071720421893731456e-02,7.159405539795084261e-03,-4.385131720692733021e-02,-3.920949869690568829e-02,4.055404198132487280e-03,1.666966141031136356e-02,-4.287568396590070094e-03,1.125304930269003037e-02,1.789140514605551402e-02,-4.079624990571358023e-02
-5.107303846328466179e-02,7.288341851099317155e-03,-4.485221018463075859e-02,-3.814325127739141841e-02,4.983029813872628076e-03,1.602456983276863076e-02,-7.736110810376613939e-03,1.329382357822964100e-02,1.831781041520660555e-02,-2.618548127347110691e-02
-5.074928898701711738e-02,7.050126132227030849e-03,-4.514951292284894585e-02,-3.830374588590259449e-02,6.472198546269437858e-03,1.664350954976668087e-02,-4.325805590966857322e-03,1.312747676910602963e-02,1.671940002746196210e-02,-3.818539695222277625e-02
-5.110288368299116535e-02,7.188939005739452409e-03,-4.613764833049800729e-02,-3.727522754052773474e-02,7.301385983397708397e-03,1.596016621984194805e-02,-7.649682090828277721e-03,1.514671008365394561e-02,1.702086780613878969e-02,-2.395964023756509687e-02
-5.078120339887224471e-02,6.942509589973382134e-03,-4.647728713825107633e-02,-3.743030488445234921e-02,8.843747849473412512e-03,1.646072287166719036e-02,-4.299410298961046928e-03,1.495330732898502400e-02,1.543511225335743309e-02,-3.555035984135950650e-02
-5.113209774893871101e-02,7.093476324242307951e-03,-4.746931538214688162e-02,-3.652969196457452050e-02,9.362878679636974996e-03,1.561355693612459170e-02,-7.445508608594900157e-03,1.684090772116218077e-02,1.554623674742853373e-02,-2.171487969877103005e-02
-5.081108878017193131e-02,6.843799361279613233e-03,-4.787071325171052966e-02,-3.678739513434495234e-02,1.069787603397439127e-02,1.583082667525073303e-02,-4.081225600045225270e-03,1.649951987601703737e-02,1.389329337465279243e-02,-3.285938931663360402e-02
-5.115856206723924660e-02,7.010009163554500877e-03,-4.888917153975445851e-02,-3.613086107924618623e-02,1.062806266790668891e-02,1.466229410921413359e-02,-6.985321743261051729e-03,1.812246972044481361e-02,1.373343566828291555e-02,-1.941336074626338892e-02
-5.083385473261198273e-02,6.773968973019345655e-03,-4.942149057820108965e-02,-3.693142872717707775e-02,1.070041317105132825e-02,1.395961588267958901e-02,-3.330913749487465162e-03,1.712569374458815935e-02,1.168592158837203701e-02,-3.011359736049327301e-02
-5.117846804514865344e-02,6.953697963424910165e-03,-5.047026804122399513e-02,-3.650644818070412218e-02,1.007485387501137405e-02,1.248879838413776214e-02,-6.007477288933579969e-03,1.849723956707185341e-02,1.125654800058284097e-02,-1.707489451692439583e-02
-5.085681205944481142e-02,6.704532075461288286e-03,-5.099488391076095056e-02,-3.706331947524801884e-02,1.077856388024084691e-02,1.197603852760770714e-02,-2.529251408763339305e-03,1.773307588026183310e-02,9.369624639683080819e-03,-2.732874654709606041e-02
-5.120197680677043145e-02,6.884763286427038678e-03,-5.203043235764244490e-02,-3.654822371373239731e-02,1.036698557724037573e-02,1.067232105285674353e-02,-5.176233981059279524e-03,1.922597425384235323e-02,8.895714908016293110e-03,-1.469816817459684150e-02
-5.088101564026423912e-02,6.631595714993373213e-03,-5.257467610299045718e-02,-3.706992245295867572e-02,1.120956991526282816e-02,1.003774739366098886e-02,-1.735978898858729202e-03,1.843867911716379898e-02,7.015754877569468397e-03,-2.451247577339642561e-02
-5.122669405340925242e-02,6.812863249728068685e-03,-5.362715722049416628e-02,-3.653125714935901575e-02,1.085116821573529032e-02,8.813588609581046035e-03,-4.316853633431580461e-03,1.998444529237277181e-02,6.432826100704868919e-03,-1.228533913495749585e-02
-5.090618837174117062e-02,6.556741826923308085e-03,-5.418409364977750525e-02,-3.700533013282119449e-02,1.187811133114304897e-02,8.064651689880183300e-03,-9.062571739008858183e-04,1.915462902109512852e-02,4.518720760186260670e-03,-2.169247839356637855e-02
-5.125316186674611085e-02,6.736877218235456238e-03,-5.529475437969606083e-02,-3.645886157544852429e-02,1.153862579806108971e-02,6.927873594543616786e-03,-3.404178274568533599e-03,2.073080099628364301e-02,3.749800941957906388e-03,-9.912427567836157999e-03
-5.093340747681484454e-02,6.477768555053512768e-03,-5.589830073557476575e-02,-3.688219593797352480e-02,1.278081080399388371e-02,6.108889382224613231e-03,1.222196875193379525e-05,1.980088093858465084e-02,1.689498501721914013e-03,-1.903080593727741673e-02
-5.128446216060804363e-02,6.648384038249179236e-03,-5.718177364387840717e-02,-3.628101185752689167e-02,1.259321901500612927e-02,5.264481840445632034e-03,-2.388506410886971892e-03,2.141037322426345146e-02,4.757566485274067748e-04,-7.940819367101340648e-03
-5.096908378560087438e-02,6.375565882276787791e-03,-5.805046997218735183e-02,-3.659958614895976459e-02,1.423516920415231549e-02,4.682688159599339775e-03,1.093028255410797775e-03,2.031539845361996291e-02,-2.289442970078523192e-03,-1.717658134344974760e-02
-5.133065955419140874e-02,6.516415405937745452e-03,-6.002690155268906175e-02,-3.602782306616231917e-02,1.406105827442601965e-02,4.560523156413195250e-03,-9.956326854052468655e-04,2.173426857896297582e-02,-5.345544057952322445e-03,-7.622054258518666178e-03
-5.102264472832918757e-02,6.198535001930132078e-03,-6.196800807000744926e-02,-3.640058883902890646e-02,1.540387374306419720e-02,5.850190519559692048e-03,2.750657571551508480e-03,2.056152278565106031e-02,-1.129184865280542446e-02,-1.798890568395230052e-02
-5.129966980782488944e-02,6.481458909817999423e-03,-6.176676290893994697e-02,-3.567988601128296855e-02,1.284031663028504383e-02,1.531521315477386326e-02,-3.022257242252039916e-04,2.297121966973850529e-02,-1.532856479369789846e-02,-9.554218009703543263e-03
-5.037889897018919122e-02,7.585475248458577874e-03,-4.198940229682240899e-02,-3.379250695027930657e-02,9.468476826780564126e-03,1.205859546388987451e-02,-1.082122107093839991e-02,3.068179385610271884e-02,3.689908388389363803e-02,2.180944663577118886e-02
-5.001318834556926773e-02,8.602106278056607241e-03,-4.229787758778645601e-02,-2.984178862583347289e-02,2.997586719183521330e-03,2.056164552458422320e-02,-1.318099749999107964e-02,3.044253405152987091e-02,3.679682190980641809e-02,2.623716556057750435e-02
-4.958045584487585922e-02,8.495392934053601006e-03,-4.174116444175943880e-02,-2.980296348446606972e-02,3.192966511435311842e-03,1.980501615086783726e-02,-1.004500577133128972e-02,3.083542649688924414e-02,3.465139828963543361e-02,1.901986028549404462e-02
-4.920146513384628106e-02,9.657905773251975953e-03,-4.285079747118943766e-02,-2.548545916484586810e-02,2.186574941726589227e-03,1.622346051185583060e-02,-1.120631186175408828e-02,2.802483546274659940e-02,3.169343822366418179e-02,2.716801271448769650e-02
-4.877440035360790238e-02,9.577519301851428885e-03,-4.324927786043135380e-02,-2.545463943937519707e-02,4.980683754029786164e-03,9.049075043398536675e-03,-7.072932718505334747e-03,2.657871841606345223e-02,2.643543511629377341e-02,2.172026681025779685e-02
-4.839822837119869825e-02,1.074313195559649901e-02,-4.473874209833624688e-02,-2.127145455915871106e-02,4.864056437827455996e-03,2.722054822336597048e-03,-7.713642822999520685e-03,2.285955569689677655e-02,2.195525042221902270e-02,2.989324786499564929e-02
-4.797139753409891683e-02,1.063904478527928285e-02,-4.511652548854707540e-02,-2.105164281280372945e-02,8.349103365625540341e-03,-4.443392913782057835e-03,-3.712662842295412057e-03,2.146712996850700869e-02,1.684242956202340602e-02,2.480741351353680374e-02
-4.760323671603151202e-02,1.174796136982064060e-02,-4.639695670776259467e-02,-1.606758326541027695e-02,1.011776128536709222e-02,-9.036944024950211915e-03,-4.982513210051624578e-03,1.890057873059399624e-02,1.318701101255845796e-02,3.251238056392018183e-02
-4.717873538378717507e-02,1.158993952082577189e-02,-4.640859203809418604e-02,-1.519557370719112378e-02,1.470768969416629685e-02,-1.380134338531274069e-02,-1.711805103629774737e-03,1.864964802755380777e-02,9.563306737415511183e-03,2.754216927307784682e-02
-4.680817970794801802e-02,1.266866337715114726e-02,-4.746031603183085978e-02,-1.035079979870201679e-02,1.566267583918139888e-02,-1.688856401434486038e-02,-3.246269137997982376e-03,1.651267271621786534e-02,6.721255530418661014e-03,3.464111454590585587e-02
-4.637302915125654512e-02,1.247234928339292608e-02,-4.685073408854874971e-02,-9.867592834656095657e-03,1.764575588664228298e-02,-1.780741111596241544e-02,-6.211827981969689867e-04,1.715710791840846516e-02,5.565279429024430798e-03,2.940348872363989646e-02
-4.599485132060049386e-02,1.351385268899006273e-02,-4.734986444786298820e-02,-5.355740910080473115e-03,1.639680539769828443e-02,-1.742856070716979414e-02,-2.726044402701863559e-03,1.592470514242921853e-02,4.715830274984240088e-03,3.565479809977917247e-02
-4.555570787448365994e-02,1.329342240099156205e-02,-4.661580890577637915e-02,-5.085020181992140967e-03,1.762276570518320901e-02,-1.760904189615474305e-02,-2.063301844051067832e-04,1.663700984283606951e-02,4.175526372477949243e-03,3.050853403981496417e-02
-4.517714332484693007e-02,1.432271400788876631e-02,-4.722941802545074785e-02,-7.417851797810444490e-04,1.650350879381556543e-02,-1.817744573138106723e-02,-2.089881757810893061e-03,1.500623271160413628e-02,2.720017183053268211e-03,3.651679842526705383e-02
-4.473568178350115221e-02,1.408620404895850019e-02,-4.653201135689968848e-02,-6.842616838537987026e-04,1.750321191401556231e-02,-1.863560123254925927e-02,4.328572452438694622e-04,1.555572129647530590e-02,2.273630894511254573e-03,3.148032035899064884e-02
-4.435382317679892328e-02,1.507280697464222045e-02,-4.700984233702974746e-02,3.562393318489312250e-03,1.575844346312015379e-02,-1.822233832273498222e-02,-2.454817973087817986e-03,1.399709497805975283e-02,1.014084748004412916e-03,3.670331012197516202e-02
-4.392447423537166468e-02,1.483334292358674290e-02,-4.612724693798379155e-02,3.779517184077915270e-03,1.706220336001798218e-02,-1.738967314915229254e-02,5.257061896184021463e-03,1.599486066655877309e-02,1.269262949479042649e-03,3.405906841056724477e-02
-4.354841440259193258e-02,1.585764719770057368e-02,-4.578590572875498865e-02,1.097293449485818410e-02,2.042050745814453713e-02,-1.374877193429101772e-02,-2.416388367176984780e-03,1.594952060626612239e-02,2.492646653956113057e-03,3.748231958298405692e-02
-4.315232938676901581e-02,2.419294920819646880e-02,-5.436044274439497809e-02,1.780797160755145242e-02,-3.866334503049740495e-02,-6.658212655576833949e-02,-6.923601783038683954e-02,-3.665299394753649548e-02,-3.255483840210594837e-02,8.723453004986941872e-02
-4.241625298550402712e-02,1.983850380649685927e-02,-5.316533100698935671e-02,3.032021383923185973e-03,-2.037473928522397573e-02,-8.059080012058045250e-02,-6.799700491700957916e-02,-3.853656330760903831e-02,-4.147874457375402141e-02,-2.455972918493592224e-03
-4.205461471283746672e-02,2.103984760475488547e-02,-5.397057740327045744e-02,1.215305525025854420e-02,-2.160276474138548078e-02,-8.512227062853801318e-02,-7.914839002144734292e-02,-5.170519400706223567e-02,-4.637107149710393422e-02,3.002272428974915239e-02
-4.212583831115054162e-02,3.400423600877630625e-02,-6.256889429225698240e-02,2.613694154802984407e-02,-8.475464249682763962e-02,-9.513626225942399539e-02,-9.299657867854368987e-02,-7.471069760123334735e-02,-5.197966931782668776e-02,1.395586731071010167e-01
-4.151573401824604909e-02,1.710937723972381919e-02,-4.411407568593724016e-02,2.237546439935013051e-02,2.642241529137478312e-02,-9.340704275142953580e-03,7.386881864458531540e-04,1.996233425903698802e-02,1.672021604420664007e-03,3.586339881660997875e-02
-4.113816533915679724e-02,1.788712703443056870e-02,-4.436672524016958136e-02,2.600343823028324064e-02,2.547893828936165575e-02,-6.869704121509037122e-03,1.404185045848746743e-03,1.986947552814614937e-02,1.423645095845967523e-03,4.082973484593033914e-02
-4.069168459385248682e-02,1.748668217103734046e-02,-4.373024979399624257e-02,2.606908272142267197e-02,2.729199737594664721e-02,-6.376500086451796466e-03,-1.625373273344855483e-03,2.047428975333515089e-02,1.678879430321426371e-03,3.459973761139138043e-02
-4.030077886816270383e-02,1.837126207813347470e-02,-4.372887358462439200e-02,3.010399678990556202e-02,2.618554043858381183e-02,-5.336298848030259466e-03,-3.165411935171696944e-03,1.903219730870110357e-02,1.622348960257187587e-03,3.848275422062019668e-02
-3.986552729119770266e-02,1.798657686983892029e-02,-4.312543598721337718e-02,3.001721099629707859e-02,2.793757259813108018e-02,-4.991475918423496534e-03,-6.280088137975463813e-04,2.038881094152525733e-02,1.752044754606325904e-03,3.468285813700469622e-02
-3.947007672412339990e-02,1.884194990436984657e-02,-4.316417580116300307e-02,3.372089700924148226e-02,2.616060640659462894e-02,-4.361997838582180528e-03,-2.794217636879434922e-03,1.848741065518052368e-02,1.153420080488973395e-03,3.798831522634964208e-02
-3.903231537810689794e-02,1.844477419413093761e-02,-4.262653076328565965e-02,3.329663934542079207e-02,2.736159109844038193e-02,-4.336143562999700447e-03,-2.044356627179101345e-04,1.957582104228056813e-02,1.305261879423001920e-03,3.421741381591877906e-02
-3.863218217052197256e-02,1.928720163424488265e-02,-4.264062731435969145e-02,3.659967583440262157e-02,2.484117017652612974e-02,-4.043772869013368375e-03,-2.181043116125294841e-03,1.738441454120017229e-02,5.260983955101584952e-04,3.724696209478019909e-02
-3.819278357755372111e-02,1.887342141917973740e-02,-4.218349684018268819e-02,3.589796887187751695e-02,2.560283207385366869e-02,-4.374362801338482244e-03,5.460306444855765346e-04,1.816855438684474369e-02,5.823865859052822485e-04,3.359743580079883885e-02
-3.779131305973802007e-02,1.969191550351911610e-02,-4.212864939972530559e-02,3.913824176289327356e-02,2.321347626430689606e-02,-4.028336787102227562e-03,-1.443822619546616471e-03,1.607630363257350412e-02,-1.856436710167373033e-04,3.633970267901048129e-02
-3.735393580793305163e-02,1.924705028954785610e-02,-4.168336867689723807e-02,3.855892491686169210e-02,2.449539670535002059e-02,-4.140142527994918054e-03,1.179237033049142496e-03,1.701244429421884183e-02,4.513759484423694897e-05,3.283792325218549968e-02
-3.695148081963949699e-02,2.004031100961102888e-02,-4.155588064835209761e-02,4.177262318899390564e-02,2.233316605902461310e-02,-3.700212094085143354e-03,-8.513468099390131055e-04,1.506054416462664775e-02,-6.856252046874598350e-04,3.527594275523745354e-02
-3.651321566254429191e-02,1.957604037040510184e-02,-4.117365669472471124e-02,4.099424671887110655e-02,2.336025748116951975e-02,-4.034663355887434071e-03,1.863404912198259782e-03,1.579085836401548926e-02,-5.049409287533985699e-04,3.193875752722633715e-02
-3.610743395040278553e-02,2.035306438421239858e-02,-4.101556320215028056e-02,4.392554862609064636e-02,2.080210778350423048e-02,-3.849628208623849003e-03,-5.752817014107980241e-05,1.369328868881315719e-02,-1.362691770759915169e-03,3.407538681335983699e-02
-3.566873755450605810e-02,1.986772157491587670e-02,-4.068278425063892589e-02,4.299801394281488331e-02,2.169152593998887116e-02,-4.308580215747428825e-03,2.713011823488019076e-03,1.428797807526163005e-02,-1.190001749381273174e-03,3.090001444186960336e-02
-3.526149726272819612e-02,2.062205709584842561e-02,-4.047388416240147585e-02,4.583861913794837900e-02,1.922289184648070040e-02,-4.179198888697765839e-03,7.964342497945741837e-04,1.224021753732806340e-02,-2.080354215866835228e-03,3.275737869184393303e-02
-3.482262342280953438e-02,2.011611279298288271e-02,-4.020047184811836177e-02,4.477400888792960193e-02,2.004957533540855860e-02,-4.830783333506474993e-03,3.631610257381416920e-03,1.269112084452486341e-02,-1.964804109093526863e-03,2.974940420085723375e-02
-3.441303132625397193e-02,2.085120832355914777e-02,-3.995621501803909431e-02,4.742513914451508550e-02,1.741851872585982799e-02,-4.881802980149936230e-03,1.773347290784941252e-03,1.058516453881428246e-02,-2.944222110290690021e-03,3.134440718534867859e-02
-3.397550256770304200e-02,2.031784179116280162e-02,-3.969460256539434490e-02,4.640387245102457758e-02,1.858153799707748174e-02,-5.364535527028498237e-03,4.543592289329756277e-03,1.113494252770277568e-02,-2.705414916099201875e-03,2.848451997379414236e-02
-3.356671117527933179e-02,2.102110294604384033e-02,-3.935211012719568718e-02,4.921175093281359575e-02,1.659850071412046976e-02,-5.069130492001209555e-03,2.522061929905053922e-03,9.376880313070020193e-03,-3.510235309830075229e-03,2.982923550666156595e-02
-3.312992569557859229e-02,2.046289258215838736e-02,-3.910991233633761416e-02,4.816942620036415018e-02,1.794328328317249671e-02,-5.458786710483224530e-03,5.264107717274647304e-03,9.959281448632636632e-03,-3.189767290374012198e-03,2.711136973059396355e-02
-3.271921938285158454e-02,2.114536249898630801e-02,-3.872231379583647437e-02,5.083050208936653463e-02,1.587449920790841643e-02,-5.253313453363816013e-03,3.261406346095281020e-03,8.203368300178542558e-03,-4.031940716095439373e-03,2.822585191560364123e-02
-3.228264341187758041e-02,2.056471265388974332e-02,-3.850711746883240388e-02,4.971001539226805460e-02,1.726438768303296956e-02,-5.622772192691762559e-03,6.008857996865797635e-03,8.756363527326626456e-03,-3.670323850844216772e-03,2.564699675642266238e-02
-3.187070877314632927e-02,2.122409049553619642e-02,-3.806442570672167319e-02,5.229290453236824787e-02,1.527233387924773270e-02,-5.414328958647150747e-03,3.980145860305016499e-03,7.082133898550311418e-03,-4.502851332170766142e-03,2.654724455763868979e-02
-3.143428987264414859e-02,2.062157239137862863e-02,-3.787534901463782133e-02,5.109002521370076960e-02,1.669644213158637952e-02,-5.764178844480338966e-03,6.734585013968510774e-03,7.601902020810599563e-03,-4.105185432480419443e-03,2.410600887803933737e-02
-3.102081954706197367e-02,2.125949732279637863e-02,-3.738603899018264065e-02,5.355409009889570277e-02,1.468192517283845727e-02,-5.615052227176975733e-03,4.701751713239095062e-03,5.964960819093591618e-03,-4.957184846090455406e-03,2.480730815059327063e-02
-3.058442936741292278e-02,2.063600595180342667e-02,-3.722357819553316627e-02,5.225665778373603937e-02,1.610849505285088731e-02,-5.957226246357212769e-03,7.469476475802613522e-03,6.437752872523795113e-03,-4.533926069424376593e-03,2.250386530836781529e-02
-3.016957066846738186e-02,2.125233571833680390e-02,-3.668733839857352130e-02,5.461125774416236006e-02,1.409209577257302011e-02,-5.856609459182650704e-03,5.423641814708407387e-03,4.851446667107301401e-03,-5.398499504437011438e-03,2.301993669993908712e-02
-2.973322682248626808e-02,2.060822870936705742e-02,-3.654948972433184201e-02,5.322318278682825615e-02,1.552722919944782981e-02,-6.181568175483850673e-03,8.201293842823476066e-03,5.281032525405497495e-03,-4.949585329877534412e-03,2.085492191155161393e-02
-2.931707313382720184e-02,2.120307365146150563e-02,-3.596722687288973069e-02,5.547158798910455102e-02,1.351539367915042741e-02,-6.128516760136585272e-03,6.137637393974162796e-03,3.751265646746458193e-03,-5.824871006150756682e-03,2.119944435510541861e-02
-2.888059646573131259e-02,2.053953515517876333e-02,-3.585616611341067156e-02,5.397470506357581604e-02,1.491247693521724829e-02,-6.460846948272853593e-03,8.935693067625974026e-03,4.115381391535700116e-03,-5.366754084671743197e-03,1.917449679318576974e-02
-2.846267457709433096e-02,2.111528095368424632e-02,-3.523942738819588888e-02,5.605811076036509161e-02,1.276226612458664610e-02,-6.543472932600782020e-03,6.887543653997014841e-03,2.576531291800607942e-03,-6.294479552155451962e-03,1.936116849026334533e-02
-2.802573126501960513e-02,2.043412715912733615e-02,-3.516036661309180494e-02,5.441723549998375015e-02,1.403376239273654985e-02,-6.932900731677646942e-03,9.727023831812219370e-03,2.833310634490352527e-03,-5.855735279790983717e-03,1.747809175136972454e-02
-2.760664721874103028e-02,2.098892429751079980e-02,-3.450045946282623982e-02,5.639545006636337288e-02,1.188630158734880517e-02,-7.069716112113159229e-03,7.655335057893772333e-03,1.354802713663269759e-03,-6.794545830876780497e-03,1.751956347329615415e-02
-2.716972999421889481e-02,2.028868527743631772e-02,-3.444265030369963315e-02,5.466641603583671793e-02,1.316168804537975329e-02,-7.433050966126217296e-03,1.050101505861028399e-02,1.567560278697571925e-03,-6.338213846647222476e-03,1.577872702247624589e-02
-2.674934408284886794e-02,2.082360969362835601e-02,-3.374404772432781918e-02,5.651833959493748893e-02,1.096133260544968936e-02,-7.653987252880229027e-03,8.415593367191968530e-03,1.270681689824359106e-04,-7.300929321253459871e-03,1.568791259823198656e-02
-2.631227117127507217e-02,2.010546382892522063e-02,-3.370912273206814330e-02,5.468309263309099194e-02,1.219190034867171681e-02,-8.012077845764778786e-03,1.127711749617242749e-02,2.753824015586626376e-04,-6.840624457840436580e-03,1.408940001818278012e-02
-2.589094851831605024e-02,2.061957505720444367e-02,-3.296600484663828046e-02,5.644392069572629067e-02,1.001542162849836798e-02,-8.262046427266226192e-03,9.152678687814684577e-03,-1.084216152988425139e-03,-7.797854179046543981e-03,1.387804682866046468e-02
-2.545404566895928533e-02,1.988304668799225836e-02,-3.295127056595452408e-02,5.453571784356605473e-02,1.128770061753739742e-02,-8.591463411572514489e-03,1.201383975952933364e-02,-9.709335326777738476e-04,-7.327940761860104318e-03,1.242487122312845547e-02
-2.503201000912881960e-02,2.037669015980492215e-02,-3.217082896742777531e-02,5.621671287956107876e-02,9.178241095444452866e-03,-8.908035403220049275e-03,9.851145312666967357e-03,-2.253055281879290210e-03,-8.301406568696921909e-03,1.211167379387229244e-02
-2.459533633729120775e-02,1.962208831930599418e-02,-3.217448101820328393e-02,5.424271804607311287e-02,1.050627773701250621e-02,-9.199666282071056189e-03,1.270736406558061610e-02,-2.167862692944060640e-03,-7.821183634821380140e-03,1.080307122102480526e-02
-2.417265720068909052e-02,2.009508856021038903e-02,-3.134964164633902844e-02,5.585262783267247455e-02,8.459777076938668899e-03,-9.527703598273123964e-03,1.049068968763635507e-02,-3.349103281838381602e-03,-8.777920760102453021e-03,1.039462287088787490e-02
-2.373617391390117279e-02,1.932283402597655131e-02,-3.136769522524154863e-02,5.381280118685457386e-02,9.830384480261843486e-03,-9.759657060216484284e-03,1.333726544891391912e-02,-3.285608359901732740e-03,-8.277407249276745593e-03,9.227469255924996769e-03
-2.331293071569315659e-02,1.977548735316431161e-02,-3.049853811686357649e-02,5.535589901303419880e-02,7.848712860186129667e-03,-1.009176144001076858e-02,1.106157793011207542e-02,-4.360854194010922724e-03,-9.211114502668003856e-03,8.735831324825632863e-03
-2.287761890080575872e-02,1.898225023303484402e-02,-3.051192292152789948e-02,5.335853782386035249e-02,9.518087148678591736e-03,-1.010989384408752384e-02,1.383200053500449264e-02,-4.195912128427072355e-03,-8.617650839305662433e-03,7.708435559926126758e-03
-2.245946051817439976e-02,1.939298950878612024e-02,-2.949556339665728930e-02,5.544907898961965592e-02,9.070195479061958152e-03,-9.573958613291477099e-03,1.112113507094588359e-02,-4.465812251474288869e-03,-9.099507412155097980e-03,7.141162314206469380e-03
-2.202726877014208814e-02,1.857162262588793120e-02,-2.946701215039455174e-02,5.370865489792965575e-02,1.154882782778412532e-02,-9.071865901612567729e-03,1.368389158136063856e-02,-3.954796355546782126e-03,-8.265602947637964992e-03,6.250197934386854219e-03
-2.160846614038245891e-02,1.896367189552335131e-02,-2.841185896566301300e-02,5.571423978394956372e-02,1.110617005192466970e-02,-8.568674686776611357e-03,1.092243443544415812e-02,-4.141804838331007710e-03,-8.734057061825596657e-03,5.622427935772730291e-03
-2.117896293861521936e-02,1.811646268791324357e-02,-2.834929317418161815e-02,5.418342884710933283e-02,1.427716330773669620e-02,-7.617599391324252588e-03,1.330684150923036428e-02,-3.340196503346105385e-03,-7.697432930342831131e-03,4.866434873653390294e-03
-2.076008249197120598e-02,1.848830439126591951e-02,-2.724712338295702529e-02,5.616148846830337077e-02,1.396985737862591406e-02,-7.068489111233594233e-03,1.045912706104413191e-02,-3.380977244727263482e-03,-8.111942712461163441e-03,4.188085465901590990e-03
-2.031792631202531882e-02,1.767621438988816948e-02,-2.743542277053648282e-02,5.315916802618705916e-02,1.378821644050535165e-02,-8.063448125147523390e-03,1.369107741494396575e-02,-4.207383445444815018e-03,-8.046814352080542895e-03,3.575797818555088645e-03
-1.988252475767503594e-02,1.809326059928349426e-02,-2.659371130023930815e-02,5.330360685509598351e-02,9.265496273610184658e-03,-1.003860026404507916e-02,1.185816562731194408e-02,-6.163213293809686501e-03,-9.662489078114898031e-03,2.868334707612936289e-03
-1.943104625630120985e-02,1.730372932286821860e-02,-2.697019969220308330e-02,4.919523574857844611e-02,6.603892865678873299e-03,-1.245948020770140663e-02,1.571445493906147711e-02,-8.201101221682247783e-03,-1.031612838460754279e-02,2.394703772302986082e-03
-1.900029063238042534e-02,1.768337096077872775e-02,-2.599743673036602684e-02,4.982183743933968345e-02,3.422736041622883533e-03,-1.366456399604234692e-02,1.348313739973628494e-02,-9.432270445783794838e-03,-1.151820165042995343e-02,1.652137525229690389e-03
-1.856176959607567026e-02,1.682932484360760705e-02,-2.614829899519828874e-02,4.704860148940159109e-02,4.145532525279820892e-03,-1.404393829890887048e-02,1.647553460771331024e-02,-9.899450187729511366e-03,-1.119575332173684996e-02,1.298931421275572934e-03
-1.813739954406592969e-02,1.716545500892319165e-02,-2.501447391460775299e-02,4.834386531383147445e-02,2.745273942574010927e-03,-1.421637967132311463e-02,1.373228489122810606e-02,-1.019566710303786324e-02,-1.185318435563775114e-02,5.285892249137142708e-04
-1.770002872538249672e-02,1.629395821484289769e-02,-2.515899150588079419e-02,4.561162111946778785e-02,3.736313994814504432e-03,-1.439869516584118062e-02,1.665090111052242375e-02,-1.056953445828891225e-02,-1.145874468570533787e-02,3.009938897993877046e-04
-1.727489172902736680e-02,1.661544199276334885e-02,-2.399892109639532520e-02,4.678807790715313469e-02,2.213737171555833251e-03,-1.465888886136868831e-02,1.387621082342045849e-02,-1.083048102604988218e-02,-1.211715429166430186e-02,-4.844867054079910352e-04
-1.683701572339156224e-02,1.573360622910017007e-02,-2.416778528920496272e-02,4.391505310638758180e-02,3.030508501637193056e-03,-1.490630448846439089e-02,1.683270535033214860e-02,-1.131990840999662871e-02,-1.178017611042888116e-02,-5.887131567190660416e-04
-1.641117908837846570e-02,1.604090529012963673e-02,-2.298226461191254719e-02,4.497639800624282647e-02,1.384231311257764878e-03,-1.524959026412477797e-02,1.402488748478724484e-02,-1.154324039127531572e-02,-1.243458612970257948e-02,-1.382550362328090025e-03
-1.597295268584129901e-02,1.514873227812149614e-02,-2.317272895338821567e-02,4.197896391774349339e-02,2.060464954633690806e-03,-1.554336408568614443e-02,1.701036028136362205e-02,-1.213140804083818504e-02,-1.214695726134705327e-02,-1.367356838607048731e-03
-1.554614481603770575e-02,1.544363765435556937e-02,-2.196876682729397706e-02,4.289194127460353029e-02,1.996673914189296825e-04,-1.601662017133814730e-02,1.419023977954070315e-02,-1.235657530182331619e-02,-1.281730192468975675e-02,-2.163143606781203591e-03
-1.510793209055199225e-02,1.454029092461462704e-02,-2.217398412499033480e-02,3.980938284568941860e-02,8.230762996700371082e-04,-1.630376052681635837e-02,1.718170061519789030e-02,-1.300004266601448126e-02,-1.255364013965925250e-02,-2.032946106708110115e-03
-1.468111213930779931e-02,1.481974614254181512e-02,-2.093568143056082076e-02,4.067573437619850102e-02,-1.018910482030798564e-03,-1.676133011883075910e-02,1.428809983737796933e-02,-1.311256759315358039e-02,-1.316592709531642751e-02,-2.826063206538723810e-03
-1.424326372966646867e-02,1.390445554970101520e-02,-2.114931069997758734e-02,3.754552537874092377e-02,-3.648681768869452128e-04,-1.699264841654449590e-02,1.726392527574470773e-02,-1.377044345468411701e-02,-1.290267619586745081e-02,-2.585702803027411546e-03
-1.381595758902649969e-02,1.417104933818933571e-02,-1.988752795053861516e-02,3.830982933462814127e-02,-2.332648949204627759e-03,-1.751216482569927652e-02,1.433181737334976620e-02,-1.383505032550978731e-02,-1.349207169349284779e-02,-3.371316485399602526e-03
-1.337758764623773328e-02,1.324789411965513787e-02,-2.012599517619779316e-02,3.503400582587009454e-02,-1.891214899537599359e-03,-1.782954971635332744e-02,1.735294492921893306e-02,-1.462036356253778625e-02,-1.329861675487515119e-02,-3.025285296211252528e-03
-1.295015349901736806e-02,1.350093049721105831e-02,-1.883608056320286786e-02,3.573213961233987629e-02,-3.910472117962290016e-03,-1.835774871925038854e-02,1.436173663035573110e-02,-1.459741418937794168e-02,-1.383635565592744761e-02,-3.799620850867563120e-03
-1.251253290703314980e-02,1.256561334259426350e-02,-1.907750226274003424e-02,3.244741558907267981e-02,-3.357111728510386861e-03,-1.857858980574712479e-02,1.734773453836870732e-02,-1.535840491581281185e-02,-1.362400135515292633e-02,-3.353066910808053577e-03
-1.208552862260145119e-02,1.280374602282116983e-02,-1.775324777171575011e-02,3.313528343470362875e-02,-5.300788271095376036e-03,-1.904467059643761423e-02,1.426709034465792510e-02,-1.518912007604195612e-02,-1.407386170829193033e-02,-4.111966164742047146e-03
-1.164843634443295771e-02,1.185770886092486938e-02,-1.800155834229458934e-02,2.981632442863405702e-02,-4.705663003945895380e-03,-1.920562220629183636e-02,1.723446698596513282e-02,-1.595523775699342339e-02,-1.385973539609744280e-02,-3.570738902241847156e-03
-1.122156595864537594e-02,1.208268566560007085e-02,-1.664883625771075917e-02,3.045941371929568320e-02,-6.673490923362885088e-03,-1.964473233019215295e-02,1.408522424489123612e-02,-1.567699675936685966e-02,-1.423551202383799112e-02,-4.312614918163731881e-03
-1.078518882513401951e-02,1.112574570316908137e-02,-1.690025174260318536e-02,2.712547722540824616e-02,-6.000567329518980732e-03,-1.971756677963007465e-02,1.702315292552734546e-02,-1.642630128022378594e-02,-1.400477505020901459e-02,-3.683497444096487435e-03
-1.035906467638301152e-02,1.133587089061018072e-02,-1.551018755471275656e-02,2.778690294449766285e-02,-7.853184419369963268e-03,-2.003627109005241824e-02,1.376897198887927498e-02,-1.596872538149577553e-02,-1.425864224637800673e-02,-4.406869051131824359e-03
-9.923705025499334961e-03,1.036742725411466705e-02,-1.575952432915437434e-02,2.446901820821499596e-02,-7.037017274784726668e-03,-1.997924592993504875e-02,1.666022101043862155e-02,-1.666654818685610329e-02,-1.398989112625371144e-02,-3.696568725129794654e-03
-9.498293688316152006e-03,1.056356480673199295e-02,-1.433571522518886816e-02,2.514057476571059796e-02,-8.806014638938715333e-03,-2.018607103788461893e-02,1.330885908620228937e-02,-1.604132534982894917e-02,-1.412459535436008488e-02,-4.399939318900103653e-03
-9.063872726385157480e-03,9.584522393455233505e-03,-1.458518250261670555e-02,2.182752280374043730e-02,-7.882811749094878126e-03,-2.001847812804716589e-02,1.616238021638455313e-02,-1.670118420019029229e-02,-1.382596275421028344e-02,-3.615425114677961807e-03
-8.639265439189008217e-03,9.767060977099820476e-03,-1.312936824985717205e-02,2.251404373439878231e-02,-9.568092560524559323e-03,-2.010339430200362362e-02,1.271399655334968203e-02,-1.590584010591970798e-02,-1.383596280836580858e-02,-4.298036958073202241e-03
-8.205875135594203895e-03,8.777647590994298171e-03,-1.337810333589634082e-02,1.921294148683547545e-02,-8.530822722580174919e-03,-1.981779345586409322e-02,1.552753136079711160e-02,-1.651966764902090476e-02,-1.350234352962353772e-02,-3.446551783186018163e-03
-7.782156171367420397e-03,8.947028150026969245e-03,-1.189264890567156424e-02,1.991775320435451233e-02,-1.013568717664222428e-02,-1.977255626848988673e-02,1.198380340190284034e-02,-1.555448707122393873e-02,-1.338391769867248657e-02,-4.108278264661204340e-03
-7.349857959209324387e-03,7.947581998187375207e-03,-1.214059677070365370e-02,1.663186088386611403e-02,-8.987118703137954648e-03,-1.936710630982345360e-02,1.475783645857460871e-02,-1.611789553761095242e-02,-1.301239587757399042e-02,-3.197905307633564041e-03
-6.927092335436168570e-03,8.104352489378009033e-03,-1.062889718858679895e-02,1.735524739248658563e-02,-1.052136612683647957e-02,-1.918769117495623677e-02,1.112294424635031087e-02,-1.498819360618646249e-02,-1.276550983804094347e-02,-3.839898276936096026e-03
-6.496012105053207246e-03,7.094937355516986455e-03,-1.087510697609854124e-02,1.409435849971348194e-02,-9.249295739677185213e-03,-1.865122730108564192e-02,1.385403745939239872e-02,-1.548796298414077330e-02,-1.234800768911997228e-02,-2.878695143173164422e-03
-6.074410841610537043e-03,7.239116091778191250e-03,-9.338674927971401044e-03,1.485128871865797236e-02,-1.068624007727742888e-02,-1.831256396016523597e-02,1.012392446177316947e-02,-1.418466527293682326e-02,-1.196439803983148122e-02,-3.502823412955351299e-03
-5.644700312940991588e-03,6.219680444039748547e-03,-9.582064550388182458e-03,1.162743620726654908e-02,-9.274177315337753941e-03,-1.763097636778907309e-02,1.280752752387436487e-02,-1.460338168824848806e-02,-1.149063907707669960e-02,-2.499619914946341580e-03
-5.224422690919278654e-03,6.351565957105894528e-03,-8.024453118364331325e-03,1.242543286593014024e-02,-1.060345092256763898e-02,-1.711845613480486583e-02,8.983752701423623407e-03,-1.312944085197096690e-02,-1.097033291857360364e-02,-3.108902638069443395e-03
-4.796216783653472690e-03,5.322097317957887042e-03,-8.264665459372266820e-03,9.248353921096970354e-03,-9.041643015172694947e-03,-1.628150439039520100e-02,1.161699424877850155e-02,-1.344973103144235169e-02,-1.043065231332448474e-02,-2.073304539109557549e-03
-4.377439677353500008e-03,5.442024420542768311e-03,-6.690535231432389804e-03,1.009432298841428377e-02,-1.025188955601628524e-02,-1.558156847176092076e-02,7.702919903399235539e-03,-1.181416694225050426e-02,-9.778549910922990779e-03,-2.671726763601152497e-03
-3.950960627535359503e-03,4.402135848350927430e-03,-6.926139901622485433e-03,6.983021049741357580e-03,-8.509840759717030023e-03,-1.456766199629308534e-02,1.027750592802243422e-02,-1.200438882292595433e-02,-9.155865848485555264e-03,-1.614486400546030201e-03
-3.534037273266440581e-03,4.509914866075839801e-03,-5.338939728017166528e-03,7.899306517361259772e-03,-9.548816094962362527e-03,-1.364488101149790612e-02,6.269184373999392781e-03,-1.020672287211683328e-02,-8.372804469544073078e-03,-2.207317156834641067e-03
-3.109420104056400541e-03,3.459514873639690010e-03,-5.570525722689498305e-03,4.863646380474841852e-03,-7.620168323124018074e-03,-1.244893662230802528e-02,8.782515109248274776e-03,-1.024002790685193780e-02,-7.654763222261298100e-03,-1.140710168592058357e-03
-2.694525597622984218e-03,3.555926134656557224e-03,-3.979969713979336458e-03,5.846718144303699946e-03,-8.491988794817420874e-03,-1.130428761161589649e-02,4.694684094311260374e-03,-8.321970791044288815e-03,-6.769320431336191268e-03,-1.733982176378366788e-03
-2.272008741044000742e-03,2.494443176800958256e-03,-4.206682613025908464e-03,2.908728846772718531e-03,-6.344176817683338555e-03,-9.910894957605083724e-03,7.136950036886126510e-03,-8.148062871284484851e-03,-5.932301346562010927e-03,-6.718382867024907555e-04
-1.859678206937865523e-03,2.579314607660114587e-03,-2.620156019649962434e-03,3.983851360055088234e-03,-6.974099453346826322e-03,-8.502604212152698598e-03,2.971278211276640220e-03,-6.139644025316745753e-03,-4.968845629764598489e-03,-1.273980862729697005e-03
-1.439653078835776388e-03,1.505566677494265832e-03,-2.838465310001332849e-03,1.182574827220842211e-03,-4.539474160122483788e-03,-6.887485797332261461e-03,5.322571462874780938e-03,-5.673014415194554613e-03,-3.970963979166295885e-03,-2.316369984686268593e-04
-1.030672415805270045e-03,1.578569488053532203e-03,-1.264770741907334742e-03,2.378219195430702863e-03,-4.832566718299518768e-03,-5.154706806243691819e-03,1.082860967024473244e-03,-3.632142228361095321e-03,-2.970967682463198940e-03,-8.544712306307633868e-04
-6.142660632157997047e-04,4.902998962620508253e-04,-1.461425551685864230e-03,-1.999254503493488714e-04,-1.940302223188442423e-03,-3.271683403185796438e-03,3.295773177326925818e-03,-2.712569567852441028e-03,-1.731346103040381709e-03,1.555049498357675411e-04
-2.095080628174575757e-04,5.701277599379342203e-04,-3.071962729550605496e-04,1.075845670567473751e-04,-4.066371001912638498e-03,-2.881068438014183167e-03,-1.898040626422002792e-04,-2.140944972083046530e-03,-1.877943079791511479e-03,-5.015719482602162523e-04
-7.468834634563799877e-04,2.974236038718222857e-04,-8.597590465094085809e-05,-1.446736579373703209e-03,-1.411948035048564420e-03,-1.848944551568437831e-04,3.467177971168509433e-03,4.265014448304161286e-04,-1.829329112804444803e-03,-8.321791877614594102e-03
-1.467283228951269400e-03,4.386285988551493777e-04,-1.476948063282509287e-03,-2.189209450102739922e-03,-2.879469976546510709e-03,-1.684672278339648327e-03,-1.667343422362136535e-03,-3.575568023211756624e-03,9.121637450927534609e-04,6.540051818943609825e-03
-2.958618113229306672e-03,9.999444979198746086e-04,-1.380359439345373940e-03,-4.162428258464996936e-03,-3.699579905323875911e-03,-9.016935629025540650e-04,4.852009355081506742e-03,-1.408922938432722325e-03,-1.599495616066986528e-03,-9.638973795250542834e-03
-3.682464406984354080e-03,1.134210342764061788e-03,-2.919069650919937139e-03,-5.222232966298191899e-03,-5.860639854247023765e-03,-2.683617067858030079e-03,-3.534114338535330503e-04,-5.961321913861785185e-03,8.309727197155506373e-04,4.671269020198135294e-03
-5.189375252132624218e-03,1.645769247917119394e-03,-2.860326282138751872e-03,-7.013996734337498568e-03,-6.318465981428164971e-03,-1.603989182710372765e-03,6.168264265802829958e-03,-3.621171336519757658e-03,-1.155641502059622829e-03,-1.128317068202933440e-02
-5.913808882321154939e-03,1.771754519377034386e-03,-4.366053454721160847e-03,-7.949864869012978827e-03,-8.232170972905001813e-03,-3.160259317390703461e-03,6.843554288079361971e-04,-7.945841287418773172e-03,1.533945029444907333e-03,2.703498184401548210e-03
-7.431794508434040776e-03,2.244075414388475246e-03,-4.317704376339184108e-03,-9.635693358498358466e-03,-8.511479318702533728e-03,-1.853664975254188481e-03,7.151234305346364749e-03,-5.507600946752263041e-03,-1.128435402344361149e-04,-1.308824976104369479e-02
-8.157910716165294590e-03,2.359313740782510889e-03,-5.810046211761520779e-03,-1.047408297494869037e-02,-1.025050364499335495e-02,-3.233409539527504293e-03,1.455760584009623600e-03,-9.604013521476677598e-03,2.925591612263974284e-03,6.649827714670745191e-04
-9.684385760248256925e-03,2.799237727116466422e-03,-5.745988158616821551e-03,-1.207475029225413624e-02,-1.038851628876131736e-02,-1.735046058829052378e-03,7.829554531653327987e-03,-7.087149222401353463e-03,1.510408116218058807e-03,-1.500366231986806007e-02
-1.041287970807239401e-02,2.902509048395006484e-03,-7.235924373561631630e-03,-1.283268504219713634e-02,-1.198969617742440263e-02,-2.972697796480878053e-03,1.972692861337570994e-03,-1.097304375577222955e-02,4.928386730235581083e-03,-1.429244470711065482e-03
-1.194601489692534782e-02,3.315069069449968694e-03,-7.141848071078040275e-03,-1.436424983928067875e-02,-1.200822272603098428e-02,-1.325058283827709217e-03,8.234897756697393684e-03,-8.393923002564902466e-03,3.666064360349109621e-03,-1.699153125674863346e-02
-1.267730151443017227e-02,3.405882771065482564e-03,-8.636423146838614895e-03,-1.505530988143632433e-02,-1.349290094807936366e-02,-2.455594658717929341e-03,2.258156933716181508e-03,-1.209595879720172171e-02,7.461769372506738170e-03,-3.562554351338502023e-03
-1.421576927126133941e-02,3.794837761350494925e-03,-8.505887284516231925e-03,-1.653023932937483509e-02,-1.340272878142888778e-02,-7.013362161930753727e-04,8.401259538623336368e-03,-9.470790322823970445e-03,6.290677988909230273e-03,-1.902590511058081454e-02
-1.495008017398465408e-02,3.873065798058052123e-03,-1.000993418425135534e-02,-1.716489164204148404e-02,-1.478234999780908554e-02,-1.758065457612522156e-03,2.339243045417620150e-03,-1.301536661825661474e-02,1.044653180967078550e-02,-5.721431902030748619e-03
-1.649290406536770004e-02,4.241209427845480523e-03,-9.840893549818244615e-03,-1.859288687799075246e-02,-1.458727310201733164e-02,6.349059566616132428e-05,8.361296136613962163e-03,-1.035986593416977040e-02,9.318703141145455796e-03,-2.108791033710641361e-02
-1.723034069012931851e-02,4.306934748765104716e-03,-1.135764527162852131e-02,-1.917910105091840539e-02,-1.586741942964144114e-02,-9.482229839822111164e-04,2.243139488624767280e-03,-1.377029921427027660e-02,1.381002864225310683e-02,-7.896973793380246756e-03
-1.877680173397654542e-02,4.656291752303190999e-03,-1.115050689907855566e-02,-2.056771089788646256e-02,-1.556693626748512256e-02,9.063481439857259741e-04,8.144796260242654837e-03,-1.109861425711833501e-02,1.268863796764999399e-02,-2.316402959610544196e-02
-1.951737218574747107e-02,4.709705344888001632e-03,-1.268197761729698662e-02,-2.111154890778552118e-02,-1.674959777853369039e-02,-8.368983484448045676e-05,1.995348793938887377e-03,-1.439454012944468321e-02,1.748840725656682082e-02,-1.008400517462704205e-02
-2.106694031896178682e-02,5.041685490533178923e-03,-1.243826626376264878e-02,-2.246667874850049804e-02,-1.634075509707555787e-02,1.775579732237750905e-03,7.778276391659221314e-03,-1.171885625141956024e-02,1.634595548923185176e-02,-2.524563586657519940e-02
-2.181058723646003492e-02,5.083011540282881928e-03,-1.398549836256292311e-02,-2.297266245230012230e-02,-1.742607323424731625e-02,7.903500868234551030e-04,1.618535956791035228e-03,-1.491568520219085925e-02,2.142780608732992170e-02,-1.228043546081696025e-02
-2.336287069968808611e-02,5.398535701177881695e-03,-1.370694093127314619e-02,-2.429892713674631360e-02,-1.690475800784881077e-02,2.632647685544207451e-03,7.284555754139767844e-03,-1.224591314280194972e-02,2.024484492089291890e-02,-2.732837807454328166e-02
-2.410948931365728548e-02,5.427973173278596332e-03,-1.527021426133439580e-02,-2.477040765706762029e-02,-1.789195668207179193e-02,1.641776211675005604e-03,1.132400161157508332e-03,-1.535486864502922169e-02,2.558439487122979306e-02,-1.448730226640231218e-02
-2.566420065865876801e-02,5.727564971798598283e-03,-1.495832340026620119e-02,-2.607143384773346478e-02,-1.725336022157023669e-02,3.451547771495282278e-03,6.683191700760083426e-03,-1.269881596273256773e-02,2.434817426387804809e-02,-2.941210847174914600e-02
-2.641365270289355166e-02,5.745255818464296664e-03,-1.653732060696364720e-02,-2.651085972655603182e-02,-1.814117465655521594e-02,2.450321711114685028e-03,5.538940764328821381e-04,-1.572717452750645867e-02,2.992376392657630779e-02,-1.670772902144998864e-02
-2.797058551721978009e-02,6.029106757291131068e-03,-1.619326037016673506e-02,-2.778952151921507130e-02,-1.738001849838699889e-02,4.217381067567757026e-03,5.990935182199578525e-03,-1.309081749902001046e-02,2.862733744616324447e-02,-3.149999875039986852e-02
-2.872270459551897262e-02,6.035119720278109105e-03,-1.778725106948637891e-02,-2.819864465608514642e-02,-1.816647219026459523e-02,3.205358743075275955e-03,-1.022407226361257129e-04,-1.604254758004221293e-02,3.441884052478304257e-02,-1.894730377098112831e-02
-3.028172116946730233e-02,6.303124403002209955e-03,-1.741176606938474314e-02,-2.945729667652120451e-02,-1.727729178113377936e-02,4.924371102315567780e-03,5.222429448661450660e-03,-1.343006230156448301e-02,3.306056206666810326e-02,-3.359823086865137975e-02
-3.103631301972887419e-02,6.297446723215326114e-03,-1.901948597989866485e-02,-2.983743259889352906e-02,-1.795998071722880798e-02,3.905110122108859747e-03,-8.229155208219535080e-04,-1.630598017198470195e-02,3.904971249574683279e-02,-2.121376039453910789e-02
-3.259733670492268726e-02,6.549215512272747383e-03,-1.861310338631602668e-02,-3.107811174188026063e-02,-1.693687339110554885e-02,5.574343077123963298e-03,4.390847793975347947e-03,-1.372013333255138468e-02,3.763225684132567861e-02,-3.571653592592954202e-02
-3.335417430407724981e-02,6.531761981782553336e-03,-2.023290781974101255e-02,-3.143030622598388946e-02,-1.751254883976311252e-02,4.553721479046511818e-03,-1.595865524788303005e-03,-1.651864773794625360e-02,4.380082325175596591e-02,-2.351758278868596244e-02
-3.491719034299748531e-02,6.766612739133391619e-03,-1.979606958545133272e-02,-3.265498855517975224e-02,-1.634907144199155768e-02,6.174115350193239843e-03,3.508861736731861119e-03,-1.396082421807679462e-02,4.233109422306583630e-02,-3.786766241383588555e-02
-3.567600499647536477e-02,6.737229019062327198e-03,-2.142580859944268057e-02,-3.298032421632199340e-02,-1.681366633134779090e-02,5.159866119118957685e-03,-2.408715144468012281e-03,-1.667818569133357881e-02,4.866065878957184787e-02,-2.587224351970560804e-02
-3.724106480556644422e-02,6.954148855259123345e-03,-2.095903493319585878e-02,-3.419113665960843429e-02,-1.550298700635647196e-02,6.734518859954389050e-03,2.589410666099934647e-03,-1.414824296434454183e-02,4.715016187917388940e-02,-4.006779899220910129e-02
-3.800153227329524513e-02,6.912622303350992106e-03,-2.259600213956745526e-02,-3.449101258842374867e-02,-1.585154570722065170e-02,5.735735273340572017e-03,-3.248286056886305530e-03,-1.677896153106929467e-02,5.362097024564799891e-02,-2.829493774249307661e-02
-3.956875840233408520e-02,7.110213791418783583e-03,-2.210014761958236512e-02,-3.569063938369447520e-02,-1.438612727971750986e-02,7.268551099605087031e-03,1.646860670240390305e-03,-1.427508140098195967e-02,5.208511457458165489e-02,-4.233753404045488555e-02
-4.033048713242150946e-02,7.056274506164216843e-03,-2.374118715148513040e-02,-3.596722862528042158e-02,-1.461247746298683682e-02,6.294514812808973091e-03,-4.098811907218969167e-03,-1.681253421518762170e-02,5.867468952855792175e-02,-3.080876369916839275e-02
-4.190007885875032811e-02,7.232668080236101006e-03,-2.321742131103765247e-02,-3.715932879994530980e-02,-1.298419401063386804e-02,7.790153890030001270e-03,6.986306149563653416e-04,-1.433103794468197287e-02,5.713265796446904271e-02,-4.470417085565142612e-02
-4.266260576778418273e-02,7.165912696338250058e-03,-2.485924820276055533e-02,-3.741619585189449870e-02,-1.308152978727860835e-02,6.852230076882475165e-03,-4.940456673539195091e-03,-1.676746269123371644e-02,6.381497065222273279e-02,-3.344736662860249565e-02
-4.423484397223338693e-02,7.318649420235375999e-03,-2.431024663146500592e-02,-3.860636173142165811e-02,-1.128190715450935223e-02,8.316327215507339499e-03,-2.316741019710155257e-04,-1.430334303054197308e-02,6.228324955327157325e-02,-4.721021025980642882e-02
-4.499763326874584024e-02,7.238411419892929605e-03,-2.595496271467212859e-02,-3.885078704931882454e-02,-1.124519465867653868e-02,7.427626555643274120e-03,-5.743554313317493151e-03,-1.663143531245199480e-02,6.901512611048865597e-02,-3.626396981673539466e-02
-4.657278490132021886e-02,7.364165170104929915e-03,-2.539852734290825795e-02,-4.004892557895536193e-02,-9.269750368261031256e-03,8.876649919940164321e-03,-1.104098311012532974e-03,-1.417413829869538545e-02,6.745567496566340360e-02,-4.992405083101008473e-02
-4.733459149722518688e-02,7.269113291082729758e-03,-2.709387602818984220e-02,-4.029161463528477261e-02,-9.100645079863993112e-03,8.093060832503131546e-03,-6.448232196662665242e-03,-1.635449655476007777e-02,7.399258884513540413e-02,-3.933489302683630673e-02
-4.890837039259217367e-02,7.364514699984387250e-03,-2.669329259281166475e-02,-4.149959495893307954e-02,-6.970984834443477371e-03,9.663172491358609437e-03,-1.820922576241531480e-03,-1.369917147645364520e-02,7.164236400574201802e-02,-5.272322816793342110e-02
-4.964016963084729589e-02,7.265317769930808647e-03,-2.895149117690941354e-02,-4.167900050912455578e-02,-6.759718018139565000e-03,9.416829828773941660e-03,-6.857520216544043742e-03,-1.482103840224130269e-02,7.498173724244480698e-02,-4.127173275018041626e-02
-5.105313756005099013e-02,7.409016944500611442e-03,-3.049976781460536635e-02,-4.245878369577845562e-02,-4.751661541762026639e-03,1.240180604466962176e-02,-2.180073161181394006e-03,-7.953419751748409816e-03,6.195404884170188642e-02,-4.710059075242734039e-02
-5.093698822233192619e-02,7.981035732919358056e-03,-3.602762178932943093e-02,-4.124578860288789089e-02,-5.002439688498061532e-03,1.731909727414434122e-02,-8.966357104525110241e-03,2.134768371321319608e-03,2.932188898631261226e-02,-3.796015925512956357e-02
-5.057228830225390936e-02,7.756479442708190571e-03,-3.650940199795674190e-02,-4.208254455402286875e-02,-4.830303389836692642e-03,1.857584898859859432e-02,-4.412583174478527416e-03,2.074292815417942085e-03,2.428409482649386206e-02,-5.460183665228970917e-02
-5.094481727126199538e-02,7.790973251781441698e-03,-3.778596749668668847e-02,-4.159001879431092896e-02,-4.698653800059866131e-03,1.744183404472080673e-02,-8.071493598011779749e-03,3.381544102993170632e-03,2.497983188133051993e-02,-3.811293350053983342e-02
-5.059472735905130164e-02,7.627724784210401267e-03,-3.785756634788462610e-02,-4.226486567533950522e-02,-4.474256116161578860e-03,1.793034173979247969e-02,-3.755727049804822963e-03,3.133010172471612387e-03,2.283385164069361498e-02,-5.290010154433612971e-02
-5.096388058473233507e-02,7.698422493083108102e-03,-3.908104081255527745e-02,-4.164338861878764259e-02,-4.336891059839059759e-03,1.677056610718240942e-02,-7.454652563545841049e-03,4.541331404410218868e-03,2.360302772275392133e-02,-3.646896478674790248e-02
-5.061860606173195637e-02,7.531618314794793871e-03,-3.918211015810636050e-02,-4.227078289485008272e-02,-4.097648586045557310e-03,1.715347836920218944e-02,-3.324634004308146210e-03,4.172809798524163873e-03,2.154241064217320492e-02,-5.075192711460244782e-02
-5.098324317902470232e-02,7.624400029370414014e-03,-4.040279023052954777e-02,-4.166617198779283548e-02,-4.137091844325000399e-03,1.592248750965226042e-02,-6.912077110875952494e-03,5.555850667321849887e-03,2.212310942716584281e-02,-3.450512137037543142e-02
-5.064266787764357819e-02,7.445613333427667652e-03,-4.053701705899443591e-02,-4.223182533982158815e-02,-3.761519894125783022e-03,1.628380839743085937e-02,-2.937227689479041289e-03,5.155924529053998624e-03,2.016219479221760189e-02,-4.831429117500005144e-02
-5.100632205563625232e-02,7.543487207414292101e-03,-4.168834671075046655e-02,-4.133806517355711335e-02,-3.171567722452037566e-03,1.545430386757280609e-02,-6.591668308525850881e-03,6.889305694585974756e-03,2.078784770389463868e-02,-3.243938755587441602e-02
-5.067272501219492048e-02,7.340293637084835746e-03,-4.180546657583433801e-02,-4.152917825645301847e-02,-1.874532467934989085e-03,1.624432424109222353e-02,-2.946361998564719833e-03,6.854652016856762654e-03,1.915903943331591017e-02,-4.577004285795778504e-02
-5.103488084522023183e-02,7.444200047155162363e-03,-4.290418639985275895e-02,-4.044913956257221999e-02,-8.769628724768973801e-04,1.568664415474399151e-02,-6.597570624430866906e-03,8.834072680693519017e-03,1.977230894783847323e-02,-3.025374931248861823e-02
-5.070519180363997763e-02,7.227468743216920212e-03,-4.305044971522505037e-02,-4.056374421179784889e-02,6.394908828741551225e-04,1.648390549610584746e-02,-3.086622883090023653e-03,8.835457558029962202e-03,1.824696197722742996e-02,-4.316791115954019681e-02
-5.106500431760269826e-02,7.340819272305620057e-03,-4.412056128897787199e-02,-3.944234763592772974e-02,1.712386661880052922e-03,1.599553930718977321e-02,-6.651943117253551925e-03,1.089496875604946229e-02,1.876165938015497345e-02,-2.803501466922081811e-02
-5.073817625417910426e-02,7.113557119622308106e-03,-4.430848581208921694e-02,-3.954077227437986092e-02,3.306495174342650133e-03,1.670496107472335678e-02,-3.231200218219831572e-03,1.087455185507322716e-02,1.728386050530339099e-02,-4.050933499529232873e-02
-5.109518527250454106e-02,7.238602086076173329e-03,-4.536520660480851397e-02,-3.847881058348021077e-02,4.222135747215862225e-03,1.614777264393091327e-02,-6.650793768578376619e-03,1.289178717645149581e-02,1.762571846452600996e-02,-2.578018696706626742e-02
-5.077050571915758814e-02,7.003054924283380611e-03,-4.560168598600534279e-02,-3.859585245796613717e-02,5.809461068635252134e-03,1.671558987106956662e-02,-3.284894141167772359e-03,1.281548449057185422e-02,1.616503120954949566e-02,-3.780641496453028549e-02
-5.112559137157347833e-02,7.136730757238076914e-03,-4.663871962501900392e-02,-3.753554427316684733e-02,6.712528007272536464e-03,1.617169433578152793e-02,-6.600246319555419169e-03,1.485387539977748618e-02,1.640225647446949195e-02,-2.347694026010973753e-02
-5.080228037173728506e-02,6.895735029224316602e-03,-4.693104929709808470e-02,-3.772395276104521800e-02,8.169673698818703117e-03,1.651155600964250569e-02,-3.248287719138708528e-03,1.466026642677398066e-02,1.490521762973921402e-02,-3.508109022682911332e-02
-5.115397195494725269e-02,7.044298266842308719e-03,-4.798426327738097158e-02,-3.686964286533028767e-02,8.573354641481772259e-03,1.569512486598459780e-02,-6.336850807471620592e-03,1.648025807874105644e-02,1.489146902144536030e-02,-2.115868681792944239e-02
-5.083121053477180490e-02,6.800484620986578001e-03,-4.833954512213923388e-02,-3.717021443776780815e-02,9.799502741996726080e-03,1.574211009219677118e-02,-2.966065310518758210e-03,1.612589909390498705e-02,1.332879101163418276e-02,-3.230140595340985632e-02
-5.117987050469058330e-02,6.962764489932868339e-03,-4.941266336158377931e-02,-3.652170352545778403e-02,9.705251368766907444e-03,1.465919599845777292e-02,-5.834880350820382047e-03,1.772775767013404571e-02,1.306412616779201695e-02,-1.878485837250317564e-02
-5.085452334563936305e-02,6.728153763333618274e-03,-4.987646677616706242e-02,-3.723638292908078296e-02,9.977880165080423025e-03,1.397245443038841461e-02,-2.253421119299315028e-03,1.686213653220644537e-02,1.120590893306750921e-02,-2.946722446060151546e-02
-5.120013341270431007e-02,6.904701043090265798e-03,-5.098472830400760381e-02,-3.684747721115389646e-02,9.258940044363039509e-03,1.254907395039000714e-02,-4.876779979244932894e-03,1.818430184958119700e-02,1.064410136021861318e-02,-1.637589759959811112e-02
-5.087625313146727779e-02,6.663128298230854875e-03,-5.146744213591167294e-02,-3.748250109442216593e-02,9.767631244368194660e-03,1.182383612432169433e-02,-1.372208482287191498e-03,1.736102626387699827e-02,8.842827546337229949e-03,-2.659224157601215027e-02
-5.122197829748259545e-02,6.841946085085587673e-03,-5.257336338568043693e-02,-3.706216039150887764e-02,9.121207239785886559e-03,1.048338493463857671e-02,-3.928554022468676993e-03,1.874084201117643886e-02,8.184059179865380007e-03,-1.392899116552465295e-02
-5.089863585678795765e-02,6.596967552104880499e-03,-5.307631052193857724e-02,-3.766789687955283961e-02,9.755640046377233102e-03,9.628812118770506065e-03,-4.582487286932528407e-04,1.788234969163877627e-02,6.395157292864016296e-03,-2.368575282308457708e-02
-5.124488269883539088e-02,6.776894032034889818e-03,-5.420404645743013422e-02,-3.723799669770364723e-02,9.129643624397778059e-03,8.345424791757267979e-03,-2.937543046846111984e-03,1.930151755451800163e-02,5.602024257892103225e-03,-1.144868317328120652e-02
-5.092184358153917234e-02,6.529532169988933737e-03,-5.472133066154769715e-02,-3.780144788352902269e-02,9.935676130593215985e-03,7.375142449987577911e-03,5.069805750199447196e-04,1.838805059127126065e-02,3.783305502554783206e-03,-2.077934488896243312e-02
-5.126949214835812424e-02,6.708083608650492087e-03,-5.591490481320906397e-02,-3.737646943637236430e-02,9.298335820020157266e-03,6.167785501944561717e-03,-1.877326655571547910e-03,1.982362149959485467e-02,2.768973853609960588e-03,-9.025468030262094946e-03
-5.094708046059560902e-02,6.458375475371556929e-03,-5.649072938334191024e-02,-3.790579773666048757e-02,1.028148615131349933e-02,5.122179999530166242e-03,1.587835618692381079e-03,1.877825442066136108e-02,7.787209568116701484e-04,-1.806922137708000253e-02
-5.129911217883887514e-02,6.626873224979892493e-03,-5.788700329301255110e-02,-3.745583240274975162e-02,9.730528883215934857e-03,4.191486304449075669e-03,-6.677736743478041373e-04,2.020099394298004516e-02,-7.770866162325072626e-04,-7.083913050934025936e-03
-5.098174843499474196e-02,6.361704530513832660e-03,-5.877644407376218100e-02,-3.788031292283822182e-02,1.112403685990431129e-02,3.443935752655072780e-03,2.881750757640521698e-03,1.895709288716855567e-02,-3.582767317117608805e-03,-1.631846250997049178e-02
-5.134613038845283611e-02,6.496217066845032424e-03,-6.097544864838815026e-02,-3.746049670365785705e-02,1.065025297407893798e-02,3.238898363112825869e-03,9.956067269813154326e-04,2.010293201779407568e-02,-7.311396456892474763e-03,-7.083393709293777686e-03
-5.103688401710273354e-02,6.187947632853512715e-03,-6.311849001914787705e-02,-3.790714409625421666e-02,1.208409567492478402e-02,3.850597898164802389e-03,4.936770895297513256e-03,1.862044705522176297e-02,-1.394497899452350545e-02,-1.756357970390392750e-02
-5.129166756964408103e-02,6.531933972434724942e-03,-6.235866718048285740e-02,-3.732297486899884692e-02,9.267735733687226460e-03,1.319927875949089210e-02,1.783244483934699840e-03,2.022007410054142348e-02,-1.821382915867236427e-02,-1.012069662379539749e-02
-5.025973764710371661e-02,7.989612068497412706e-03,-3.863323519188200522e-02,-3.498196292196273371e-02,8.675074010355854695e-03,3.149844571965539769e-04,-1.123378764511028839e-02,2.712366539992894579e-02,4.320150218813569032e-02,2.677140378870630083e-02
-4.987413364664785437e-02,9.048622936220173524e-03,-3.803474690429423100e-02,-3.104319698708820144e-02,1.532928210936160057e-03,9.270593748802818945e-03,-1.408270054931486624e-02,2.750687298510240061e-02,4.535639966292201453e-02,3.234708955177814649e-02
-4.943937993257400271e-02,8.935782637755681351e-03,-3.726333599683604586e-02,-3.103496309809083281e-02,1.162758190593662444e-03,9.605477999055036034e-03,-1.118434992841783708e-02,2.824155090023830125e-02,4.399805580198050403e-02,2.498009151219801258e-02
-4.906045353071541298e-02,1.008326095988022579e-02,-3.823931841905475054e-02,-2.669305954494792521e-02,-3.063751621490858859e-04,7.403261465581617920e-03,-1.253102185229965602e-02,2.585806077020781635e-02,4.159860553272223122e-02,3.292314667514736892e-02
-4.863333128179189030e-02,9.996878732074750487e-03,-3.858335334261308452e-02,-2.667537926688836464e-02,2.245240382400112786e-03,7.307558741055552231e-04,-8.504663368207314444e-03,2.457398805371630024e-02,3.661630746095953515e-02,2.737105378000040043e-02
-4.825954239949962338e-02,1.115056292084940642e-02,-4.008288598925101309e-02,-2.236865675994391053e-02,2.333343909861792555e-03,-5.081372539631262217e-03,-9.196370034140421978e-03,2.106781428415230306e-02,3.217176929005376163e-02,3.545464202782579177e-02
-4.783449721288111217e-02,1.103959938029240063e-02,-4.047173026827712711e-02,-2.204674239150940587e-02,6.080712499390656701e-03,-1.212468484123352744e-02,-5.266961043015471952e-03,1.980511792960018558e-02,2.708841308653225574e-02,3.033891863312293546e-02
-4.746917101147573453e-02,1.213979343489497709e-02,-4.182506248918563957e-02,-1.694592550771431907e-02,8.212438688197428588e-03,-1.662348747678843441e-02,-6.506501421901275672e-03,1.730879748464106763e-02,2.323212198176589569e-02,3.799767193903320212e-02
-4.704594882492058039e-02,1.197930916347114683e-02,-4.189567980667408681e-02,-1.606223305016647382e-02,1.293442631578104601e-02,-2.160408824921212709e-02,-3.210007230494161048e-03,1.702471439724162136e-02,1.944569171131409896e-02,3.303114267010313909e-02
-4.667821883655364629e-02,1.305522010350058590e-02,-4.310516495611205895e-02,-1.116979810054419438e-02,1.429195392519804104e-02,-2.517978333351255857e-02,-4.581029407022334590e-03,1.472122718310859245e-02,1.607785876048866552e-02,4.013665781014892631e-02
-4.624467000265475303e-02,1.285797839791468812e-02,-4.259261387277299415e-02,-1.067882462255916043e-02,1.649715812620021829e-02,-2.656003095219231988e-02,-1.879781968182308704e-03,1.525825314020520275e-02,1.460991827516126829e-02,3.493780145581686092e-02
-4.586859487006272884e-02,1.389247497335447008e-02,-4.315549824128961376e-02,-6.106566090513585246e-03,1.543366396879231918e-02,-2.605656657864260581e-02,-3.944235474166385771e-03,1.405525530991362342e-02,1.359814640083046276e-02,4.111815548790222208e-02
-4.543049473392968968e-02,1.366761129121802677e-02,-4.244642938724071946e-02,-5.823061335582208758e-03,1.669363758875069825e-02,-2.621610323378611648e-02,-1.439657328694245869e-03,1.481976010123501990e-02,1.302078074140262248e-02,3.595671414350378597e-02
-4.505397967628124029e-02,1.468946479062778129e-02,-4.311249402727333757e-02,-1.412940629408142258e-03,1.575166149031742915e-02,-2.659287087045362694e-02,-3.297172948588276194e-03,1.323860120174055917e-02,1.144685395241226873e-02,4.188497794198086516e-02
-4.461377781049919583e-02,1.444898072816806073e-02,-4.245332344594781454e-02,-1.335063274065319099e-03,1.684574635141916979e-02,-2.711285184395797326e-02,-7.755629466504522940e-04,1.382607162749533748e-02,1.091648409350613226e-02,3.685272716298581414e-02
-4.423401097408030669e-02,1.542609837555988621e-02,-4.297267903029334396e-02,3.014117563417915806e-03,1.534118682444563474e-02,-2.642423897444057257e-02,-3.749825913322172265e-03,1.234387704939570937e-02,9.579385681707722547e-03,4.192811154898709591e-02
-4.380681651105197000e-02,1.517392336970421925e-02,-4.209203583377967711e-02,3.326406865076281943e-03,1.693651828322269640e-02,-2.532815394009636789e-02,4.072483042490996838e-03,1.456439091753944370e-02,9.867136154450560290e-03,3.926744721835925128e-02
-4.342253998749445731e-02,1.618406256385103090e-02,-4.173697895999194801e-02,9.532062321944650626e-03,1.800553800511228361e-02,-2.149848721965529411e-02,-2.461553294216698752e-03,1.395700597609051720e-02,1.116455643442856686e-02,4.255880174425463042e-02
-4.256315242938436827e-02,1.652749281396773476e-02,-4.905841378339940995e-02,-2.607465063078514417e-02,-3.770637899573409807e-02,-8.485124252165905656e-02,2.255965280732057446e-02,-5.097365589025271843e-02,-1.879596495505786100e-02,1.753375647364232431e-02
-4.227631270583124407e-02,2.090882024786259313e-02,-5.063533196559179272e-02,-1.139394884489320281e-03,-3.702382730409687489e-02,-9.683374906172424745e-02,-6.770247350322278201e-02,-5.106367312912596379e-02,-3.793600150872018101e-02,1.512175599847281546e-02
-4.192342917894058274e-02,2.170394636082496193e-02,-5.040090876205251952e-02,9.577743454115788049e-03,-3.293794428933698865e-02,-9.476703096741553867e-02,-8.138047000700041056e-02,-5.851399858761547473e-02,-3.994828297767629571e-02,4.406217744818063942e-02
-4.178195430114688136e-02,2.463450418180718540e-02,-4.811778560205713651e-02,2.015662993958967225e-02,-3.941527566131093618e-02,-5.992401976928071056e-02,-5.860148535743084364e-02,-3.397491568259079775e-02,-1.829179634619250774e-02,8.058946498373931178e-02
-4.141857874669779838e-02,1.711714165607305591e-02,-3.947382941547013940e-02,2.373007673307860402e-02,3.157416992267752381e-02,-1.093668946719653957e-02,-2.637273782885508249e-04,2.280577704796338603e-02,1.297393554368474894e-02,3.909459295475507107e-02
-4.103246233919050773e-02,1.818516879289636817e-02,-4.057034907491664094e-02,2.595553209623213675e-02,2.625086836251792552e-02,-1.368024149071395829e-02,1.434361954186644185e-04,1.896694551196029602e-02,9.614909876936026875e-03,4.570666833504803683e-02
-4.058781728196760724e-02,1.777385463836118201e-02,-3.992938256230450095e-02,2.616661327633122702e-02,2.839015001326296653e-02,-1.294873156206969786e-02,-3.134817673804540187e-03,1.976571563649558508e-02,9.974082580749363963e-03,3.939146745599173688e-02
-4.019926872168166909e-02,1.865153792959986512e-02,-3.995428998009471072e-02,3.030856807775568137e-02,2.753989556339555764e-02,-1.159519649531931540e-02,-4.625443408888972076e-03,1.842693080659845578e-02,9.899121674871282431e-03,4.324661195106297568e-02
-3.976560652315616617e-02,1.826008082502800570e-02,-3.938024802061192847e-02,3.027070827643906295e-02,2.940151713666765490e-02,-1.116416734659003186e-02,-2.107967455207084354e-03,1.989918785058954892e-02,9.982406627674076868e-03,3.942428523749932912e-02
-3.937245685789999422e-02,1.910664472931586019e-02,-3.944094712202207698e-02,3.410099284934506314e-02,2.792735138758749985e-02,-1.020629628011792377e-02,-4.311226589128512067e-03,1.811358292526737968e-02,9.374726949562905629e-03,4.264780798302515719e-02
-3.893623670968156258e-02,1.870296133274834335e-02,-3.893262915555553705e-02,3.372180612095682789e-02,2.923122026453812278e-02,-1.009321356164685941e-02,-1.744011367673426165e-03,1.931479565882152430e-02,9.485513950948645454e-03,3.885422668974503058e-02
-3.853839435026507748e-02,1.953672167174519067e-02,-3.896887301735044162e-02,3.715109466436307406e-02,2.701561177796678662e-02,-9.482939800203009015e-03,-3.754547148009109315e-03,1.723501659826942589e-02,8.693527791361607693e-03,4.180546729993449978e-02
-3.810081756093411376e-02,1.911543815488057907e-02,-3.853819318886820416e-02,3.652239904818731925e-02,2.794884317265966880e-02,-9.688861535563569188e-03,-1.065069081162617727e-03,1.816232456687134553e-02,8.723748635463350262e-03,3.813159676992685515e-02
-3.770232904376460970e-02,1.992261560888787184e-02,-3.849180989047713830e-02,3.996618991396070492e-02,2.605212409972873858e-02,-8.921641926506124545e-03,-3.136145592621487812e-03,1.626832983376173478e-02,7.996099566702852615e-03,4.079740053275263817e-02
-3.726653251698453656e-02,1.947125934866750924e-02,-3.807902098170161398e-02,3.943159447428812303e-02,2.743777858232737329e-02,-8.948015631684494778e-03,-5.322297727422222640e-04,1.731422682098743976e-02,8.178713874936063485e-03,3.726967475298188781e-02
-3.686580626612004363e-02,2.025819881357147911e-02,-3.798241520878308658e-02,4.271290604584027789e-02,2.544309998378469981e-02,-8.285894215092714718e-03,-2.561497313837682657e-03,1.540457876719385048e-02,7.393489115128664031e-03,3.963374525762093648e-02
-3.642877895046946202e-02,1.978884832097938321e-02,-3.764039276631194614e-02,4.194004739275739024e-02,2.647960835888327549e-02,-8.589149762055771700e-03,1.590938677433665987e-04,1.619870549164348361e-02,7.496812656101783413e-03,3.626936130308332229e-02
-3.602443341230510826e-02,2.056075846174278132e-02,-3.751777972248375448e-02,4.490836006927766133e-02,2.401662133102451524e-02,-8.230527395835070953e-03,-1.742149559048395812e-03,1.410806781874611622e-02,6.563221377833558870e-03,3.833435998733723121e-02
-3.558683202171299825e-02,2.007098369250434264e-02,-3.722946668748506466e-02,4.396903767145392966e-02,2.487469034080729696e-02,-8.683488167756693576e-03,1.046040421820131593e-03,1.474460283081252716e-02,6.643672444072223210e-03,3.513113653834953887e-02
-3.518096825162481123e-02,2.082054528196332702e-02,-3.705713652559787519e-02,4.684074355553103503e-02,2.248981751622914846e-02,-8.398142671942374071e-03,-8.466515967905560150e-04,1.269558299363579210e-02,5.670722599519432798e-03,3.691915389912716478e-02
-3.474328289503873096e-02,2.030988793208806514e-02,-3.682784900106619158e-02,4.577312730117624739e-02,2.330697534870944387e-02,-9.031163243365055576e-03,2.001827763416751983e-03,1.319607703335786385e-02,5.697765267369485527e-03,3.388226449466998080e-02
-3.433457298911012090e-02,2.104219365932019983e-02,-3.662845196222901112e-02,4.840250772807318247e-02,2.063298104906815394e-02,-9.005201466502771313e-03,1.993158579003693814e-04,1.102900651160439519e-02,4.599450111093800544e-03,3.540974724018276787e-02
-3.389805245520962490e-02,2.050486556610076408e-02,-3.641494458458766764e-02,4.735772979528374976e-02,2.173634185902609608e-02,-9.494628129293114158e-03,2.995472373959184257e-03,1.160364397285879902e-02,4.735436311957484136e-03,3.251951153213732820e-02
-3.349015249108306530e-02,2.120533859779663577e-02,-3.611627474517072056e-02,5.014611960517541267e-02,1.971588512548298408e-02,-9.122609028922749885e-03,1.027937849987716748e-03,9.787925931528771925e-03,3.813803641999129364e-03,3.379810077115778799e-02
-3.305425137649463385e-02,2.064371585644884932e-02,-3.592526866772298433e-02,4.906585534372492202e-02,2.096617091795207818e-02,-9.536866596005017654e-03,3.805030160923122094e-03,1.037658479515024892e-02,4.020705681212758363e-03,3.104882787076993986e-02
-3.264424482188725551e-02,2.132420005537975088e-02,-3.558446751407314673e-02,5.168746805990571264e-02,1.881244919031710774e-02,-9.288073220542186065e-03,1.868396306907300171e-03,8.540874343901395591e-03,3.047515784438696931e-03,3.209864271387081330e-02
-3.220851882275403699e-02,2.074035780524756747e-02,-3.542208927767168114e-02,5.052425363202761588e-02,2.009684720024808302e-02,-9.687825187645065020e-03,4.654302200118635990e-03,9.091973838614285375e-03,3.290757756118296504e-03,2.948744484319426248e-02
-3.179720777106691265e-02,2.139809891711695264e-02,-3.502708121057137441e-02,5.306026621378979319e-02,1.800234823099530410e-02,-9.451412914099333734e-03,2.696065009784092033e-03,7.330367211924725124e-03,2.321645700087453506e-03,3.032420164526134290e-02
-3.136159526890731214e-02,2.079262496593815845e-02,-3.489222524715461515e-02,5.180927777906136483e-02,1.930791340346990972e-02,-9.836322003854135534e-03,5.492414124597677812e-03,7.839645504865750889e-03,2.596785358679905981e-03,2.784977434489505424e-02
-3.094868570424763252e-02,2.142918488676754177e-02,-3.445093696172732423e-02,5.422077689333696521e-02,1.717664776921773093e-02,-9.670142874012372519e-03,3.533031766003699552e-03,6.110587259475220613e-03,1.605038456033655320e-03,2.848832420020754735e-02
-3.051308870930650313e-02,2.080285456528109186e-02,-3.434344923166883501e-02,5.287326628822527907e-02,1.847974228269127703e-02,-1.004707436983041935e-02,6.343883853780880877e-03,6.568023935123367719e-03,1.904193309574819760e-03,2.615079413155926152e-02
-3.009877168038854744e-02,2.141793430039565585e-02,-3.385507702120163498e-02,5.517412183289552990e-02,1.634372229123250836e-02,-9.935463939669300984e-03,4.371994610185669927e-03,4.889747430000497726e-03,8.988061496239641924e-04,2.660497581833096842e-02
-2.966323433387993078e-02,2.077103127641535124e-02,-3.377275682152978964e-02,5.373662775795547825e-02,1.765764031386143906e-02,-1.029309027903939008e-02,7.192726357234608195e-03,5.301394264303496695e-03,1.222910537584964838e-03,2.440551437929256579e-02
-2.924763244850096117e-02,2.136462422660385593e-02,-3.323768507067777905e-02,5.593327767259499012e-02,1.553079263630979118e-02,-1.023048932175356363e-02,5.201562680794099766e-03,3.683575073675159853e-03,2.080725291260814469e-04,2.468853927081477231e-02
-2.881199822887099693e-02,2.069822138079131790e-02,-3.318187327360765798e-02,5.439051988385458503e-02,1.681504645410274862e-02,-1.058719359539653931e-02,8.040457111217686956e-03,4.030863404532715466e-03,5.438246460749512857e-04,2.262860604721826652e-02
-2.839464353030620586e-02,2.127266529747110294e-02,-3.261127019151242867e-02,5.642501250799040330e-02,1.455564352418391855e-02,-1.065880507270233236e-02,6.062473702112615090e-03,2.409626829232428599e-03,-5.205205204697697235e-04,2.275401513934175585e-02
-2.795856954918041898e-02,2.058862763849646227e-02,-3.258744382924599198e-02,5.474072278122150276e-02,1.572045216610204466e-02,-1.106670370430571163e-02,8.941314076609968922e-03,2.649064422450140861e-03,-2.030638715159738803e-04,2.083555867958428176e-02
-2.754007863190420860e-02,2.114206032389795084e-02,-3.197284772680780013e-02,5.667366226692763242e-02,1.347241572595390957e-02,-1.119207203039553934e-02,6.937354560545876819e-03,1.094236294789803412e-03,-1.276328539394222831e-03,2.081610775396436699e-02
-2.710407813948799080e-02,2.043885153146404732e-02,-3.196999597368517521e-02,5.490581057622345024e-02,1.465282553138180614e-02,-1.156578374690117247e-02,9.819794690583442606e-03,1.291020399637119332e-03,-9.391484833781531521e-04,1.903960141095557140e-02
-2.668430946644694338e-02,2.097232389871360458e-02,-3.131550655145846906e-02,5.671626712692302841e-02,1.235983586602877431e-02,-1.177225767794962477e-02,7.799080291678182376e-03,-2.185990047565096516e-04,-2.032609962925559493e-03,1.888771747491115732e-02
-2.624818650304342610e-02,2.025115508704412176e-02,-3.133511709635092291e-02,5.484559090411351284e-02,1.350336086779951178e-02,-1.213228937735046781e-02,1.069504551814886087e-02,-8.572291830941519426e-05,-1.688983126300817698e-03,1.725326947410363645e-02
-2.582750609692440608e-02,2.076373982141423505e-02,-3.063523181837602555e-02,5.656858480347432688e-02,1.124241854011961972e-02,-1.236671936431402163e-02,8.632685738975100914e-03,-1.507800504829735636e-03,-2.774286773871660703e-03,1.698089647235131311e-02
-2.539159545711735730e-02,2.002415254634907701e-02,-3.067508600800578078e-02,5.462875976554481400e-02,1.243825079759361407e-02,-1.269277599783469150e-02,1.152638290291614805e-02,-1.410248073524324013e-03,-2.420516093281682452e-03,1.549198507106443017e-02
-2.497024033360450285e-02,2.051613941977900937e-02,-2.993677606460146828e-02,5.627710258690884343e-02,1.025624721734942277e-02,-1.299081421195177194e-02,9.422196380961211232e-03,-2.746364837779655815e-03,-3.518329741599662483e-03,1.511752902391512270e-02
-2.453461209316478570e-02,1.975835924854182912e-02,-2.999416968080278675e-02,5.427698294626217418e-02,1.152093076702052910e-02,-1.326747424153789344e-02,1.230728422010179263e-02,-2.674188865962386953e-03,-3.150413864138017130e-03,1.377293153794938857e-02
-2.411264797399427159e-02,2.022957253309884060e-02,-2.921021981945249799e-02,5.585917349542650345e-02,9.412571491462202317e-03,-1.357304058769277615e-02,1.014536547515224735e-02,-3.900613193467367817e-03,-4.227102351552425134e-03,1.330295714712210510e-02
-2.367722416615693215e-02,1.945420498709672305e-02,-2.928229143575570084e-02,5.379410800486132682e-02,1.072289227646890282e-02,-1.378738016840443462e-02,1.302037923887252799e-02,-3.853611079080219645e-03,-3.839679770897379708e-03,1.210002304634691384e-02
-2.325481677296562313e-02,1.990458297362943108e-02,-2.845100533187111883e-02,5.532408042072089333e-02,8.712827790088067265e-03,-1.407840934118135753e-02,1.078956923952346589e-02,-4.953753986923203727e-03,-4.881616473065081979e-03,1.154630706606290039e-02
-2.281945690083261175e-02,1.911269594622548237e-02,-2.853922363032181803e-02,5.317970521351246538e-02,1.002943101178906983e-02,-1.424913085524338527e-02,1.366246790971082509e-02,-4.948305277906243221e-03,-4.486555734710538645e-03,1.048379857836162846e-02
-2.240095306345734477e-02,1.952581103121889608e-02,-2.758211798082017482e-02,5.512887803175810231e-02,9.243677257163124619e-03,-1.385802069736515388e-02,1.107401606146703014e-02,-5.385891656527054365e-03,-5.164855700036572426e-03,9.854968558897040168e-03
-2.196966836484703575e-02,1.870215438741357900e-02,-2.761103192939996093e-02,5.334550327908560430e-02,1.162042240966692890e-02,-1.335828583664212463e-02,1.367561814224991720e-02,-4.920181831674082067e-03,-4.458097445920414584e-03,8.928314110805806933e-03
-2.155105206153913600e-02,1.909446370975749138e-02,-2.660438726060627285e-02,5.526953258969827254e-02,1.098170641904545712e-02,-1.291657448818213372e-02,1.099890910778534257e-02,-5.202482021369846457e-03,-5.079151424941789721e-03,8.238093785902081412e-03
-2.112267506953819166e-02,1.824422775874844430e-02,-2.659563570318256021e-02,5.371917961088547300e-02,1.410797618207634309e-02,-1.193269577707754651e-02,1.340777435139834002e-02,-4.424192546853980036e-03,-4.154761838239935667e-03,7.446433066395230158e-03
-2.070487973172572063e-02,1.861277415998031926e-02,-2.552453945166015953e-02,5.571568867059147057e-02,1.384325932212451642e-02,-1.130537544121810317e-02,1.058274691893918915e-02,-4.442024568881497611e-03,-4.650344643907767216e-03,6.704799310483934571e-03
-2.027275145858360023e-02,1.776275018180814569e-02,-2.560156231400117013e-02,5.366867995627905286e-02,1.596103358689327303e-02,-1.087821326378959896e-02,1.324416892056264061e-02,-4.184702127487740196e-03,-4.020149912462326822e-03,6.050617592474706770e-03
-1.983838465144698027e-02,1.817667522712601569e-02,-2.479107518308308611e-02,5.382762254450877693e-02,1.146952400935144153e-02,-1.278332339106731837e-02,1.143525442419729247e-02,-6.117703249321218562e-03,-5.717474367274721220e-03,5.279327993329674916e-03
-1.938805586647583332e-02,1.738428236315686659e-02,-2.522155866290093362e-02,4.970094118376143510e-02,8.767746141807319232e-03,-1.516460982250335959e-02,1.531468147416344822e-02,-8.187064030425017513e-03,-6.485299428014662700e-03,4.770022440017030255e-03
-1.895752489780872310e-02,1.776395659186514112e-02,-2.429413171223693269e-02,5.025498419913992237e-02,5.406172453296886893e-03,-1.642525627736106039e-02,1.315911862629357519e-02,-9.489792395738463199e-03,-7.826864782401786805e-03,3.963732266451977862e-03
-1.851990543744252982e-02,1.690816836051605224e-02,-2.450398980682663708e-02,4.743542384332626038e-02,6.022539708902862124e-03,-1.680279030886586145e-02,1.619146548710369629e-02,-1.002565439532203395e-02,-7.639968024355109529e-03,3.574979455653651359e-03
-1.809527991131852295e-02,1.724617879296034759e-02,-2.342345429649459604e-02,4.860734985019565801e-02,4.317347281008228864e-03,-1.710495563061401048e-02,1.355357616614251762e-02,-1.044613743348877556e-02,-8.469408251360065892e-03,2.740765538432254553e-03
-1.765828216355807070e-02,1.637516332303491293e-02,-2.363711279121538320e-02,4.577002597028858449e-02,5.061810770808501149e-03,-1.736644332728178725e-02,1.654757663174372811e-02,-1.096103702124228731e-02,-8.253219585176618106e-03,2.477959993024412329e-03
-1.723331875453171236e-02,1.669679502948973743e-02,-2.252135702979564044e-02,4.687204161524354679e-02,3.349244708351154561e-03,-1.768886536465976919e-02,1.384701535079971811e-02,-1.128502270387911517e-02,-9.046492564076273266e-03,1.627718948436534608e-03
-1.679609473093999356e-02,1.581449496794521542e-02,-2.275451837150919629e-02,4.392350891852377093e-02,3.991794170897362999e-03,-1.797082414666337571e-02,1.686045015022127197e-02,-1.188726363365183621e-02,-8.869410018541088250e-03,1.487755508797404059e-03
-1.637054812075404084e-02,1.612143353419590378e-02,-2.161006602073076502e-02,4.492521207220999402e-02,2.188237222843780316e-03,-1.835721422734012259e-02,1.411613261543939735e-02,-1.215088029826082161e-02,-9.644800233372901113e-03,6.285781865662340038e-04
-1.593310696519233474e-02,1.522843358967864227e-02,-2.186276885485084406e-02,4.186575887966155485e-02,2.724114761333134259e-03,-1.866389552433771887e-02,1.714992248611204445e-02,-1.284235059410962151e-02,-9.510102848456580479e-03,6.080027765331189049e-04
-1.550668574479748853e-02,1.552253395179397678e-02,-2.069685162121980351e-02,4.273191637392926429e-02,7.336793733229469852e-04,-1.916365045417210006e-02,1.438378342094005606e-02,-1.308673478758838604e-02,-1.028858729220342647e-02,-2.538028850957522444e-04
-1.506932310729709040e-02,1.461827139771229231e-02,-2.096349610283303189e-02,3.959330279529366808e-02,1.232620939918145512e-03,-1.945255121638451642e-02,1.741933800099192825e-02,-1.383288421653078651e-02,-1.017626179967724004e-02,-1.596401120557394801e-04
-1.464294299109984362e-02,1.489664295258785222e-02,-1.976096068903453878e-02,4.042102583089710738e-02,-7.228452639414356109e-04,-1.992654922393910163e-02,1.457292584179081633e-02,-1.394822465447177924e-02,-1.088649752308200498e-02,-1.019263611034192064e-03
-1.420603093888769299e-02,1.398027368378270026e-02,-2.003484988514240422e-02,3.724298711522917860e-02,-1.717966059658256332e-04,-2.014519175387731106e-02,1.758723811099808035e-02,-1.470592971642127079e-02,-1.077164592439439246e-02,-8.149869476405311158e-04
-1.377924608525749051e-02,1.424537750397513423e-02,-1.880590441705201968e-02,3.798017595365175969e-02,-2.229295265025739263e-03,-2.066617229269945497e-02,1.469325925285228790e-02,-1.475247864460181059e-02,-1.144584754352006260e-02,-1.667513302677301433e-03
-1.334191604571502258e-02,1.332092437350635740e-02,-1.910314809206771838e-02,3.466651156755316820e-02,-1.864914824618599818e-03,-2.095371446483994260e-02,1.774607468398446686e-02,-1.563314593364747984e-02,-1.139697808727393145e-02,-1.357611085512411926e-03
-1.291505347861037108e-02,1.357217961338135458e-02,-1.784366221456135798e-02,3.534578246339616092e-02,-3.958300650442450434e-03,-2.147321071667805323e-02,1.478583167527592994e-02,-1.557436336043009281e-02,-1.200823837841891867e-02,-2.199192746776874267e-03
-1.247853628395696225e-02,1.263551772175645384e-02,-1.814320750660522799e-02,3.202865122896037670e-02,-3.466694615414726323e-03,-2.165367985897393224e-02,1.779953397283750086e-02,-1.643208741756740573e-02,-1.194024930587750735e-02,-1.788870220160542705e-03
-1.205216554351574987e-02,1.287151631240275075e-02,-1.684664701028106004e-02,3.270750081525362202e-02,-5.465475632150766649e-03,-2.209873665778738436e-02,1.474155993020876895e-02,-1.620642526329916025e-02,-1.245052708253879988e-02,-2.615029627620905819e-03
-1.161659093351210398e-02,1.192271961856325967e-02,-1.714586040483903270e-02,2.939984205089393732e-02,-4.824793446805027836e-03,-2.215362746098403432e-02,1.770916505735077584e-02,-1.702752093554243951e-02,-1.235416976430158548e-02,-2.110476443606044712e-03
-1.119078218993954134e-02,1.214374678375328143e-02,-1.581104780115416206e-02,3.008415786744804074e-02,-6.732351513167043715e-03,-2.250123910141523659e-02,1.454926757590138849e-02,-1.662507340394574207e-02,-1.274806919203600938e-02,-2.920000171427829250e-03
-1.075595802736029234e-02,1.118413990499709035e-02,-1.611321891653485355e-02,2.676347257812174835e-02,-6.006651043992811134e-03,-2.246126553799058720e-02,1.748538199082581152e-02,-1.743586460186694054e-02,-1.263795252890041743e-02,-2.327853708801354803e-03
-1.033073871161366980e-02,1.139078103911060104e-02,-1.474197527346421573e-02,2.745259035562577429e-02,-7.837626944619346600e-03,-2.270848821193481928e-02,1.422590473228143790e-02,-1.685779614176180149e-02,-1.291107527788418197e-02,-3.118605801621231622e-03
-9.896877031425098739e-03,1.042013870484602596e-02,-1.504362688585432831e-02,2.413980903248841986e-02,-6.985512614929458193e-03,-2.254592430921396190e-02,1.711939818210381561e-02,-1.763605321555747688e-02,-1.277330179080111115e-02,-2.445663382920264771e-03
-9.472383875569291567e-03,1.061256632740805242e-02,-1.363618905084784845e-02,2.484451740589592450e-02,-8.726568261874938920e-03,-2.267418781765099048e-02,1.375617940581014276e-02,-1.687092066132489868e-02,-1.291416589422580107e-02,-3.216396459035349934e-03
-9.039510127936734724e-03,9.631410500141525388e-03,-1.393765508995277111e-02,2.153949625914260146e-02,-7.757355703240706619e-03,-2.239194930741572609e-02,1.660915255634801135e-02,-1.761853614447029051e-02,-1.274974985234074258e-02,-2.469480627729080981e-03
-8.615755418505281760e-03,9.810300419705620181e-03,-1.249705040247530395e-02,2.225640541458775989e-02,-9.428928887124363167e-03,-2.240301424535240393e-02,1.314713157586811301e-02,-1.667165913667286933e-02,-1.275742842423849624e-02,-3.219053765133555404e-03
-8.183931313004438532e-03,8.819002447975564027e-03,-1.279810401827953699e-02,1.896258636542669587e-02,-8.344134607777003651e-03,-2.199819437233010641e-02,1.595954095167765804e-02,-1.738582127632856689e-02,-1.256424242000823976e-02,-2.405653724482540150e-03
-7.761035667002307015e-03,8.984622115389886282e-03,-1.132575928926494307e-02,1.969952147460809697e-02,-9.939702635944432443e-03,-2.187724838306417952e-02,1.239723806808381429e-02,-1.625048802488269009e-02,-1.243054316271137438e-02,-3.134113827752913091e-03
-7.330310445312340425e-03,7.983602373875778660e-03,-1.162670379622398470e-02,1.641832294558420030e-02,-8.746224771725796474e-03,-2.134979592838547741e-02,1.517058258492016282e-02,-1.693027377220039306e-02,-1.220774478818072682e-02,-2.262051143871020732e-03
-6.908302472855379697e-03,8.136605063937450699e-03,-1.012636611203600670e-02,1.717222628204261373e-02,-1.028468381872697616e-02,-2.109741024393038331e-02,1.151373204314453183e-02,-1.561338197759862094e-02,-1.193336514766217722e-02,-2.970358958751238756e-03
-6.478781931459118466e-03,7.126049495445395399e-03,-1.042678859033301098e-02,1.391057675195238146e-02,-8.976969688677631856e-03,-2.043907406458799619e-02,1.424632024173549602e-02,-1.625035845043549393e-02,-1.167563081173207153e-02,-2.047640288051206462e-03
-6.057854601226072937e-03,7.266486478048683056e-03,-8.899946767606661119e-03,1.469534114008652637e-02,-1.043553390585992557e-02,-2.003175145084087894e-02,1.049102123018901683e-02,-1.474150496936891402e-02,-1.125131151476817075e-02,-2.737749530203906212e-03
-5.629721655275195073e-03,6.246264427868446038e-03,-9.198454325473120682e-03,1.146775688466359321e-02,-8.990780281660198936e-03,-1.922344170891625292e-02,1.317676817138481449e-02,-1.531720256585916880e-02,-1.094739052261480688e-02,-1.773141354658105615e-03
-5.210045494271998284e-03,6.374338723869303266e-03,-7.647966698731323634e-03,1.229329589182642964e-02,-1.035474356902258038e-02,-1.864324526129606738e-02,9.322476967443696014e-03,-1.361376135468058031e-02,-1.036943580423568649e-02,-2.448250415634126414e-03
-4.783450236761232002e-03,5.344435042579077227e-03,-7.944320486890248112e-03,9.110004266321101996e-03,-8.761878738812810263e-03,-1.767210673328511311e-02,1.195814842513912360e-02,-1.411215326339104910e-02,-1.001050356586615994e-02,-1.451091880768105857e-03
-4.365202037729411060e-03,5.460430464471628317e-03,-6.374289990173429357e-03,9.984563780321272994e-03,-1.001823218328148565e-02,-1.690378463081256347e-02,8.006736429308353165e-03,-1.221835754189797875e-02,-9.280680833518347578e-03,-2.115441088894223168e-03
-3.940308851377262965e-03,4.420746685747097698e-03,-6.668625592370187698e-03,6.856882743199445469e-03,-8.265002279565955914e-03,-1.575688123967988394e-02,1.058871722271584846e-02,-1.261887458299938529e-02,-8.856199890881053319e-03,-1.096422896859918471e-03
-3.523725245811705313e-03,4.524872033951865720e-03,-5.084040028280801919e-03,7.791687212753980497e-03,-9.390066120975031072e-03,-1.478118448859733029e-02,6.542179589031220897e-03,-1.054306583665865459e-02,-7.980428826219928759e-03,-1.755401845873623499e-03
-3.100831439948609734e-03,3.474740764253680773e-03,-5.374527299171551718e-03,4.745873728935207612e-03,-7.430755105699179269e-03,-1.342661597662755078e-02,9.057864550849214005e-03,-1.080268844091529512e-02,-7.468081031745531229e-03,-7.270056440512991320e-04
-2.686286939326437348e-03,3.566916238959019509e-03,-3.780685650636905672e-03,5.761428834409891737e-03,-8.372709545336268211e-03,-1.221140063895222345e-02,4.915374146761100800e-03,-8.554948574277489864e-03,-6.455534662950921342e-03,-1.386717380185884495e-03
-2.265610360446272589e-03,2.505890722306921507e-03,-4.067505953375029869e-03,2.816212575585772850e-03,-6.183066128707973182e-03,-1.063336271073377776e-02,7.356636257316576631e-03,-8.629721415850661118e-03,-5.835704350455796913e-03,-3.637520445674993319e-04
-1.853517712363104107e-03,2.586337592241604033e-03,-2.472860092963610670e-03,3.928449663896132170e-03,-6.891236800403407851e-03,-9.152377282940297662e-03,3.124844397193931710e-03,-6.246694226043018189e-03,-4.714502844686004925e-03,-1.032422071793026022e-03
-1.435419081638423513e-03,1.513244060972275800e-03,-2.753569283259463610e-03,1.120767879049661998e-03,-4.410431960090797909e-03,-7.320078569597568592e-03,5.471611800833935980e-03,-6.054105168715610656e-03,-3.946709413301973009e-03,-3.074351745685102955e-05
-1.026477503485609139e-03,1.581813328677293771e-03,-1.166669147200828953e-03,2.359901081408605737e-03,-4.785054675870814567e-03,-5.516608142364947190e-03,1.154071835298043627e-03,-3.590199260911508192e-03,-2.759077944018160054e-03,-7.211998858317313771e-04
-6.116941897984463569e-04,4.941708026643995121e-04,-1.425484749004799238e-03,-2.342372605229715095e-04,-1.882699219251194938e-03,-3.342983275455446972e-03,3.354566328037271190e-03,-2.965550858742564428e-03,-1.743177105919575245e-03,2.450001531477442071e-04
-2.055811634104278036e-04,5.629957567385661778e-04,2.524338445364294103e-05,8.299805710886584784e-04,-2.447646767919627996e-03,-1.947184637785100581e-03,-7.641983180128981371e-04,-1.027079410132330627e-03,-9.936787382607819435e-04,-4.171343734982986898e-04
-1.075963644285640557e-03,-8.554645352368762034e-04,6.099228218817099798e-04,-1.629590387574266072e-03,-1.057653443327509664e-03,-9.567467319587737206e-04,6.069265985953402158e-03,-4.100657499822468743e-03,-3.317846687069030739e-03,-9.879083192029932195e-03
-2.136705716679664861e-03,-2.029547816692222565e-03,4.749251346648037872e-05,-2.108602257540517343e-03,-2.404601325310922431e-03,-2.907760620393066899e-03,-1.517899469809565020e-03,-7.751794271986857734e-03,3.851971877836698338e-03,1.032815393606308953e-02
-4.256143343909332862e-03,-3.703438641718171526e-03,1.970828585526744267e-03,-4.280794859287933435e-03,-2.394925834693519603e-03,-3.104216620298899838e-03,8.605777166867953701e-03,-1.422028109252669419e-02,-2.608731740892434627e-03,-1.034855600847440528e-02
-5.352068222429364613e-03,-4.978245080856757987e-03,1.075469215443856236e-03,-4.936145813383988057e-03,-4.402961233248803459e-03,-5.714761155689355998e-03,1.952928668408002383e-03,-1.755964014230223039e-02,5.918195542213085421e-03,1.121349453071756111e-02
-7.441354491862959934e-03,-6.598254617596791861e-03,3.193981177382222876e-03,-7.078453537663085236e-03,-4.492340328028665911e-03,-5.688748182961532625e-03,1.092124371241429658e-02,-2.390827657707475865e-02,-1.615439827083785338e-03,-1.046271962249781251e-02
-8.564363935322840196e-03,-7.956252015918142267e-03,2.133211280306928151e-03,-7.601737834786866273e-03,-6.390466343434225531e-03,-8.295910830547491982e-03,4.732131976269723581e-03,-2.671822394253368232e-02,7.923269564931717870e-03,1.223056190296133161e-02
-1.062772912543783269e-02,-9.526530019204238961e-03,4.468617712612431986e-03,-9.633344167884262330e-03,-6.358674822184357846e-03,-8.042296896768712233e-03,1.278803383466979061e-02,-3.276066156849083422e-02,-2.155178102294003941e-04,-1.012505129350967092e-02
-1.177176019614447136e-02,-1.094946755425569608e-02,3.304331198398401202e-03,-1.006056795977384836e-02,-8.169797363234703944e-03,-1.060728495673806879e-02,6.978958725193152440e-03,-3.523778013711151291e-02,9.901590818330001029e-03,1.340096466142855040e-02
-1.381339882511849193e-02,-1.247680856975214546e-02,5.790331488769171094e-03,-1.200242583068633628e-02,-8.037045183829843314e-03,-1.018179193450150129e-02,1.431938197574865110e-02,-4.096242759399931765e-02,1.334282457815134980e-03,-9.392198243210423195e-03
-1.497406621340273934e-02,-1.395219363767148668e-02,4.565204672042896816e-03,-1.235270020306642944e-02,-9.772206984669641258e-03,-1.270218720886469484e-02,8.824154011068322326e-03,-4.319970708043251867e-02,1.178191101582029728e-02,1.477990320674765247e-02
-1.699701307621373503e-02,-1.544157842047293519e-02,7.160009468516767214e-03,-1.422116612679602543e-02,-9.551970568546078177e-03,-1.214153485598952475e-02,1.558995670285531245e-02,-4.862215860310118570e-02,2.887967555266229662e-03,-8.296175231777617315e-03
-1.817109468980742173e-02,-1.696048453722316662e-02,5.897058482100839445e-03,-1.450685601267597512e-02,-1.121731918250594255e-02,-1.462564085697962320e-02,1.036051898710972814e-02,-5.066843028895599843e-02,1.350227530378791431e-02,1.638806732890246698e-02
-2.017767696197138652e-02,-1.841607141781011550e-02,8.573438031672040924e-03,-1.631314805003506244e-02,-1.091543639816105853e-02,-1.395950049743199632e-02,1.665355063432177526e-02,-5.580707888666451566e-02,4.347876740705896442e-03,-6.851136572622831822e-03
-2.136268286747600859e-02,-1.997163397285319636e-02,7.287156556440915409e-03,-1.654243802218344217e-02,-1.251108071866054161e-02,-1.641701033952679481e-02,1.165417470278936815e-02,-5.769496121820838486e-02,1.501570100577007821e-02,1.823639651910174617e-02
-2.335476217120996748e-02,-2.139708909367141546e-02,1.002521002809009069e-02,-1.829358517240833523e-02,-1.212755055233393289e-02,-1.566982119942079629e-02,1.755093952297704513e-02,-6.256367211241622983e-02,5.642823975269655769e-03,-5.069074302267993423e-03
-2.454873203268692974e-02,-2.298395875915149739e-02,8.725366025649314294e-03,-1.847174356552054239e-02,-1.364878037474731576e-02,-1.810997752170658351e-02,1.275319026696203513e-02,-6.431674136229824368e-02,1.628572048276417938e-02,2.033363641598849580e-02
-2.652780824546165789e-02,-2.438246178808109108e-02,1.151042542485700669e-02,-2.017178259488092845e-02,-1.317924445267771444e-02,-1.730117792999543921e-02,1.831353564551834942e-02,-6.892593927818607691e-02,6.720201127247008369e-03,-2.961568180382070752e-03
-2.772919306129140518e-02,-2.599653015567780084e-02,1.020380124516592941e-02,-2.030203603169538490e-02,-1.461859532389931347e-02,-1.973029196215479730e-02,1.369333218777253093e-02,-7.056048933600270190e-02,1.728395630358307497e-02,2.268593123943522458e-02
-2.969647418292269136e-02,-2.737080173249748991e-02,1.302524033842749479e-02,-2.195279088223704364e-02,-1.405610150627249928e-02,-1.887380590847506298e-02,1.896551761472066444e-02,-7.491757986637202771e-02,7.542388373451380627e-03,-5.400560344042652653e-04
-3.090404735691052243e-02,-2.900898080727844566e-02,1.171670742135269561e-02,-2.203689779786497868e-02,-1.540433370459692516e-02,-2.129462693276186480e-02,1.450132788074649966e-02,-7.644427882074567027e-02,1.798977683152286691e-02,2.529675165384959179e-02
-3.286050947690057761e-02,-3.036135941289924353e-02,1.456688572123056996e-02,-2.363857764283476201e-02,-1.474018644039697817e-02,-2.039927376368489559e-02,1.952534945810017672e-02,-8.055406237773229949e-02,8.083237202047089190e-03,2.184187858082700141e-03
-3.407329314035353884e-02,-3.202137901696709699e-02,1.326023736344152278e-02,-2.367727013886234202e-02,-1.598691312384641072e-02,-2.281082874247297027e-02,1.519729569945694504e-02,-8.197925948143602870e-02,1.838889025261462515e-02,2.816623275257289227e-02
-3.601973360859316020e-02,-3.335391784203860233e-02,1.613371151066983131e-02,-2.522876808061137732e-02,-1.521123516902559217e-02,-2.188108959205288528e-02,2.000718472023900463e-02,-8.584384077005624558e-02,8.325594617528849634e-03,5.200187708943097148e-03
-3.723693971820269538e-02,-3.503414525620771047e-02,1.483204134856013455e-02,-2.522214158266973538e-02,-1.634475917497489605e-02,-2.427974054721489597e-02,1.579665234034774435e-02,-8.717097087853219184e-02,1.847236775694401784e-02,3.129101006983998901e-02
-3.917402393050849890e-02,-3.634871779247150769e-02,1.772490336264263139e-02,-2.672133010405204276e-02,-1.544688046158217663e-02,-2.331632756198193795e-02,2.042217694384445073e-02,-9.078948218996188424e-02,8.259654051034116123e-03,8.497877334189773979e-03
-4.039500177073596099e-02,-3.804801408509917576e-02,1.643123257129942838e-02,-2.666907684712731263e-02,-1.645471487728384155e-02,-2.569486221422181277e-02,1.631111705437193055e-02,-9.201999349020041630e-02,1.823597102287821334e-02,3.466412061837496200e-02
-4.232330119440474991e-02,-3.934642507583808319e-02,1.934064322314753628e-02,-2.811293068653594740e-02,-1.542325851388975412e-02,-2.469561910084536877e-02,2.077904672393709323e-02,-9.538825823869655218e-02,7.881542389592599562e-03,1.206795731882468782e-02
-4.354749517410301529e-02,-4.106399479160869476e-02,1.805798746182664741e-02,-2.801466444725698654e-02,-1.629177594527804820e-02,-2.704419488789941775e-02,1.675017585451531177e-02,-9.652292773146922689e-02,1.767923645668276547e-02,3.827445264928167751e-02
-4.546752364395446194e-02,-4.234810263656185042e-02,2.098177155841299962e-02,-2.939940689171157903e-02,-1.511452265364476855e-02,-2.600536571088725088e-02,2.108531610612275967e-02,-9.963311341092627449e-02,7.191454805903095895e-03,1.590149280074089344e-02
-4.669443533928072793e-02,-4.408337686457990817e-02,1.971334501600964170e-02,-2.925490596563835172e-02,-1.582887573492007885e-02,-2.831161976422880144e-02,1.712189640745740565e-02,-1.006728096703919384e-01,1.680411545082388658e-02,4.210649063547502319e-02
-4.860667707234993251e-02,-4.535520741077217477e-02,2.264978272474328647e-02,-3.057613741153403231e-02,-1.449272551315689862e-02,-2.722866360163615079e-02,2.134824245213882282e-02,-1.035131847552265283e-01,6.192737420628867048e-03,1.998966326085556064e-02
-4.983583466446974558e-02,-4.710774062018598107e-02,2.139901937874176541e-02,-3.038566950005940417e-02,-1.503678938887496701e-02,-2.947771667702608553e-02,1.743407602826127847e-02,-1.044594627464956460e-01,1.561473067076302873e-02,4.613967712582566633e-02
-5.174076777265915195e-02,-4.836960764890768649e-02,2.434665345298631448e-02,-3.163848403850716418e-02,-1.352763463491601925e-02,-2.834603790316470029e-02,2.157541939349242460e-02,-1.070137400595975313e-01,4.891604200506229592e-03,2.432381930778752810e-02
-5.297170442884459318e-02,-5.013902089522543487e-02,2.311729519543894232e-02,-3.140312734061984079e-02,-1.388406775181188872e-02,-3.052030873497325186e-02,1.769511132690070737e-02,-1.078692733140675097e-01,1.411710406945303371e-02,5.034799583275009066e-02
-5.486980951592636269e-02,-5.139361059176412311e-02,2.607482983747259897e-02,-3.258236214649874035e-02,-1.218647804077416762e-02,-2.933643576071754550e-02,2.177614099906867787e-02,-1.101167061458845076e-01,3.295423199430138651e-03,2.889303516562541016e-02
-5.610205946765554896e-02,-5.317959401238040590e-02,2.487069014156848695e-02,-3.230449361052473850e-02,-1.233631087642202834e-02,-3.141636618477811060e-02,1.791579377245249363e-02,-1.108857057473010554e-01,1.231739549863228485e-02,5.469835037245268650e-02
-5.799381372618148123e-02,-5.443002786429256695e-02,2.783661106661382625e-02,-3.340515898751785645e-02,-1.043365600666442024e-02,-3.017735715647403352e-02,2.196284342533248723e-02,-1.128011464716466988e-01,1.411379460210196923e-03,3.368029567599845064e-02
-5.922694079993933575e-02,-5.623249582942074082e-02,2.666114643911864437e-02,-3.308904397054279051e-02,-1.035654572464750692e-02,-3.213954422058941385e-02,1.811190769086187119e-02,-1.134897266330406745e-01,1.021733980381711419e-02,5.914534091340660493e-02
-6.111281434116416084e-02,-5.748240031718474669e-02,2.963029188060819705e-02,-3.410746986017106769e-02,-8.231255048953015074e-03,-3.084006172590660066e-02,2.215490104533136828e-02,-1.150456423649155180e-01,-7.665975931286008599e-04,3.864802654104574492e-02
-6.234647925898902793e-02,-5.930189875492399704e-02,2.847571499344454804e-02,-3.376225622283633016e-02,-7.909391857764401165e-03,-3.265180888697646194e-02,1.831381119220433507e-02,-1.156654835460213249e-01,7.771355612519766434e-03,6.361544996931663143e-02
-6.422680454940675465e-02,-6.055555136692703649e-02,3.140988723630896290e-02,-3.470097459461315981e-02,-5.550656461823939500e-03,-3.125953382045918577e-02,2.239714961266843843e-02,-1.168349142654601519e-01,-3.391209097021134246e-03,4.370639127998941775e-02
-6.545962362288068603e-02,-6.239357984560800485e-02,3.015860809670769388e-02,-3.433954850422901717e-02,-4.976791436392016647e-03,-3.279103441046224421e-02,1.860211272767705801e-02,-1.173366848587844291e-01,4.384750563839485277e-03,6.801353282409217105e-02
-6.732571140666504528e-02,-6.364795474970905143e-02,3.268724553205625688e-02,-3.518270255261043283e-02,-2.409317337338763056e-03,-3.100414385642895690e-02,2.279698404019666128e-02,-1.177389902936507443e-01,-8.490840036169653576e-03,4.913564932642085908e-02
-6.849454911901299570e-02,-6.542773786370301159e-02,3.011930210368873179e-02,-3.463702368685148830e-02,-1.704584606777266977e-03,-3.123866462686631165e-02,1.896865485669041104e-02,-1.159656467007724595e-01,-7.740851583471918332e-03,7.478955890483784952e-02
-7.001189025459542137e-02,-6.620737035032249473e-02,2.894409564175402100e-02,-3.451202891496783776e-02,7.053823757969626164e-04,-2.619075187586314413e-02,2.168870204693428699e-02,-1.071511847555303154e-01,-4.187133397917212202e-02,6.413290666263192497e-02
-6.982669948872170795e-02,-6.600509479020293113e-02,2.131847649726784089e-02,-3.198245743073342695e-02,1.001937579024067895e-03,-1.784156089147801924e-02,1.241456972848801500e-02,-8.747888246523702338e-02,-8.637219471551255134e-02,7.807656180242938948e-02
-6.947208406713850648e-02,-6.631946797037496788e-02,1.993642551142112487e-02,-3.278689210834766221e-02,4.432647627691348722e-04,-1.001867211359967758e-02,1.653978605687713571e-02,-8.501188585021209054e-02,-9.715930557461548156e-02,5.807078080892949523e-02
-6.973597666874407908e-02,-6.612982151978788470e-02,2.072122988349954509e-02,-3.085769429406179723e-02,6.986885398172030257e-04,-9.758655220874389719e-03,1.010652358490809859e-02,-7.532506972579727789e-02,-9.561018873784442318e-02,6.927995275263601482e-02
-6.947984686785187158e-02,-6.656275046090703862e-02,2.078143829510961660e-02,-3.157639941160448466e-02,1.466773547589573232e-04,-3.984581467599235434e-03,1.422190235889187436e-02,-7.520567385411157380e-02,-9.479844311798814316e-02,5.249763043453727768e-02
-6.974970344043468495e-02,-6.635758991357461334e-02,2.175538654382544110e-02,-2.952989347936338729e-02,5.188780259465529182e-04,-3.734480822793128426e-03,7.600091775672011656e-03,-6.581281659685378482e-02,-9.234027295593215390e-02,6.349045197922958961e-02
-6.949693305255023879e-02,-6.679129232064469346e-02,2.177052502781083587e-02,-3.009729725392291944e-02,8.622979053396615976e-05,2.010983068501849633e-03,1.167245998493079279e-02,-6.552027057099868435e-02,-9.130026923885643797e-02,4.760824227032820627e-02
-6.976611151410201661e-02,-6.657415395489685306e-02,2.280438127805644449e-02,-2.801467907990963166e-02,5.464321327617915934e-04,2.345939454185203780e-03,4.920884894514383941e-03,-5.628325733353811700e-02,-8.897126797464340042e-02,5.777486804406405108e-02
-6.951624925877607220e-02,-6.701629582239262972e-02,2.277112671078397252e-02,-2.838640030118257454e-02,4.485179634030293924e-04,8.181283050371829235e-03,8.976987309913985608e-03,-5.571447460445425742e-02,-8.779673769155385554e-02,4.288563989079566957e-02
-6.978713544541324809e-02,-6.680190426257309744e-02,2.389633342196184965e-02,-2.600265680832680032e-02,1.681291831884886186e-03,8.986136879413353373e-03,1.958658751300208084e-03,-4.625654203759577143e-02,-8.534474937327238275e-02,5.231480140916060229e-02
-6.954242855627379427e-02,-6.726226792318736047e-02,2.387411016760012869e-02,-2.597856651892942181e-02,2.452308640066043401e-03,1.524722060514083384e-02,5.858210856776424093e-03,-4.518251039194551982e-02,-8.390717575598380384e-02,3.806088063188165643e-02
-6.981421443846212715e-02,-6.704945460094001441e-02,2.507563703867590754e-02,-2.338608677358607404e-02,4.246981208265083498e-03,1.639880419235735520e-02,-1.328290532198978880e-03,-3.558452767485528745e-02,-8.140510459571292934e-02,4.683582951394174576e-02
-6.957217590179590183e-02,-6.751968428189550342e-02,2.501625511349013856e-02,-2.319989643797735340e-02,5.341301566030349016e-03,2.276468103233317275e-02,2.536799788604751985e-03,-3.425350478040332936e-02,-7.983550882334880527e-02,3.326669126212463551e-02
-6.984385763402849168e-02,-6.730527864129831617e-02,2.627368902367604661e-02,-2.051461322731118822e-02,7.421070475825504095e-03,2.409278837104597559e-02,-4.713159254399027637e-03,-2.463786816326858642e-02,-7.736250452859827487e-02,4.144744628331162306e-02
-6.960409465593694889e-02,-6.778348866632349923e-02,2.617530109044726924e-02,-2.022458080687667206e-02,8.715560662217443008e-03,3.049997074668020156e-02,-8.609244313440945562e-04,-2.312977139064823287e-02,-7.573791771906208947e-02,2.843805951555570047e-02
-6.987522453677638690e-02,-6.756621913622043452e-02,2.747940667454723540e-02,-1.749782227533430018e-02,1.095429316607901028e-02,3.192281659993520537e-02,-8.118272143440375191e-03,-1.354981715666790133e-02,-7.334911932965577919e-02,3.607805381241448173e-02
-6.963751826338182571e-02,-6.805224185504685219e-02,2.733722060743433088e-02,-1.710173827821610815e-02,1.246064669772958648e-02,3.837102262330717439e-02,-4.316547489019739205e-03,-1.185267946902689683e-02,-7.163347885391915804e-02,2.365923695381164787e-02
-6.990870506721660882e-02,-6.783394325213475129e-02,2.869777619158726464e-02,-1.429092985477481599e-02,1.495977310534805926e-02,3.995180668308460914e-02,-1.156445354436867051e-02,-2.269391332220984606e-03,-6.933281627961214444e-02,3.072656829497522751e-02
-6.967281211893595894e-02,-6.832726005128730851e-02,2.850601559893601797e-02,-1.379197416723021256e-02,1.667365245520157149e-02,4.643700305591600547e-02,-7.834983494371864851e-03,-3.807785729385972464e-04,-6.747072982894743165e-02,1.894471358002882203e-02
-6.994417248022963274e-02,-6.810842086744345325e-02,2.992003741640556630e-02,-1.088795172673335740e-02,1.944987317393385637e-02,4.818562905142727976e-02,-1.505199227258329636e-02,9.217208782902882452e-03,-6.527979860558057179e-02,2.547218368018516060e-02
-6.970851182386925138e-02,-6.860244268516048349e-02,2.965570488086567702e-02,-1.046726025593258495e-02,2.095010015027302941e-02,5.444581811245274156e-02,-1.130877849858036299e-02,1.107704673504798093e-02,-6.338340333652481284e-02,1.423845267551239815e-02
-6.997263667434716616e-02,-6.835354581531327689e-02,3.097527153665460831e-02,-8.297427416244413517e-03,2.200869532662788966e-02,5.518241223623208264e-02,-1.795615685523197988e-02,1.974690288625095824e-02,-6.190345637675045282e-02,2.025263909619582497e-02
-6.972755029118653247e-02,-6.881047049104778435e-02,3.046680778988898261e-02,-8.991562572655747293e-03,2.081355180329745938e-02,5.973540586975895073e-02,-1.359061792072968101e-02,2.038790530719286620e-02,-6.065728700103425325e-02,9.577368038215978291e-03
-6.998425257320281534e-02,-6.853102176197700679e-02,3.167925239704084961e-02,-7.592572465067676767e-03,2.005679950494410058e-02,5.941346336542589063e-02,-1.962039270243631089e-02,2.809197758560908614e-02,-5.999997242730317065e-02,1.512856429611141723e-02
-6.973714431474281605e-02,-6.898029440571609716e-02,3.107692142667658683e-02,-8.556545885815362504e-03,1.821191878229917044e-02,6.344707278178234044e-02,-1.517557991350120851e-02,2.846048583411828897e-02,-5.879941985117493469e-02,5.014610584880887720e-03
-6.999255240389823385e-02,-6.869378054273872491e-02,3.227213317630375777e-02,-7.302628852495302893e-03,1.713744954446109678e-02,6.295674998361287800e-02,-2.094085040799309461e-02,3.592133050312554254e-02,-5.853890161911592255e-02,1.007859450653533252e-02
-6.974507497044984961e-02,-6.914170470175953764e-02,3.161703269230968505e-02,-8.319002370131250990e-03,1.517826872088878093e-02,6.678282623607578739e-02,-1.656125774442599938e-02,3.624150113790374633e-02,-5.716591982827848306e-02,5.052416810681188090e-04
-7.000005186639608745e-02,-6.885078978897557489e-02,3.277815474633478249e-02,-7.193923501655727012e-03,1.381900449500854909e-02,6.616985651984326477e-02,-2.203091697655717648e-02,4.347433905074720578e-02,-5.739666308876831269e-02,5.053588248469075526e-03
-6.975170079164566550e-02,-6.929503681267638882e-02,3.205258677191894640e-02,-8.291458438032174583e-03,1.169875462113673277e-02,6.976415839962205045e-02,-1.770760516377793345e-02,4.366770445842924758e-02,-5.586263593240757552e-02,-4.010427523401522212e-03
-7.000821094525540300e-02,-6.900607045578557863e-02,3.312733142187484353e-02,-7.235254419515026875e-03,1.020761392785649209e-02,6.918280384589289844e-02,-2.287349363126585378e-02,5.070293882030008775e-02,-5.677654760272312501e-02,-6.833574620716082945e-05
-6.976060005057449498e-02,-6.944968967629831791e-02,3.223887634842500377e-02,-8.392631606335847205e-03,8.040023231532616305e-03,7.269645483043776779e-02,-1.857791776631585387e-02,5.065008357794908295e-02,-5.533193176606675950e-02,-8.918578633950425064e-03
-7.002332593103109681e-02,-6.917495428002611024e-02,3.294936334360328706e-02,-7.424558627891880355e-03,6.436110348487068290e-03,7.243593334218863256e-02,-2.330099920597095489e-02,5.728261998426120716e-02,-5.762338985527818563e-02,-6.031470343484763783e-03
-6.978455528898243332e-02,-6.963839588543611903e-02,3.140942454800326605e-02,-8.626678666744951388e-03,4.415573714758560392e-03,7.650004059917853150e-02,-1.883428849003502062e-02,5.662382099040783046e-02,-5.760802906400613876e-02,-1.578896616441836931e-02
-7.006706807077205112e-02,-6.942031214172419973e-02,3.068628439173512815e-02,-7.833969572301134957e-03,2.682863199458382711e-03,7.761144356522618748e-02,-2.276989125044067905e-02,6.238035823596952550e-02,-6.428774440959045267e-02,-1.558432975439045035e-02
-6.981110810575243131e-02,-6.985549156304037000e-02,2.801458171749496989e-02,-9.247839812813856905e-03,7.730337433651584742e-05,8.386137915689727274e-02,-1.799661112808903160e-02,6.152567413199568069e-02,-6.973453838588283826e-02,-2.772662813391522235e-02
-6.978828202546022430e-02,-6.887021158953471334e-02,3.637546082095467759e-02,-7.541846795291714048e-03,-2.749295618617030555e-03,8.700024220094272620e-02,-2.657446920685076902e-02,7.058997690615197163e-02,-6.411228821687087187e-02,-1.980187157752784019e-02
-6.827954463505726823e-02,-6.583074468172049609e-02,7.617540728460839294e-02,-4.300922031520802886e-03,-1.456877140890217547e-03,5.491170517027673531e-02,-4.512452540190248218e-02,7.974073235567473439e-02,3.568389595641908302e-02,3.595543227578999745e-02
-6.760796383286168942e-02,-6.381204722154219799e-02,8.293179558750639335e-02,-1.776607794401730250e-04,-9.919658420552344286e-03,5.820027249573300754e-02,-5.278310766203994642e-02,8.259161375903099900e-02,5.800985994060533363e-02,5.112252316984172706e-02
-6.701940352446353333e-02,-6.329104719108670507e-02,8.305760406038821542e-02,-9.053944026061428265e-05,-1.013637348149478909e-02,5.703702412472964889e-02,-4.647623083689239598e-02,8.303776193161888086e-02,5.627197607996221873e-02,3.989937887262643562e-02
-6.653052808486537018e-02,-6.167637985496724623e-02,8.070249446631291845e-02,3.821856397687126497e-03,-1.252017848385670977e-02,5.411214176943278387e-02,-4.812869616995981564e-02,8.031525164670262618e-02,5.462005121308317196e-02,4.652155893443252199e-02
-6.594658040710581204e-02,-6.111057479337771853e-02,7.993226106389238195e-02,3.923960671669622473e-03,-9.846287407073894132e-03,4.661860580441549995e-02,-4.085317112122500982e-02,7.853185884526132921e-02,5.002957201095183798e-02,3.675867040812880876e-02
-6.546607078866173435e-02,-5.949127792948154941e-02,7.671385543832585918e-02,7.832887842903696676e-03,-1.008322871466166108e-02,3.892124152717455626e-02,-4.148150957020349527e-02,7.436360522517287963e-02,4.523480824673364181e-02,4.408021175140489772e-02
-6.488460399506133791e-02,-5.893683840488316006e-02,7.578496330656689373e-02,8.231558044183448497e-03,-5.749845507316851678e-03,2.993476949866956741e-02,-3.433885233047676011e-02,7.229697963323364340e-02,4.026027800854829752e-02,3.481261341883185034e-02
-6.441059673235165206e-02,-5.735709002618045310e-02,7.254148800906178030e-02,1.270007590441030697e-02,-4.215056216947857259e-03,2.261111030183234755e-02,-3.506874092407216703e-02,6.857166665381358994e-02,3.522513163068561465e-02,4.196273476058630381e-02
-6.382788463698496617e-02,-5.683326085454362686e-02,7.179630432199304857e-02,1.325532482067876688e-02,3.433829946759986169e-04,1.457923059717890213e-02,-2.845942112157653914e-02,6.695175637036300531e-02,3.121486449403828786e-02,3.286638833679945970e-02
-6.335019101086639126e-02,-5.526558939294014955e-02,6.856347936627392448e-02,1.740211095039588540e-02,1.132897874897781073e-03,7.415040483629792810e-03,-2.896164904735666970e-02,6.296751215338444729e-02,2.599189980292778562e-02,3.968414309678081064e-02
-6.276016147842927717e-02,-5.477389405782567833e-02,6.821501097878324149e-02,1.767354640234232444e-02,4.023203371250934877e-03,1.722279107992589217e-03,-2.297311024054698655e-02,6.196148937520960798e-02,2.375666951100856294e-02,3.052687846865931656e-02
-6.227368826140031177e-02,-5.324689418113851685e-02,6.564928084660950902e-02,2.160273472729831723e-02,2.627442970870905604e-03,-1.050575478060208597e-03,-2.411086967873552964e-02,5.909663322870562646e-02,2.085173315474787500e-02,3.648787815805871332e-02
-6.167745512644532552e-02,-5.279781760496948806e-02,6.576573550597257511e-02,2.172348297524619512e-02,4.003269293093120358e-03,-3.811629763041210917e-03,-1.888662142277619874e-02,5.900257973087699032e-02,2.067517906280723003e-02,2.722490027820048675e-02
-6.118762960923498223e-02,-5.128519032007203271e-02,6.329684745452833494e-02,2.550348476414782475e-02,2.305689242344840031e-03,-6.039836949600296649e-03,-2.005769536135921377e-02,5.611368507676153805e-02,1.791185860535522353e-02,3.280700320199878700e-02
-6.059077563734621003e-02,-5.087473043874370104e-02,6.336964806161445030e-02,2.553471422660607421e-02,3.464719770200215890e-03,-8.875857054043151048e-03,-1.513446920924809910e-02,5.604843886458162755e-02,1.763217762886799822e-02,2.349763049130603257e-02
-6.010730510724380388e-02,-4.933932228313116231e-02,6.118383529197531784e-02,2.947445859464878706e-02,1.744200832558472471e-03,-9.745926025034424428e-03,-1.185209028012361616e-02,5.423199133619362872e-02,1.562966760293693635e-02,3.068320563842058882e-02
-5.948074587647727424e-02,-4.903896151223591932e-02,6.158522743017036394e-02,2.926654953730938036e-02,4.178580863872826019e-03,-1.100634950403100130e-02,-2.056945597361608397e-02,5.227443801297734782e-02,1.830201775072938866e-02,1.797172274626682165e-02
-5.892251518190253640e-02,-4.801483178166824489e-02,6.075718837239204445e-02,3.608587678589758596e-02,1.058987163128035508e-02,-2.994685121366180529e-03,-5.347659723858239761e-02,4.986448486052370149e-02,2.045502400912426605e-02,1.368854380935423691e-03
-5.694776508208965193e-02,-6.634928197505904346e-02,6.656877666018125306e-02,-4.648254424018654490e-02,4.331122117422921830e-02,-2.963974972993246859e-02,7.671171035783805672e-03,6.183836115767502029e-02,1.001475226362805691e-02,-3.230406881329838109e-01
-5.740607506864788684e-02,-3.273752653671893609e-02,4.622506359861013048e-02,5.750736856296308902e-02,-2.515164611516325019e-02,-5.052410183090681045e-02,-2.595630673124890153e-01,-3.426274003226372628e-02,-3.385302596123812569e-02,-9.461341436273119909e-02
-5.673311412203900506e-02,-3.356191065953376129e-02,4.773506774315603579e-02,5.199292807380053588e-02,-2.686907444983138715e-02,-4.617304301464512234e-02,-2.503641816923842800e-01,-3.066848706837150412e-02,-2.808961258675197678e-02,-1.138594713388177554e-01
-5.621009969635113596e-02,-4.499546109445352188e-02,5.699965127298595863e-02,3.432951115438920980e-02,2.215666268831680257e-03,-1.175828924816971037e-02,-1.215194655736321072e-01,2.438249777019796741e-02,4.012499539721784726e-03,-1.133662165912461550e-01
-5.612984107259234856e-02,-4.356425161347854402e-02,5.640183031426877075e-02,4.033915757597134055e-02,-6.487012959735555685e-04,-1.398331704705850845e-02,-4.067272469839718768e-02,4.445341961939167780e-02,1.564202986745642440e-02,-1.433576916977187185e-02
-5.575040238222131461e-02,-4.201804653396933042e-02,5.469589966937094677e-02,4.818097440811847099e-02,6.914806895177957706e-03,-1.007061188050457044e-02,-1.437958171949818391e-02,4.927758753559756399e-02,1.623833419060806763e-02,1.083180840264613698e-02
-5.518442840464375665e-02,-4.162944056229102296e-02,5.459039571587748912e-02,4.755880570917345868e-02,5.503062953686689920e-03,-1.293053816219612122e-02,4.222155048941579961e-03,5.314275503691404806e-02,1.552159795797666483e-02,7.955608677285268965e-03
-5.465692614906966784e-02,-4.026007065973385979e-02,5.260789472456667282e-02,5.033815145168109989e-02,2.083137712405446363e-03,-1.348212891153463371e-02,-1.080217399990520593e-03,4.780936109147395502e-02,1.305521547188124784e-02,8.756434100809670079e-03
-5.405460285776067519e-02,-3.995670789026700698e-02,5.260278970366336765e-02,4.889415739899113933e-02,6.987278745428108975e-04,-1.612847571650207271e-02,3.539929060986304367e-03,4.868322543036038980e-02,1.444233010739129526e-02,2.150853237779300035e-03
-5.353347641424006931e-02,-3.856017852841100296e-02,5.079586426006684613e-02,5.176538506639338788e-02,-2.438796149198114386e-03,-1.628940742011106280e-02,2.770523672932700878e-03,4.411799498342252462e-02,1.230675531788505417e-02,4.625534683186054326e-03
-5.293319335948306475e-02,-3.830304743815350632e-02,5.075171355544671331e-02,5.041032526758560534e-02,-3.637486289309115831e-03,-1.864416817915874255e-02,7.079974832783995572e-03,4.529493928753580700e-02,1.361723308381737260e-02,-1.970890241115482062e-03
-5.240802050945465862e-02,-3.691865947708140167e-02,4.902695561418858594e-02,5.308762386653503168e-02,-6.910719118908676371e-03,-1.870288194406222529e-02,6.288566120732414291e-03,4.058973358764466494e-02,1.151575774703375230e-02,1.669406774522768364e-04
-5.181085216864424886e-02,-3.670146204202024559e-02,4.899348355465946853e-02,5.198805589024348139e-02,-7.341311812102183781e-03,-2.059098940347516352e-02,1.026875804078615159e-02,4.223473510478259474e-02,1.315826065443918488e-02,-6.112700120237176543e-03
-5.128804159523304984e-02,-3.535327279502626513e-02,4.743840935416423349e-02,5.513906327289243986e-02,-9.120310914542640798e-03,-1.975036247289382180e-02,9.156276606027765816e-03,3.808524912582699623e-02,1.143344592581286082e-02,-4.310183549796106628e-03
-5.069195733450049951e-02,-3.516691352531694376e-02,4.736933824804880760e-02,5.405444777758363489e-02,-9.342516118973539715e-03,-2.153623926507562680e-02,1.297357588445184270e-02,3.992394616291330273e-02,1.321220703255786624e-02,-1.024459637469032208e-02
-5.016445789880868283e-02,-3.382729899834839571e-02,4.585249758624098532e-02,5.690334773938361679e-02,-1.148236414579055162e-02,-2.091771934646446951e-02,1.201161511580231718e-02,3.545542629662061518e-02,1.131832062666188535e-02,-8.767595688886414482e-03
-4.956835379129562180e-02,-3.366682786797956656e-02,4.572616391670340785e-02,5.570924623586490793e-02,-1.179206563991075894e-02,-2.276753216402884611e-02,1.574171819280433676e-02,3.734328693330515869e-02,1.314003665987485865e-02,-1.434796636884392955e-02
-4.903804349541360241e-02,-3.234355218144358002e-02,4.428402645348801514e-02,5.846076198781648831e-02,-1.380593055024257297e-02,-2.207658897000989648e-02,1.479512434035737574e-02,3.279919425796254395e-02,1.122806925043366363e-02,-1.318901776390034655e-02
-4.844314308879538178e-02,-3.221332366989652918e-02,4.412570703609444700e-02,5.729026084847876898e-02,-1.387973749524486558e-02,-2.377925671481152456e-02,1.836018304178320404e-02,3.489555931857023230e-02,1.318516693727639008e-02,-1.841584248092622417e-02
-4.791346680431668448e-02,-3.091945455926965389e-02,4.281192663449773922e-02,6.031054551438874006e-02,-1.487282626630924594e-02,-2.255128754071726582e-02,1.720454009882550414e-02,3.068000365150467396e-02,1.148163706623201580e-02,-1.755293653804238310e-02
-4.732258747427528500e-02,-3.082920608225359765e-02,4.266317833606157739e-02,5.946130445184785035e-02,-1.395598594008695160e-02,-2.374237459450068144e-02,2.044138353191017610e-02,3.330833742621004678e-02,1.373595043890294548e-02,-2.242428677522926433e-02
-4.679130612855934152e-02,-2.955595797802261851e-02,4.143501267559138862e-02,6.250006946218182591e-02,-1.454037238555809693e-02,-2.233378573229520894e-02,1.921837376690749971e-02,2.913954218821450740e-02,1.206875648754569298e-02,-2.183345872605830379e-02
-4.619821401044536813e-02,-2.948150720248998019e-02,4.119406614535154471e-02,6.129994284756456330e-02,-1.426833479404920023e-02,-2.389144940151024729e-02,2.252807112448471788e-02,3.155906415735836718e-02,1.418977104828844822e-02,-2.635966064567371245e-02
-4.566254090127855325e-02,-2.821812803429013528e-02,4.000287649215301944e-02,6.404913538357449865e-02,-1.520499639470448625e-02,-2.271439013499938070e-02,2.141070470405279438e-02,2.709913490954156401e-02,1.236047876590815400e-02,-2.601835453702927917e-02
-4.506970352286714110e-02,-2.816881178914944564e-02,3.971857748677403571e-02,6.277163054706606793e-02,-1.491606908217009420e-02,-2.423578387161010039e-02,2.462845679078741121e-02,2.962516959582633946e-02,1.453913438628788406e-02,-3.020838266709062470e-02
-4.453203623555074264e-02,-2.692445702501958596e-02,3.860585837781893570e-02,6.548509795413959278e-02,-1.559905616320325476e-02,-2.293685199827089072e-02,2.345436563495898602e-02,2.516815143780640543e-02,1.271995792179518060e-02,-3.009400667778604210e-02
-4.393977283544357043e-02,-2.690108912296763910e-02,3.828619382440239666e-02,6.416847067317457687e-02,-1.519777078353369559e-02,-2.436031124265168948e-02,2.655904661117671275e-02,2.784365360433916844e-02,1.498059152930413494e-02,-3.395310886431540665e-02
-4.339946711777391275e-02,-2.567289951015691227e-02,3.723681962256074340e-02,6.676600969473693581e-02,-1.582246240056607925e-02,-2.306076599241416517e-02,2.537041269710915356e-02,2.330416235886972193e-02,1.311103571341321224e-02,-3.404240260285479325e-02
-4.280755282382550653e-02,-2.567409049086756198e-02,3.687923804445433079e-02,6.538918836806162371e-02,-1.535736350750846815e-02,-2.441261913291096000e-02,2.837704835905920792e-02,2.610168696763321555e-02,1.543488511214540816e-02,-3.757355251786708566e-02
-4.226473558881894271e-02,-2.446221893137426329e-02,3.589261871210597254e-02,6.787498652845666558e-02,-1.591572458317418517e-02,-2.311182364942722736e-02,2.716488713158399584e-02,2.149197763346925513e-02,1.351394992164257208e-02,-3.784564505723624073e-02
-4.167324474383053701e-02,-2.448775353755728787e-02,3.550039050387822359e-02,6.645019251761685730e-02,-1.535784286098901621e-02,-2.437030751175407739e-02,3.006744822735514869e-02,2.442143770352082563e-02,1.590638586726093873e-02,-4.105067615530332698e-02
-4.112814083884981653e-02,-2.329271835797208992e-02,3.457785303272116473e-02,6.883921648121354986e-02,-1.581578621545148833e-02,-2.305128140633858069e-02,2.881653292440193234e-02,1.976642790273799508e-02,1.394101830027993753e-02,-4.148623732700274652e-02
-4.053705933943394651e-02,-2.334198559857364116e-02,3.415227234680748292e-02,6.736894548943539451e-02,-1.515979682419550320e-02,-2.421123318351938586e-02,3.161512037311949019e-02,2.282536383677298900e-02,1.639915484098081883e-02,-4.436590669319186164e-02
-3.998971102346098733e-02,-2.216354844784124839e-02,3.329165330645024456e-02,6.965619902840773647e-02,-1.553117380438966827e-02,-2.288564904517211007e-02,3.032284506188712495e-02,1.812694965174114006e-02,1.438218016871845896e-02,-4.494650121817735794e-02
-3.939903844266823968e-02,-2.223597828043526181e-02,3.283431545947681357e-02,6.814435653150784089e-02,-1.476933025485444549e-02,-2.393968797772787205e-02,3.301639792518716587e-02,2.131472780642314213e-02,1.690505082068009118e-02,-4.750095228825406551e-02
-3.884984944842868881e-02,-2.107529940582110115e-02,3.204024518868887894e-02,7.036485879196541227e-02,-1.497255910699528403e-02,-2.256182736353239821e-02,3.165607445496397554e-02,1.662001043160950611e-02,1.485744528919060760e-02,-4.820908139133737308e-02
-3.825974561188175832e-02,-2.117091658551707722e-02,3.155542505979154477e-02,6.883260180748909662e-02,-1.405521619114379929e-02,-2.348040061907504319e-02,3.423332192044672984e-02,1.995516918850575791e-02,1.745481916131323696e-02,-5.043822722698016597e-02
-3.770844493365266281e-02,-2.002645064781363726e-02,3.081980723029574890e-02,7.094756777694204153e-02,-1.418637373012325044e-02,-2.211054476793953075e-02,3.282383846036465713e-02,1.522598663836192794e-02,1.534544170675994357e-02,-5.125665532780324107e-02
-3.711847146233391431e-02,-2.014295535391682698e-02,3.030103181451814995e-02,6.935079025455906376e-02,-1.322190389947149568e-02,-2.295507161031279039e-02,3.531279798036925793e-02,1.865366212260637785e-02,1.798309814777070137e-02,-5.316053067916495095e-02
-3.655957593808727840e-02,-1.899264840058144735e-02,2.951955984523869925e-02,7.075122726290947184e-02,-1.475013533637841920e-02,-2.246130962634760100e-02,3.422079476549084315e-02,1.320181313349873785e-02,1.538595579487787510e-02,-5.406924212977620714e-02
-3.596738013896900316e-02,-1.912022569448733333e-02,2.892509181804153381e-02,6.883606429763512724e-02,-1.435188422611261179e-02,-2.358993319104398662e-02,3.677704147093471820e-02,1.642886932491797319e-02,1.788488029918628916e-02,-5.564717428255951115e-02
-3.540376358056941675e-02,-1.797491259041956307e-02,2.814928879107203921e-02,6.982966450396588254e-02,-1.654484366870873774e-02,-2.353361959129711412e-02,3.580971828537757307e-02,1.061154274352030767e-02,1.501394305643092252e-02,-5.663302624205000108e-02
-3.481185119935266414e-02,-1.812265868408594743e-02,2.752447365450793118e-02,6.787197353361083818e-02,-1.604549092446227315e-02,-2.456906481641906934e-02,3.826905238528455211e-02,1.394379469386997257e-02,1.755359815122285033e-02,-5.788597351484577741e-02
-3.424686123500132046e-02,-1.699454860725395366e-02,2.680784866693003074e-02,6.881309806659609285e-02,-1.804325331434705054e-02,-2.448383782545986501e-02,3.721324998447182730e-02,8.158470658173938225e-03,1.463241147613941057e-02,-5.893240623054228633e-02
-3.365514653210668894e-02,-1.716149533463268151e-02,2.615200483793019351e-02,6.680609466297771082e-02,-1.745989579247669149e-02,-2.543924935269596330e-02,3.958162123813729200e-02,1.158338120353035600e-02,1.720215989581301563e-02,-5.986213788118625173e-02
-3.308872726327544145e-02,-1.605012570537563826e-02,2.549622410063110203e-02,6.768579283563927462e-02,-1.930346174943847054e-02,-2.531184206675416923e-02,3.843414830393960396e-02,5.832370532931611951e-03,1.423907771365435712e-02,-6.095877524724807595e-02
-3.249717938214029267e-02,-1.623576232526468058e-02,2.481293250500889863e-02,6.563175926723678610e-02,-1.863964175302184473e-02,-2.616882573425321004e-02,4.070829830075817224e-02,9.354188263925618599e-03,1.684649424873594856e-02,-6.156873244086733671e-02
-3.192913033342287960e-02,-1.513978371597938036e-02,2.421236536343419898e-02,6.642239891692096332e-02,-2.040481161972172372e-02,-2.603877585624465862e-02,3.948261443246293273e-02,3.609851051390978137e-03,1.382232948339929234e-02,-6.270187214503454565e-02
-3.133667808757841650e-02,-1.533931423263418942e-02,2.348306606090128437e-02,6.420705723936831477e-02,-1.993788826845777420e-02,-2.696068959878443125e-02,4.173340313597619089e-02,7.095140986786279205e-03,1.638449838905349509e-02,-6.299377792341429028e-02
-3.076966101917602558e-02,-1.426855431166866930e-02,2.298459321946058967e-02,6.519419081553645690e-02,-2.094638575562873459e-02,-2.642644000370554525e-02,4.025350995320361308e-02,1.684970318457970542e-03,1.349542133715746738e-02,-6.415259237780673862e-02
-3.018049843704829691e-02,-1.449791964264780450e-02,2.228868954261294111e-02,6.328025228360392718e-02,-1.956735216187599144e-02,-2.675519338213992043e-02,4.219968340847025240e-02,5.658683734942365068e-03,1.633156055500327095e-02,-6.413256717243695504e-02
-2.961049297345943673e-02,-1.343593493333327012e-02,2.181574297868333484e-02,6.401822225025273483e-02,-2.090062264547642296e-02,-2.645187110209545195e-02,4.073548684733514780e-02,7.683500058204087717e-05,1.326717417205099982e-02,-6.530311670483961162e-02
-2.901791644031881737e-02,-1.366815111250938714e-02,2.102952930950488172e-02,6.167358836980407072e-02,-2.037173442148013103e-02,-2.723240602113430678e-02,4.282540091072455091e-02,3.700425960190180212e-03,1.586300595816481432e-02,-6.496974522557483200e-02
-2.844448956213147667e-02,-1.261255405859352738e-02,2.057159749746789376e-02,6.210976454991554152e-02,-2.216534476848953245e-02,-2.724003136609106160e-02,4.140832878178736520e-02,-2.112327119046813421e-03,1.258426066057587167e-02,-6.614136236752420073e-02
-2.785046137509392811e-02,-1.285473977883031839e-02,1.973233335363177438e-02,5.955186110421364226e-02,-2.196669564419033785e-02,-2.816680129665494539e-02,4.351107625866663248e-02,1.405345852851075687e-03,1.508659730586730391e-02,-6.550007651108129270e-02
-2.727471485502236739e-02,-1.180918214056897279e-02,1.930777885111614744e-02,5.980226382812129510e-02,-2.395182090821160181e-02,-2.832407007680504823e-02,4.206991424575583227e-02,-4.505080961344405839e-03,1.167322725420667263e-02,-6.666481509209365441e-02
-2.668260088257838961e-02,-1.207401579554937161e-02,1.847916531739656962e-02,5.740268586163632669e-02,-2.319441522816809501e-02,-2.886996945487339469e-02,4.396024862389433241e-02,-6.724483321718831763e-04,1.433778500413781902e-02,-6.572227663888742522e-02
-2.612073248990741739e-02,-1.110157959441117163e-02,1.838728507919596550e-02,5.923866618230871212e-02,-2.112430730221944580e-02,-2.665886184080840451e-02,4.141418767837411891e-02,-4.658979677165668749e-03,1.202326649751892657e-02,-6.688353492790564958e-02
-2.555239888261259806e-02,-1.147450565216945675e-02,1.797609045002269978e-02,5.939572171116393184e-02,-1.404617396435677706e-02,-2.341739832395525744e-02,4.163128920094081448e-02,2.219670670273408801e-03,1.651471912793260610e-02,-6.565969227739708314e-02
-2.496494534013386779e-02,-1.041917968682755206e-02,1.748167327378833888e-02,5.848905653629862117e-02,-1.833618715459778628e-02,-2.499904517774030610e-02,4.062122393914519014e-02,-4.778722423925950771e-03,1.228550533389502313e-02,-6.678269734484300335e-02
-2.435278669131096113e-02,-1.063356378061794914e-02,1.623268932344665988e-02,5.379657436705666262e-02,-2.274578836934144227e-02,-2.850792538031802353e-02,4.368476423045559998e-02,-3.303834837053667983e-03,1.344525944605428659e-02,-6.523485989215928316e-02
-2.376303372803709874e-02,-9.586295064740922578e-03,1.576675968648819093e-02,5.269605312742683956e-02,-2.728055441938071618e-02,-3.025974195573433514e-02,4.265683321565172381e-02,-1.040654431677703363e-02,9.075920110208707953e-03,-6.633081982759074513e-02
-2.315480552501436237e-02,-9.829472386791614918e-03,1.456761555873812598e-02,4.838920319223193045e-02,-3.059730540508518934e-02,-3.307739332921129372e-02,4.537561141465635411e-02,-8.369479778251654942e-03,1.054366413566825388e-02,-6.449808412002304425e-02
-2.256756172498258078e-02,-8.808477828431431414e-03,1.421787362661903510e-02,4.761914145182480351e-02,-3.412817905265998902e-02,-3.425738923444329731e-02,4.401151066003724383e-02,-1.497816639645906632e-02,6.399453028775835273e-03,-6.556618075078270158e-02
-2.196304004991868342e-02,-9.078965328513138172e-03,1.306472501552116000e-02,4.367504635776438271e-02,-3.641186066246881320e-02,-3.642132571079682163e-02,4.640195478282804764e-02,-1.240961312368342277e-02,8.155018909323357920e-03,-6.345443485031371234e-02
-2.137895669925256315e-02,-8.086117641804918543e-03,1.284207889467223716e-02,4.330480543100877905e-02,-3.878491724430655624e-02,-3.693297951273131347e-02,4.466093728374225663e-02,-1.844398144102395859e-02,4.286041274209454605e-03,-6.449228819926884626e-02
-2.077712835616060683e-02,-8.379347941189054308e-03,1.171658677160445326e-02,3.961422297584610980e-02,-4.030399997548075181e-02,-3.860210381593691398e-02,4.679193100323584403e-02,-1.547297778996818522e-02,6.250221344187695954e-03,-6.210699279412026236e-02
-2.019397921605369656e-02,-7.405205615337289576e-03,1.157864921062011672e-02,3.939853245448939750e-02,-4.212220772389931728e-02,-3.879641794996677162e-02,4.482561492306786494e-02,-2.121140201640578371e-02,2.488009578627159435e-03,-6.311147708041313364e-02
-1.959405990440615114e-02,-7.717489228419293149e-03,1.046632764421313519e-02,3.587677631302114284e-02,-4.308574917950364069e-02,-4.009625288393454945e-02,4.675146106684335834e-02,-1.793980531592364799e-02,4.597904327148567664e-03,-6.045861496140175068e-02
-1.901318493326897840e-02,-6.766641471178004921e-03,1.043700810232393167e-02,3.596145694426292755e-02,-4.401211077959518020e-02,-3.976854477723913706e-02,4.447335901663092977e-02,-2.321445857524057771e-02,1.046400223982134770e-03,-6.142987555897216206e-02
-1.841722355616524226e-02,-7.105452231228081769e-03,9.376087909696082315e-03,3.283426036469856008e-02,-4.388375148810275822e-02,-4.038187598367056624e-02,4.605892113436609037e-02,-1.939033463954268136e-02,3.455880275187693529e-03,-5.851810491560919397e-02
-1.783765656480679890e-02,-6.173432125748004422e-03,9.436797357674499634e-03,3.311305955427698566e-02,-4.418812603633461011e-02,-3.968512360607392986e-02,4.353645199024325230e-02,-2.432015738541183289e-02,4.457805328227133502e-05,-5.945615016520035961e-02
-1.724253877379988004e-02,-6.525856393335023424e-03,8.368477620257936192e-03,3.003914135101855287e-02,-4.379250846680083492e-02,-4.010644147255440495e-02,4.499356088124118608e-02,-2.034042429830569890e-02,2.509688180624220812e-03,-5.628991701340976123e-02
-1.666301120590854903e-02,-5.606939932257437066e-03,8.493947625188484271e-03,3.037219777358805828e-02,-4.382320318444481860e-02,-3.924860965846901917e-02,4.231631630698653307e-02,-2.508413546771963779e-02,-8.585796688916835177e-04,-5.719443742797680058e-02
-1.606886504868101917e-02,-5.972892173595886409e-03,7.420588589586864237e-03,2.736611485703453403e-02,-4.313227124613362023e-02,-3.945989440472468662e-02,4.363861448781852087e-02,-2.093870570657400954e-02,1.669378369751626243e-03,-5.378190452149570616e-02
-1.548959138292320056e-02,-5.067381359024583642e-03,7.615864324906475823e-03,2.777869612231372368e-02,-4.284737088772208602e-02,-3.839966124343931198e-02,4.079292299978424380e-02,-2.546111407283243450e-02,-1.628795652264949023e-03,-5.465624835968184436e-02
-1.489636740380318423e-02,-5.446086085490946076e-03,6.536648936442459971e-03,2.483533429348245072e-02,-4.188110189262646971e-02,-3.840874322555293263e-02,4.198585795627711448e-02,-2.116291784241855489e-02,9.563462223267605797e-04,-5.100594792465608374e-02
-1.431691495427877409e-02,-4.551690223131146969e-03,6.793828586361321496e-03,2.528137897248513080e-02,-4.140831200092177228e-02,-3.721284522673554140e-02,3.900296875874069424e-02,-2.551096960854435866e-02,-2.297092545965562834e-03,-5.185304337597589769e-02
-1.372426122084772701e-02,-4.941138559262839465e-03,5.701683102253334197e-03,2.236159442545845866e-02,-4.026722894250478468e-02,-3.707800835542283263e-02,4.009320584012792538e-02,-2.111370140481198462e-02,3.141013264780688160e-04,-4.797350733302111619e-02
-1.314454552948990558e-02,-4.056958856735552559e-03,6.019397953229087793e-03,2.283353753614278392e-02,-3.964245221206655345e-02,-3.575944054365864239e-02,3.698119005124746866e-02,-2.528875986329299011e-02,-2.892345894749460012e-03,-4.879694226750666552e-02
-1.255255547309696955e-02,-4.456864569296995447e-03,4.915171967077777530e-03,1.994629936252893462e-02,-3.831071268885371389e-02,-3.547065602359224246e-02,3.796624167047235598e-02,-2.079347863184429976e-02,-2.539689388874438974e-04,-4.469775427688514602e-02
-1.197263772479743860e-02,-3.582615857610618737e-03,5.294898810671669689e-03,2.045291559821803273e-02,-3.753181541937336552e-02,-3.401984325228542272e-02,3.472332702768172324e-02,-2.477586169305662916e-02,-3.398177025277327162e-03,-4.550114304505330221e-02
-1.138132983899020102e-02,-3.992360310431188920e-03,4.177802662018051914e-03,1.759838668276775958e-02,-3.601411802762518460e-02,-3.357898795690540672e-02,3.560605844291487437e-02,-2.019604506552617404e-02,-7.386878203534359222e-04,-4.119265310204899000e-02
-1.080120425678676374e-02,-3.127542643015993832e-03,4.619903663865370519e-03,1.814140987678994690e-02,-3.509765622968102905e-02,-3.199723173918886387e-02,3.223486718195824746e-02,-2.397090873760794605e-02,-3.808345673227145345e-03,-4.197962537352693119e-02
-1.021062886520724897e-02,-3.546589061168963723e-03,3.489600987960112411e-03,1.532252113497650087e-02,-3.339126027428272053e-02,-3.140074075436619788e-02,3.301665550380301212e-02,-1.932028626836476345e-02,-1.132989208045097037e-03,-3.747381380168841175e-02
-9.630393613867289579e-03,-2.691200335442522646e-03,3.996557661422013054e-03,1.591567423295379979e-02,-3.232724677677010355e-02,-2.967315114851144450e-02,2.951237582826087696e-02,-2.285429013035850110e-02,-4.104748189898236102e-03,-3.824774175582622282e-02
-9.040522886717992923e-03,-3.118644778139338831e-03,2.850961098528224588e-03,1.312585251869623042e-02,-3.045055177226623638e-02,-2.892935593017726542e-02,3.020017624658750260e-02,-1.816191013448943334e-02,-1.427209728381972388e-03,-3.355748504391022763e-02
-8.460002826217533078e-03,-2.271700668214670857e-03,3.420298760800231409e-03,1.375343169185835532e-02,-2.930273208002125845e-02,-2.708469898817066762e-02,2.657566849269244955e-02,-2.144882737790815633e-02,-4.294289317816437843e-03,-3.432068877286013897e-02
-7.870769644481577162e-03,-2.706387099125628914e-03,2.256142959579793272e-03,1.098013010380086661e-02,-2.728644527144001228e-02,-2.620848813059173041e-02,2.718048318256824358e-02,-1.675715321368898350e-02,-1.635683304231047878e-03,-2.946017566717410927e-02
-7.289953177163655332e-03,-1.867685399496814107e-03,2.888745998270230222e-03,1.164573345551574851e-02,-2.607592858786801984e-02,-2.425091798060981241e-02,2.343626276319405247e-02,-1.976002692312103445e-02,-4.373277815750208769e-03,-3.021465802278146609e-02
-6.701427796913041017e-03,-2.308857190774245456e-03,1.704399491815070111e-03,8.888300540273038133e-03,-2.391925680865630496e-02,-2.323708989686014068e-02,2.396244953765315835e-02,-1.510682878046758736e-02,-1.750620817493475298e-03,-2.519901316039960260e-02
-6.120333663602419046e-03,-1.478513855867758485e-03,2.402596564899959607e-03,9.601820423595329446e-03,-2.265736584818664121e-02,-2.116572309638107760e-02,2.009383137019769491e-02,-1.776907287865591226e-02,-4.322168515858088381e-03,-2.594672421988864289e-02
-5.532637473133098643e-03,-1.925404410975908170e-03,1.195476823970709158e-03,6.859500868504981620e-03,-2.035544650640159006e-02,-2.000506851894603977e-02,2.054730739368077277e-02,-1.320488807769946808e-02,-1.759476706344729937e-03,-2.079143701992208076e-02
-4.951215345168277771e-03,-1.103553264424366256e-03,1.962072262105856151e-03,7.628932868294505468e-03,-1.906551997118844863e-02,-1.782830895211542921e-02,1.654833862601408703e-02,-1.545409344397871351e-02,-4.119484844939551998e-03,-2.153522362130349740e-02
-4.364580854681024587e-03,-1.555494846755819255e-03,7.281525138713236707e-04,4.903219332076475152e-03,-1.660156360493646524e-02,-1.650207938968328847e-02,1.693610470917288405e-02,-1.104578166403254354e-02,-1.649681191180908625e-03,-1.625443089128006738e-02
-3.782854193279869531e-03,-7.430093478105296049e-04,1.570015533707197052e-03,5.753701895264417242e-03,-1.527650299442823503e-02,-1.421509883833818946e-02,1.278669631437018284e-02,-1.276239876086988564e-02,-3.725573685997702472e-03,-1.699799028965650119e-02
-3.197761685035481385e-03,-1.199767855102086382e-03,3.048122137356849208e-04,3.058345033340777262e-03,-1.259324259409490276e-02,-1.267589075232711943e-02,1.311264379738266705e-02,-8.593486156321439307e-03,-1.390241040708708716e-03,-1.160599249531202130e-02
-2.615722186534129735e-03,-3.981460544489235525e-04,1.231019713033495826e-03,4.023492656392138600e-03,-1.122333092753240689e-02,-1.028241593937504091e-02,8.781115181013061238e-03,-9.601055307335900485e-03,-3.077731151040086037e-03,-1.234996646239243032e-02
-2.032829718379697628e-03,-8.592231176225393089e-04,-7.528833168480783544e-05,1.368297256187036952e-03,-8.254314313500144690e-03,-8.466978654812690186e-03,9.060167747246130471e-03,-5.812980462260594963e-03,-9.562425910832692954e-04,-6.871419018038423324e-03
-1.450319927982810430e-03,-7.082524005667795966e-05,9.549138483027520960e-04,2.497564637095907574e-03,-6.823618958747035800e-03,-5.983353118959620215e-03,4.491587662578764434e-03,-5.834594019415781721e-03,-2.081527305533579456e-03,-7.603831317563862491e-03
-8.710355084651135848e-04,-5.365302533074406844e-04,-4.288942664086625766e-04,-1.060432954678362609e-04,-3.452407711187389146e-03,-3.798797513608264016e-03,4.753998269398223078e-03,-2.664412593064514716e-03,-3.451157123632756321e-04,-2.064777032106515642e-03
-2.843137817424712258e-04,2.518164594008191195e-04,6.641837213339448799e-04,9.555869282592347998e-04,-2.519725807459468649e-03,-2.087652872975828949e-03,1.239645307572267508e-04,-1.739479931137391305e-03,-1.028863517301930545e-03,-2.660207254482068167e-03
